player,nation,pos,team,age,league,playing time_min,performance_gls,performance_ast,performance_crdy,performance_crdr,performance_tklw,performance_int,performance_crs,standard_sot,performance_saves,performance_ga,performance_cs
Brenden Aaronson,us USA,"MF,FW",Leeds United,24,ENG-Premier League,2449,4,5,3,0,27,17,37,17,,,
Jerome Abbey,eng ENG,MF,Wolves,15,ENG-Premier League,17,0,0,0,0,0,1,0,0,,,
Zach Abbott,eng ENG,DF,Nottingham,19,ENG-Premier League,164,0,0,0,0,4,2,3,0,,,
Tammy Abraham,eng ENG,FW,Aston Villa,27,ENG-Premier League,286,2,0,0,0,1,0,1,3,,,
Joshua Acheampong,eng ENG,DF,Chelsea,19,ENG-Premier League,666,1,0,1,0,8,12,1,2,,,
Tyler Adams,us USA,MF,Bournemouth,26,ENG-Premier League,1772,2,2,8,0,24,30,3,6,,,
Tosin Adarabioyo,eng ENG,DF,Chelsea,27,ENG-Premier League,795,0,0,2,0,6,9,0,0,,,
Simon Adingra,ci CIV,"MF,FW",Sunderland,23,ENG-Premier League,653,1,0,2,0,8,2,27,2,,,
Amine Adli,ma MAR,MF,Bournemouth,25,ENG-Premier League,1094,3,1,2,0,17,6,39,9,,,
Emmanuel Agbadou,ci CIV,DF,Wolves,28,ENG-Premier League,1101,0,0,1,1,21,14,13,3,,,
Nayef Aguerd,ma MAR,DF,West Ham,29,ENG-Premier League,180,0,0,0,0,0,1,2,0,,,
Ola Aina,ng NGA,DF,Nottingham,28,ENG-Premier League,1588,0,0,3,0,21,26,39,1,,,
Rayan Aït-Nouri,dz ALG,DF,Manchester City,24,ENG-Premier League,974,0,2,2,0,21,13,22,2,,,
Kristoffer Ajer,no NOR,DF,Brentford,27,ENG-Premier League,1810,0,1,4,0,23,15,7,3,,,
Nathan Aké,nl NED,DF,Manchester City,30,ENG-Premier League,695,0,0,1,0,6,5,4,1,,,
Carlos Alcaraz,ar ARG,MF,Everton,22,ENG-Premier League,689,0,1,4,0,9,2,6,5,,,
Omar Alderete,py PAR,DF,Sunderland,28,ENG-Premier League,2798,1,1,6,0,18,36,11,9,,,
Alisson,br BRA,GK,Liverpool,32,ENG-Premier League,2340,0,0,1,0,0,0,0,0,57,31,8
Max Alleyne,eng ENG,DF,Manchester City,20,ENG-Premier League,135,0,0,0,0,3,3,0,1,,,
Jaydon Amauri Banel,nl NED,"FW,MF",Burnley,20,ENG-Premier League,10,0,0,0,0,0,0,0,0,,,
Zeki Amdouni,ch SUI,"FW,MF",Burnley,24,ENG-Premier League,73,0,0,0,0,0,0,0,1,,,
Ethan Ampadu,wls WAL,MF,Leeds United,24,ENG-Premier League,3119,1,1,10,0,46,50,25,6,,,
Joachim Andersen,dk DEN,DF,Fulham,29,ENG-Premier League,2875,0,1,7,1,26,34,15,4,,,
Elliot Anderson,eng ENG,MF,Nottingham,22,ENG-Premier League,3331,4,4,8,0,60,41,175,10,,,
André,br BRA,MF,Wolves,24,ENG-Premier League,2762,1,0,12,0,42,25,40,1,,,
Nilson Angulo,ec ECU,MF,Sunderland,22,ENG-Premier League,404,0,0,1,0,7,5,7,3,,,
Jaidon Anthony,eng ENG,MF,Burnley,25,ENG-Premier League,2722,8,2,4,0,21,16,80,23,,,
Alphonse Areola,fr FRA,GK,West Ham,32,ENG-Premier League,1800,0,1,0,0,0,1,0,0,76,37,0
Jhon Arias,co COL,"FW,MF",Wolves,27,ENG-Premier League,1124,1,0,1,0,27,7,30,3,,,
Adam Armstrong,eng ENG,"FW,MF",Wolves,28,ENG-Premier League,1140,2,2,3,0,4,1,5,6,,,
Harrison Armstrong,eng ENG,MF,Everton,18,ENG-Premier League,529,0,0,0,0,10,4,3,2,,,
Tolu Arokodare,ng NGA,FW,Wolves,24,ENG-Premier League,1419,3,1,1,0,4,5,0,16,,,
Kepa Arrizabalaga,es ESP,GK,Arsenal,30,ENG-Premier League,90,0,0,0,0,0,0,0,0,2,1,0
Taiwo Awoniyi,ng NGA,FW,Nottingham,27,ENG-Premier League,494,4,1,2,0,1,1,1,8,,,
Yasin Ayari,se SWE,MF,Brighton,21,ENG-Premier League,1929,3,3,1,0,25,26,24,10,,,
Benoît Badiashile,fr FRA,DF,Chelsea,24,ENG-Premier League,471,0,0,2,0,5,9,0,0,,,
Leon Bailey,jm JAM,MF,Aston Villa,27,ENG-Premier League,459,0,1,1,0,6,4,19,1,,,
Dilane Bakwa,fr FRA,MF,Nottingham,22,ENG-Premier League,553,0,2,1,0,3,0,38,3,,,
Carlos Baleba,cm CMR,MF,Brighton,21,ENG-Premier League,1652,0,0,5,0,21,28,0,2,,,
Daniel Ballard,nir NIR,DF,Sunderland,25,ENG-Premier League,2149,2,0,4,1,17,20,1,9,,,
Ross Barkley,eng ENG,MF,Aston Villa,31,ENG-Premier League,857,3,1,1,0,11,2,0,8,,,
Ashley Barnes,eng ENG,"FW,MF",Burnley,35,ENG-Premier League,46,0,0,2,0,0,0,0,1,,,
Harvey Barnes,eng ENG,"FW,MF",Newcastle,27,ENG-Premier League,1966,7,1,1,0,5,3,74,21,,,
Thierno Barry,fr FRA,FW,Everton,22,ENG-Premier League,1914,8,0,3,0,4,5,4,14,,,
Calvin Bassey,ng NGA,DF,Fulham,25,ENG-Premier League,2534,1,0,5,0,32,22,14,1,,,
Altay Bayındır,tr TUR,GK,Manchester Utd,27,ENG-Premier League,540,0,0,0,0,0,0,0,0,13,11,0
Jean-Ricner Bellegarde,ht HAI,"MF,FW",Wolves,27,ENG-Premier League,1248,1,1,5,0,15,9,25,7,,,
Walter Benítez,ar ARG,GK,Crystal Palace,32,ENG-Premier League,90,0,0,0,0,0,0,0,0,3,0,1
Rodrigo Bentancur,uy URU,MF,Tottenham,28,ENG-Premier League,1883,1,1,7,0,36,36,7,3,,,
Daniel Bentley,eng ENG,GK,Wolves,32,ENG-Premier League,270,0,0,0,0,0,0,0,0,7,7,0
Sander Berge,no NOR,MF,Fulham,27,ENG-Premier League,2905,0,1,5,0,41,26,13,3,,,
Lucas Bergvall,se SWE,MF,Tottenham,19,ENG-Premier League,965,1,3,2,0,14,3,19,5,,,
Beto,gw GNB,FW,Everton,27,ENG-Premier League,1568,9,1,3,0,5,1,2,17,,,
Jaka Bijol,si SVN,DF,Leeds United,26,ENG-Premier League,1890,1,2,4,0,13,22,1,6,,,
Yves Bissouma,ml MLI,MF,Tottenham,28,ENG-Premier League,603,0,0,4,0,11,8,1,2,,,
Marco Bizot,nl NED,GK,Aston Villa,34,ENG-Premier League,585,0,0,2,0,0,0,0,0,19,10,2
Oscar Bobb,no NOR,"MF,FW",Manchester City,22,ENG-Premier League,468,0,1,1,0,5,3,5,0,,,
Oscar Bobb,no NOR,MF,Fulham,22,ENG-Premier League,571,0,0,0,0,7,6,9,3,,,
Lamare Bogarde,nl NED,"MF,DF",Aston Villa,21,ENG-Premier League,1053,0,0,5,0,19,4,2,0,,,
Jayden Bogle,eng ENG,"MF,DF",Leeds United,25,ENG-Premier League,2793,1,2,6,0,43,30,67,4,,,
Sebastiaan Bornauw,be BEL,DF,Leeds United,26,ENG-Premier League,429,0,0,1,0,4,7,1,0,,,
Olivier Boscagli,fr FRA,DF,Brighton,27,ENG-Premier League,802,0,1,2,0,11,16,15,0,,,
Sven Botman,nl NED,DF,Newcastle,25,ENG-Premier League,1835,1,1,2,0,14,25,2,4,,,
Jarrod Bowen,eng ENG,"MF,FW",West Ham,28,ENG-Premier League,3403,9,11,4,0,28,27,148,28,,,
Conor Bradley,nir NIR,DF,Liverpool,22,ENG-Premier League,929,0,1,5,0,15,12,23,0,,,
Jarrad Branthwaite,eng ENG,DF,Everton,23,ENG-Premier League,680,1,0,1,0,6,11,3,2,,,
Brian Brobbey,nl NED,FW,Sunderland,23,ENG-Premier League,1927,7,1,6,0,2,0,2,18,,,
Armando Broja,al ALB,FW,Burnley,23,ENG-Premier League,860,1,1,0,0,3,3,3,6,,,
David Brooks,wls WAL,MF,Bournemouth,28,ENG-Premier League,1204,1,3,7,0,13,4,59,13,,,
Jacob Bruun Larsen,dk DEN,"MF,FW",Burnley,26,ENG-Premier League,1030,0,1,0,0,3,6,42,4,,,
Emi Buendía,ar ARG,MF,Aston Villa,28,ENG-Premier League,1755,6,2,6,0,27,13,10,13,,,
Hugo Bueno,es ESP,"MF,DF",Wolves,22,ENG-Premier League,2366,1,2,3,0,35,33,166,6,,,
Santiago Bueno,uy URU,DF,Wolves,26,ENG-Premier League,2553,3,1,4,0,30,27,6,7,,,
Facundo Buonanotte,ar ARG,MF,Chelsea,20,ENG-Premier League,45,0,0,0,0,0,0,0,0,,,
Facundo Buonanotte,ar ARG,MF,Leeds United,20,ENG-Premier League,39,0,0,1,0,0,1,2,0,,,
Dan Burn,eng ENG,DF,Newcastle,33,ENG-Premier League,2199,1,2,11,1,26,20,14,3,,,
Bradley Burrowes,eng ENG,MF,Aston Villa,17,ENG-Premier League,17,0,0,0,0,0,0,3,0,,,
Jun'ai Byfield,eng ENG,DF,Tottenham,16,ENG-Premier League,1,0,0,0,0,0,0,0,0,,,
Sam Byram,eng ENG,"DF,MF",Leeds United,31,ENG-Premier League,9,0,0,0,0,1,0,0,0,,,
Moisés Caicedo,ec ECU,MF,Chelsea,23,ENG-Premier League,2795,3,1,11,1,47,59,8,7,,,
Tom Cairney,sct SCO,MF,Fulham,34,ENG-Premier League,775,2,0,3,0,4,4,6,2,,,
Riccardo Calafiori,it ITA,DF,Arsenal,23,ENG-Premier League,1699,1,2,5,0,19,13,21,8,,,
Dominic Calvert-Lewin,eng ENG,FW,Leeds United,28,ENG-Premier League,2721,14,1,3,0,4,5,9,34,,,
Jaydee Canvot,fr FRA,DF,Crystal Palace,19,ENG-Premier League,1336,0,0,3,0,22,12,5,1,,,
Rio Cardines,tt TRI,MF,Crystal Palace,19,ENG-Premier League,90,0,0,0,0,1,0,3,0,,,
Fabio Carvalho,pt POR,MF,Brentford,22,ENG-Premier League,102,1,0,0,0,2,0,5,1,,,
Casemiro,br BRA,MF,Manchester Utd,33,ENG-Premier League,2571,9,2,11,1,45,30,19,18,,,
Matty Cash,pl POL,DF,Aston Villa,27,ENG-Premier League,3014,3,3,9,0,32,24,131,10,,,
Timothy Castagne,be BEL,"DF,MF",Fulham,29,ENG-Premier League,1845,0,0,4,0,24,28,48,6,,,
Valentín Castellanos,ar ARG,FW,West Ham,26,ENG-Premier League,1384,6,0,6,0,9,6,9,22,,,
Trevoh Chalobah,eng ENG,DF,Chelsea,26,ENG-Premier League,2783,3,0,3,1,22,37,5,5,,,
Rayan Cherki,fr FRA,MF,Manchester City,21,ENG-Premier League,1786,4,12,1,0,16,7,80,13,,,
Federico Chiesa,it ITA,MF,Liverpool,27,ENG-Premier League,339,2,1,3,0,5,4,17,5,,,
Tawanda Chirewa,zw ZIM,MF,Wolves,21,ENG-Premier League,27,0,0,0,0,0,0,0,0,,,
Ryan Christie,sct SCO,MF,Bournemouth,30,ENG-Premier League,994,2,0,3,1,20,11,17,8,,,
Samuel Chukwueze,ng NGA,MF,Fulham,26,ENG-Premier League,1079,3,4,0,0,4,6,43,7,,,
Dennis Cirkin,lv LVA,DF,Sunderland,23,ENG-Premier League,323,0,0,2,0,5,5,3,0,,,
Nathaniel Clyne,eng ENG,"MF,DF",Crystal Palace,34,ENG-Premier League,594,0,1,1,0,9,7,15,0,,,
Séamus Coleman,ie IRL,DF,Everton,36,ENG-Premier League,21,0,0,0,0,0,0,3,0,,,
Nathan Collins,ie IRL,DF,Brentford,24,ENG-Premier League,2975,1,2,7,0,13,36,1,6,,,
Levi Colwill,eng ENG,DF,Chelsea,22,ENG-Premier League,225,0,0,0,0,2,5,1,0,,,
Lewis Cook,eng ENG,"MF,DF",Bournemouth,28,ENG-Premier League,874,0,1,1,1,17,21,44,0,,,
Diego Coppola,it ITA,DF,Brighton,21,ENG-Premier League,194,0,0,2,0,2,1,0,0,,,
Marc Cucurella,es ESP,DF,Chelsea,27,ENG-Premier League,2707,1,4,8,1,40,28,41,6,,,
Jorge Cuenca,es ESP,DF,Fulham,25,ENG-Premier League,938,0,0,6,0,10,15,2,0,,,
Josh Cullen,ie IRL,MF,Burnley,29,ENG-Premier League,1514,2,2,2,0,19,24,12,6,,,
Jair Cunha,br BRA,DF,Nottingham,20,ENG-Premier League,517,0,0,0,0,5,5,2,1,,,
Matheus Cunha,br BRA,"MF,FW",Manchester Utd,26,ENG-Premier League,2494,10,2,4,0,23,21,49,35,,,
Diogo Dalot,pt POR,"DF,MF",Manchester Utd,26,ENG-Premier League,2614,1,3,5,0,30,26,57,6,,,
Mikkel Damsgaard,dk DEN,MF,Brentford,25,ENG-Premier League,2054,4,4,0,0,34,24,95,11,,,
Kevin Danso,at AUT,DF,Tottenham,26,ENG-Premier League,1494,0,0,8,0,13,25,7,2,,,
Karl Darlow,wls WAL,GK,Leeds United,34,ENG-Premier League,1980,0,0,1,0,0,0,0,0,63,27,5
Josh Dasilva,eng ENG,MF,Brentford,26,ENG-Premier League,3,0,0,0,0,0,0,0,0,,,
Ben Davies,wls WAL,DF,Tottenham,32,ENG-Premier League,137,1,0,1,0,4,1,3,2,,,
Maxim De Cuyper,be BEL,"DF,MF",Brighton,24,ENG-Premier League,1414,2,3,2,0,10,11,77,6,,,
Liam Delap,eng ENG,FW,Chelsea,22,ENG-Premier League,1107,1,0,4,0,3,1,6,11,,,
Sepp van den Berg,nl NED,DF,Brentford,23,ENG-Premier League,2763,0,2,2,0,9,26,0,7,,,
Jesse Derry,eng ENG,MF,Chelsea,18,ENG-Premier League,44,0,0,0,0,1,0,2,1,,,
Justin Devenny,nir NIR,"MF,FW",Crystal Palace,21,ENG-Premier League,796,1,0,0,0,11,1,17,4,,,
Kiernan Dewsbury-Hall,eng ENG,MF,Everton,26,ENG-Premier League,2626,8,4,6,0,26,14,112,15,,,
Bafodé Diakité,fr FRA,DF,Bournemouth,24,ENG-Premier League,1277,0,0,1,0,15,10,1,0,,,
Amad Diallo,ci CIV,MF,Manchester Utd,23,ENG-Premier League,2341,2,3,2,0,23,15,46,23,,,
Habib Diarra,sn SEN,MF,Sunderland,21,ENG-Premier League,1405,2,2,6,0,7,4,32,8,,,
Rúben Dias,pt POR,DF,Manchester City,28,ENG-Premier League,2141,2,0,3,0,6,23,9,4,,,
Tyler Dibling,eng ENG,MF,Everton,19,ENG-Premier League,358,0,0,2,0,3,6,7,0,,,
Lucas Digne,fr FRA,DF,Aston Villa,32,ENG-Premier League,1852,0,6,3,0,26,13,108,5,,,
Issa Diop,ma MAR,DF,Fulham,28,ENG-Premier League,816,1,0,2,0,2,6,1,1,,,
El Hadji Malick Diouf,sn SEN,"DF,MF",West Ham,20,ENG-Premier League,2707,0,5,6,0,19,32,109,4,,,
Axel Disasi,fr FRA,DF,West Ham,27,ENG-Premier League,1254,0,0,1,0,10,12,0,3,,,
Matt Doherty,ie IRL,"DF,MF",Wolves,33,ENG-Premier League,787,0,0,4,0,8,7,8,0,,,
Jeremy Doku,be BEL,"MF,FW",Manchester City,23,ENG-Premier League,1784,5,5,0,0,16,12,62,15,,,
Nicolás Domínguez,ar ARG,MF,Nottingham,27,ENG-Premier League,1175,1,1,3,0,30,6,14,5,,,
Gianluigi Donnarumma,it ITA,GK,Manchester City,26,ENG-Premier League,3060,0,0,8,0,0,1,0,0,75,29,15
Romelle Donovan,eng ENG,FW,Brentford,18,ENG-Premier League,41,0,0,0,0,0,0,2,1,,,
Patrick Dorgu,dk DEN,MF,Manchester Utd,20,ENG-Premier League,1449,4,4,5,0,30,16,57,11,,,
Max Dowman,eng ENG,MF,Arsenal,15,ENG-Premier League,157,1,0,0,0,2,1,6,1,,,
Radu Drăgușin,ro ROU,DF,Tottenham,23,ENG-Premier League,517,0,0,0,0,3,16,3,0,,,
Joél Drakes-Thomas,eng ENG,MF,Crystal Palace,16,ENG-Premier League,9,0,0,0,0,1,0,0,0,,,
Martin Dúbravka,sk SVK,GK,Burnley,36,ENG-Premier League,3150,0,0,1,0,1,0,0,0,127,71,4
Lewis Dunk,eng ENG,DF,Brighton,33,ENG-Premier League,2838,1,0,10,0,22,30,5,3,,,
George Earthy,eng ENG,MF,West Ham,20,ENG-Premier League,9,0,0,0,0,0,0,0,0,,,
Odsonne Édouard,fr FRA,FW,Crystal Palace,27,ENG-Premier League,3,0,0,0,0,1,0,0,0,,,
Tom Edozie,eng ENG,MF,Wolves,19,ENG-Premier League,14,1,0,0,0,0,0,0,1,,,
Alysson Edward,br BRA,MF,Aston Villa,19,ENG-Premier League,49,0,0,0,0,0,1,2,0,,,
Marcus Edwards,eng ENG,"MF,FW",Burnley,26,ENG-Premier League,1067,1,3,0,0,6,3,19,6,,,
Hjalmar Ekdal,se SWE,DF,Burnley,26,ENG-Premier League,1539,0,0,0,0,17,12,1,1,,,
Hugo Ekitike,fr FRA,FW,Liverpool,23,ENG-Premier League,1803,11,4,0,0,7,4,7,19,,,
Anthony Elanga,se SWE,"FW,MF",Newcastle,23,ENG-Premier League,1319,0,1,0,0,11,3,83,4,,,
Melker Ellborg,se SWE,GK,Sunderland,22,ENG-Premier League,270,0,0,0,0,0,0,0,0,10,2,1
Harvey Elliott,eng ENG,MF,Aston Villa,22,ENG-Premier League,112,0,0,0,0,0,0,3,0,,,
Harvey Elliott,eng ENG,"FW,MF",Liverpool,22,ENG-Premier League,1,0,0,0,0,0,0,0,0,,,
Wataru Endo,jp JPN,DF,Liverpool,32,ENG-Premier League,175,0,1,1,0,3,0,3,0,,,
Romain Esse,eng ENG,MF,Crystal Palace,20,ENG-Premier League,44,0,0,0,0,1,0,2,0,,,
Dario Essugo,pt POR,MF,Chelsea,20,ENG-Premier League,30,0,0,2,0,3,0,0,0,,,
Maxime Estève,fr FRA,DF,Burnley,23,ENG-Premier League,2932,0,0,1,0,27,37,6,1,,,
Evanilson,br BRA,FW,Bournemouth,25,ENG-Premier League,2742,6,1,2,0,5,6,3,23,,,
Eberechi Eze,eng ENG,MF,Crystal Palace,27,ENG-Premier League,83,0,0,0,0,1,0,4,2,,,
Eberechi Eze,eng ENG,"MF,FW",Arsenal,27,ENG-Premier League,1812,7,2,1,0,13,11,8,18,,,
Bruno Fernandes,pt POR,MF,Manchester Utd,30,ENG-Premier League,3063,9,21,5,0,35,21,181,24,,,
Mateus Fernandes,pt POR,MF,West Ham,21,ENG-Premier League,3016,3,4,7,0,67,36,51,8,,,
Enzo Fernández,ar ARG,MF,Chelsea,24,ENG-Premier League,3115,10,4,10,0,24,20,89,31,,,
Zian Flemming,nl NED,FW,Burnley,26,ENG-Premier League,1769,11,0,5,0,10,6,6,21,,,
Jack Fletcher,eng ENG,MF,Manchester Utd,18,ENG-Premier League,108,0,0,0,0,1,1,0,0,,,
Tyler Fletcher,sct SCO,MF,Manchester Utd,18,ENG-Premier League,18,0,0,0,0,0,0,0,0,,,
Phil Foden,eng ENG,MF,Manchester City,25,ENG-Premier League,2086,7,5,4,0,16,10,119,19,,,
Wesley Fofana,fr FRA,DF,Chelsea,24,ENG-Premier League,1722,0,1,9,2,11,38,2,1,,,
Lyle Foster,za RSA,"FW,MF",Burnley,24,ENG-Premier League,1371,3,2,4,0,12,4,6,6,,,
Tyler Fredricson,eng ENG,DF,Manchester Utd,20,ENG-Premier League,3,0,0,0,0,0,0,0,0,,,
Jeremie Frimpong,nl NED,"DF,MF",Liverpool,24,ENG-Premier League,1040,0,1,1,0,9,6,51,2,,,
Niclas Füllkrug,de GER,FW,West Ham,32,ENG-Premier League,409,0,0,0,0,1,2,0,3,,,
Kaye Furo,be BEL,FW,Brentford,18,ENG-Premier League,1,0,0,0,0,0,0,0,0,,,
Cody Gakpo,nl NED,"MF,FW",Liverpool,26,ENG-Premier League,2737,7,5,3,0,15,12,86,21,,,
Conor Gallagher,eng ENG,MF,Tottenham,25,ENG-Premier League,1184,1,1,2,0,14,18,23,4,,,
Ben Gannon-Doak,sct SCO,MF,Bournemouth,19,ENG-Premier League,113,0,1,0,0,2,1,4,1,,,
Andrés García,es ESP,DF,Aston Villa,22,ENG-Premier League,86,0,0,0,0,4,0,4,0,,,
Alejandro Garnacho,ar ARG,MF,Chelsea,21,ENG-Premier League,1268,1,4,2,0,13,4,61,7,,,
James Garner,eng ENG,"MF,DF",Everton,24,ENG-Premier League,3413,2,7,12,0,72,57,205,14,,,
Lutsharel Geertruida,nl NED,"DF,MF",Sunderland,25,ENG-Premier League,1693,0,0,2,0,22,20,9,3,,,
Tyrique George,eng ENG,FW,Chelsea,19,ENG-Premier League,145,0,0,2,0,2,0,1,2,,,
Tyrique George,eng ENG,MF,Everton,19,ENG-Premier League,218,0,0,0,0,3,2,10,3,,,
Morgan Gibbs-White,eng ENG,MF,Nottingham,25,ENG-Premier League,3097,15,4,1,0,16,12,42,32,,,
Jamie Gittens,eng ENG,MF,Chelsea,20,ENG-Premier League,495,0,2,0,0,4,2,13,2,,,
Wilfried Gnonto,it ITA,FW,Leeds United,21,ENG-Premier League,537,0,1,3,0,13,3,20,0,,,
Angel Gomes,eng ENG,"MF,FW",Wolves,24,ENG-Premier League,461,0,0,1,0,5,1,12,2,,,
João Gomes,br BRA,MF,Wolves,24,ENG-Premier League,2829,1,1,10,0,68,36,31,7,,,
Rodrigo Gomes,pt POR,"MF,FW",Wolves,22,ENG-Premier League,960,3,0,0,0,18,11,24,6,,,
Toti Gomes,pt POR,DF,Wolves,26,ENG-Premier League,1424,0,0,2,1,11,13,11,2,,,
Diego Gómez,py PAR,"MF,FW",Brighton,22,ENG-Premier League,2120,5,1,9,0,49,19,23,14,,,
Joe Gomez,eng ENG,DF,Liverpool,28,ENG-Premier League,607,0,2,4,0,7,8,16,1,,,
Nicolás González,es ESP,MF,Manchester City,23,ENG-Premier League,1569,1,0,6,0,30,24,3,2,,,
Anthony Gordon,eng ENG,FW,Newcastle,24,ENG-Premier League,1795,6,2,3,1,13,3,69,20,,,
Ryan Gravenberch,nl NED,MF,Liverpool,23,ENG-Premier League,2992,5,3,5,0,35,44,8,13,,,
Archie Gray,eng ENG,"MF,DF",Tottenham,19,ENG-Premier League,1478,2,2,5,0,8,17,12,5,,,
Jack Grealish,eng ENG,MF,Everton,29,ENG-Premier League,1627,2,6,5,1,15,11,39,8,,,
Pascal Groß,de GER,MF,Brighton,34,ENG-Premier League,1636,1,3,2,0,17,11,119,9,,,
Brajan Gruda,de GER,MF,Brighton,21,ENG-Premier League,719,1,1,2,0,5,2,14,6,,,
Ilia Gruev,bg BUL,MF,Leeds United,25,ENG-Premier League,1323,0,3,3,0,13,14,16,1,,,
Gabriel Gudmundsson,se SWE,"DF,MF",Leeds United,26,ENG-Premier League,2631,0,0,6,1,47,28,88,3,,,
Marc Guéhi,eng ENG,DF,Crystal Palace,25,ENG-Premier League,1800,2,2,4,0,19,24,10,4,,,
Marc Guéhi,eng ENG,DF,Manchester City,25,ENG-Premier League,1350,1,1,2,0,12,25,7,5,,,
Evann Guessand,ci CIV,MF,Aston Villa,24,ENG-Premier League,588,0,1,0,0,9,3,10,5,,,
Evann Guessand,ci CIV,MF,Crystal Palace,24,ENG-Premier League,330,1,1,0,0,2,2,1,1,,,
Idrissa Gueye,sn SEN,MF,Everton,35,ENG-Premier League,2093,2,3,1,1,21,29,19,7,,,
Luis Guilherme,br BRA,FW,West Ham,19,ENG-Premier League,125,0,0,0,0,1,0,0,0,,,
Bruno Guimarães,br BRA,MF,Newcastle,27,ENG-Premier League,2453,9,5,6,0,41,16,82,23,,,
Marc Guiu,es ESP,FW,Sunderland,19,ENG-Premier League,15,0,0,0,0,0,0,0,0,,,
Marc Guiu,es ESP,FW,Chelsea,19,ENG-Premier League,257,0,1,1,0,0,0,0,2,,,
Angus Gunn,sct SCO,GK,Nottingham,29,ENG-Premier League,45,0,0,0,0,0,0,0,0,0,0,0
Malo Gusto,fr FRA,"DF,MF",Chelsea,22,ENG-Premier League,2261,2,3,5,1,23,30,58,6,,,
Joško Gvardiol,hr CRO,DF,Manchester City,23,ENG-Premier League,1372,2,2,2,0,13,16,2,6,,,
Viktor Gyökeres,se SWE,FW,Arsenal,27,ENG-Premier League,2224,14,1,5,0,5,1,8,22,,,
Erling Haaland,no NOR,FW,Manchester City,25,ENG-Premier League,2953,27,8,2,0,7,4,3,59,,,
Lewis Hall,eng ENG,DF,Newcastle,20,ENG-Premier League,2181,1,1,4,0,31,29,102,6,,,
Jack Harrison,eng ENG,FW,Leeds United,28,ENG-Premier League,269,0,0,0,0,2,4,17,2,,,
Quilindschy Hartman,nl NED,DF,Burnley,23,ENG-Premier League,1825,0,5,1,0,31,32,74,3,,,
Jorrel Hato,nl NED,DF,Chelsea,19,ENG-Premier League,1148,0,0,7,0,19,17,7,0,,,
Kai Havertz,de GER,"FW,MF",Arsenal,26,ENG-Premier League,581,2,3,1,0,5,1,6,4,,,
Ayden Heaven,eng ENG,DF,Manchester Utd,18,ENG-Premier League,924,0,1,2,0,13,1,1,0,,,
Jan Paul van Hecke,nl NED,DF,Brighton,25,ENG-Premier League,3210,3,3,9,0,31,45,23,10,,,
Hwang Hee-chan,kr KOR,"FW,MF",Wolves,29,ENG-Premier League,1446,2,2,5,0,4,12,19,6,,,
George Hemmings,eng ENG,MF,Aston Villa,18,ENG-Premier League,27,0,0,0,0,0,0,0,0,,,
Dean Henderson,eng ENG,GK,Crystal Palace,28,ENG-Premier League,3330,0,0,5,0,0,1,0,0,104,51,11
Jordan Henderson,eng ENG,MF,Brentford,35,ENG-Premier League,1919,1,3,6,0,14,16,48,1,,,
Rico Henry,jm JAM,DF,Brentford,28,ENG-Premier League,1328,0,1,2,0,11,7,26,0,,,
Mads Hermansen,dk DEN,GK,West Ham,25,ENG-Premier League,1620,0,1,0,0,0,0,0,0,53,28,7
Aaron Hickey,sct SCO,"DF,MF",Brentford,23,ENG-Premier League,691,0,0,1,0,7,8,4,1,,,
James Hill,eng ENG,DF,Bournemouth,23,ENG-Premier League,2106,0,3,5,0,20,37,11,2,,,
Piero Hincapié,ec ECU,DF,Arsenal,23,ENG-Premier League,1792,1,2,2,0,26,26,33,2,,,
Jack Hinshelwood,eng ENG,MF,Brighton,20,ENG-Premier League,1741,4,3,0,0,13,6,7,15,,,
Ki-Jana Hoever,nl NED,"MF,DF",Wolves,23,ENG-Premier League,425,0,0,0,0,11,5,22,1,,,
Harry Howell,eng ENG,MF,Brighton,17,ENG-Premier League,94,0,0,0,0,0,0,4,0,,,
Callum Hudson-Odoi,eng ENG,MF,Nottingham,24,ENG-Premier League,1841,3,4,0,0,7,8,91,10,,,
Will Hughes,eng ENG,MF,Crystal Palace,30,ENG-Premier League,1571,0,0,7,0,16,15,45,0,,,
Trai Hume,nir NIR,"DF,MF",Sunderland,23,ENG-Premier League,3036,2,1,9,0,46,25,88,7,,,
Bashir Humphreys,eng ENG,"DF,MF",Burnley,22,ENG-Premier League,1578,0,0,6,0,17,11,17,3,,,
Omari Hutchinson,eng ENG,MF,Nottingham,21,ENG-Premier League,1688,1,5,1,0,11,11,133,11,,,
Igor,br BRA,DF,West Ham,27,ENG-Premier League,105,0,0,0,0,0,1,0,0,,,
Tim Iroegbunam,eng ENG,MF,Everton,22,ENG-Premier League,1487,0,2,9,0,44,22,3,1,,,
Andy Irving,sct SCO,MF,West Ham,25,ENG-Premier League,158,0,0,0,0,4,1,12,0,,,
Alexander Isak,se SWE,FW,Liverpool,25,ENG-Premier League,699,3,1,0,0,6,0,2,6,,,
Wilson Isidor,ht HAI,FW,Sunderland,24,ENG-Premier League,1165,6,0,1,0,8,2,0,17,,,
Alex Iwobi,ng NGA,MF,Fulham,29,ENG-Premier League,2419,4,3,3,0,18,15,88,15,,,
Daniel James,wls WAL,"FW,MF",Leeds United,27,ENG-Premier League,559,0,0,0,0,5,1,50,3,,,
Reece James,eng ENG,"DF,MF",Chelsea,25,ENG-Premier League,1963,2,4,4,0,33,32,126,7,,,
Vitaly Janelt,de GER,MF,Brentford,27,ENG-Premier League,1443,1,4,8,0,17,27,61,3,,,
Mathias Jensen,dk DEN,MF,Brentford,29,ENG-Premier League,2247,3,1,3,0,23,21,124,8,,,
Gabriel Jesus,br BRA,FW,Arsenal,28,ENG-Premier League,429,3,0,3,0,0,2,0,12,,,
Igor Jesus,br BRA,FW,Nottingham,24,ENG-Premier League,2298,6,4,2,0,16,2,10,21,,,
Álex Jiménez,es ESP,"DF,MF",Bournemouth,20,ENG-Premier League,2317,1,0,10,0,45,27,51,4,,,
Raúl Jiménez,mx MEX,FW,Fulham,34,ENG-Premier League,2189,9,3,5,0,20,7,7,18,,,
Jamaldeen Jimoh,eng ENG,MF,Aston Villa,18,ENG-Premier League,9,0,0,0,0,0,0,0,0,,,
João Pedro,br BRA,"FW,MF",Chelsea,23,ENG-Premier League,2661,15,5,5,0,17,6,18,28,,,
Joelinton,br BRA,MF,Newcastle,28,ENG-Premier League,1951,2,1,10,0,23,28,11,11,,,
John,br BRA,GK,Nottingham,29,ENG-Premier League,437,0,0,1,0,0,0,0,0,6,8,1
Brennan Johnson,wls WAL,"MF,FW",Tottenham,24,ENG-Premier League,610,2,0,2,0,9,2,23,2,,,
Brennan Johnson,wls WAL,"MF,FW",Crystal Palace,24,ENG-Premier League,1112,0,1,4,0,7,2,45,3,,,
Sam Johnstone,eng ENG,GK,Wolves,32,ENG-Premier League,1080,0,0,0,0,1,0,0,0,39,24,0
Curtis Jones,eng ENG,"MF,DF",Liverpool,24,ENG-Premier League,1937,1,2,2,0,23,18,16,7,,,
Eli Junior Kroupi,fr FRA,"MF,FW",Bournemouth,19,ENG-Premier League,1672,13,0,5,0,6,9,10,22,,,
Hamed Junior Traorè,ci CIV,MF,Bournemouth,25,ENG-Premier League,17,0,1,0,0,0,0,1,0,,,
James Justin,eng ENG,"DF,MF",Leeds United,27,ENG-Premier League,1901,2,1,4,0,38,26,38,6,,,
Filip Jørgensen,dk DEN,GK,Chelsea,23,ENG-Premier League,379,0,0,0,0,0,1,0,0,8,5,0
Ferdi Kadioglu,tr TUR,"DF,MF",Brighton,25,ENG-Premier League,3133,1,0,6,0,39,25,109,13,,,
Saša Kalajdžić,at AUT,"FW,MF",Wolves,28,ENG-Premier League,15,0,0,0,0,0,1,0,0,,,
Arnaud Kalimuendo,fr FRA,FW,Nottingham,23,ENG-Premier League,96,0,0,0,0,1,0,2,1,,,
Daichi Kamada,jp JPN,MF,Crystal Palace,28,ENG-Premier League,1902,0,0,3,0,35,14,42,4,,,
Boubacar Kamara,fr FRA,MF,Aston Villa,25,ENG-Premier League,1411,1,3,5,0,16,15,2,4,,,
Mohamadou Kanté,fr FRA,MF,West Ham,19,ENG-Premier League,75,0,0,2,0,4,0,0,0,,,
Michael Kayode,it ITA,DF,Brentford,21,ENG-Premier League,3258,1,1,8,0,47,39,56,3,,,
Michael Keane,eng ENG,DF,Everton,32,ENG-Premier League,2591,3,1,1,1,24,37,1,7,,,
Caoimhín Kelleher,ie IRL,GK,Brentford,26,ENG-Premier League,3330,0,0,1,0,0,1,0,0,105,49,10
Milos Kerkez,hu HUN,DF,Liverpool,21,ENG-Premier League,2257,2,1,4,0,26,15,79,2,,,
Kevin,br BRA,MF,Fulham,22,ENG-Premier League,1041,1,1,1,0,10,9,43,10,,,
Abdukodir Khusanov,uz UZB,DF,Manchester City,21,ENG-Premier League,1432,0,0,2,0,20,29,3,1,,,
Max Kilman,eng ENG,DF,West Ham,28,ENG-Premier League,1561,0,0,4,0,8,6,2,1,,,
Joshua King,eng ENG,MF,Fulham,18,ENG-Premier League,1308,1,2,4,0,12,3,12,11,,,
Antonín Kinský,cz CZE,GK,Tottenham,22,ENG-Premier League,630,0,0,1,0,0,0,0,0,10,7,2
Justin Kluivert,nl NED,MF,Bournemouth,26,ENG-Premier League,952,2,0,5,0,7,4,40,4,,,
Joe Knight,eng ENG,MF,Brighton,19,ENG-Premier League,1,0,0,0,0,0,0,0,0,,,
Randal Kolo Muani,fr FRA,"FW,MF",Tottenham,26,ENG-Premier League,1664,1,1,3,0,16,2,18,4,,,
Ibrahima Konaté,fr FRA,DF,Liverpool,26,ENG-Premier League,3090,1,0,7,0,31,28,3,4,,,
Ezri Konsa,eng ENG,DF,Aston Villa,27,ENG-Premier League,3035,0,0,0,1,8,22,5,2,,,
Charalampos Kostoulas,gr GRE,FW,Brighton,18,ENG-Premier League,369,2,1,2,0,6,1,6,8,,,
Mateo Kovačić,hr CRO,MF,Manchester City,31,ENG-Premier League,130,0,1,0,0,1,2,0,0,,,
Emil Krafth,se SWE,DF,Newcastle,30,ENG-Premier League,45,0,0,0,0,0,0,1,0,,,
Ladislav Krejčí,cz CZE,"DF,MF",Wolves,26,ENG-Premier League,2356,2,1,5,1,21,32,17,10,,,
Mohammed Kudus,gh GHA,"MF,FW",Tottenham,24,ENG-Premier League,1535,2,5,3,0,17,3,122,9,,,
Jonah Kusi-Asare,se SWE,FW,Fulham,18,ENG-Premier League,55,0,0,1,0,1,0,0,0,,,
Shea Lacey,eng ENG,FW,Manchester Utd,18,ENG-Premier League,43,0,0,0,0,0,0,0,1,,,
Maxence Lacroix,fr FRA,DF,Crystal Palace,25,ENG-Premier League,3085,1,2,4,1,38,45,5,7,,,
Senne Lammens,be BEL,GK,Manchester Utd,23,ENG-Premier League,2880,0,0,0,0,1,0,0,0,78,39,8
Jamaal Lascelles,eng ENG,DF,Newcastle,31,ENG-Premier League,21,0,0,0,0,0,0,0,0,,,
Josh Laurent,eng ENG,"DF,MF",Burnley,30,ENG-Premier League,1764,1,0,7,1,25,28,14,4,,,
Roméo Lavia,be BEL,MF,Chelsea,21,ENG-Premier League,382,0,0,0,0,7,5,1,0,,,
Enzo Le Fée,fr FRA,"MF,FW",Sunderland,25,ENG-Premier League,2930,5,6,5,0,56,28,98,12,,,
Bernd Leno,de GER,GK,Fulham,33,ENG-Premier League,3420,0,0,3,0,1,1,0,0,98,51,9
Jefferson Lerma,co COL,"MF,DF",Crystal Palace,30,ENG-Premier League,1733,0,2,7,0,18,25,12,7,,,
Rico Lewis,eng ENG,DF,Manchester City,20,ENG-Premier League,407,0,1,2,0,4,7,2,0,,,
Keane Lewis-Potter,eng ENG,"DF,MF",Brentford,24,ENG-Premier League,1972,3,3,1,0,14,10,69,9,,,
Myles Lewis-Skelly,eng ENG,"MF,DF",Arsenal,18,ENG-Premier League,709,0,0,3,0,5,5,0,0,,,
Matthijs de Ligt,nl NED,DF,Manchester Utd,25,ENG-Premier League,1170,1,0,0,0,13,11,4,3,,,
Pedro Lima,br BRA,MF,Wolves,19,ENG-Premier League,260,0,0,0,0,5,4,10,1,,,
Victor Lindelöf,se SWE,"DF,MF",Aston Villa,31,ENG-Premier League,948,0,1,0,0,3,8,0,0,,,
Tino Livramento,eng ENG,DF,Newcastle,22,ENG-Premier League,1328,0,1,1,0,14,2,36,0,,,
Sean Longstaff,eng ENG,MF,Leeds United,27,ENG-Premier League,1011,2,2,2,0,24,12,54,4,,,
Fer López,es ESP,MF,Wolves,21,ENG-Premier League,235,0,1,1,0,1,0,4,1,,,
Lucas,br BRA,"MF,DF",Burnley,24,ENG-Premier League,1409,0,0,1,1,22,19,56,4,,,
Lorenzo Lucca,it ITA,FW,Nottingham,24,ENG-Premier League,129,1,0,0,0,0,1,0,1,,,
Florentino Luís,pt POR,MF,Burnley,25,ENG-Premier League,2105,0,2,6,0,49,40,11,2,,,
Douglas Luiz,br BRA,MF,Aston Villa,27,ENG-Premier League,604,1,0,1,0,11,7,28,4,,,
Douglas Luiz,br BRA,MF,Nottingham,27,ENG-Premier League,315,0,0,2,0,3,7,15,1,,,
Saša Lukić,rs SRB,MF,Fulham,28,ENG-Premier League,1734,1,2,9,0,28,16,68,6,,,
Ian Maatsen,nl NED,DF,Aston Villa,23,ENG-Premier League,1605,0,1,2,0,31,18,54,5,,,
Alexis Mac Allister,ar ARG,MF,Liverpool,26,ENG-Premier League,2658,2,4,7,0,27,18,20,12,,,
James Maddison,eng ENG,"FW,MF",Tottenham,28,ENG-Premier League,37,0,0,0,0,1,0,6,0,,,
Noni Madueke,eng ENG,"FW,MF",Arsenal,23,ENG-Premier League,1211,3,1,0,0,10,5,80,9,,,
Gabriel Magalhães,br BRA,DF,Arsenal,27,ENG-Premier League,2751,3,4,4,0,20,22,6,7,,,
Soungoutou Magassa,fr FRA,MF,West Ham,21,ENG-Premier League,981,1,0,4,0,23,17,9,2,,,
Harry Maguire,eng ENG,DF,Manchester Utd,32,ENG-Premier League,1653,1,2,3,1,17,12,4,4,,,
Kobbie Mainoo,eng ENG,MF,Manchester Utd,20,ENG-Premier League,1662,1,2,2,0,20,19,13,3,,,
Tyrell Malacia,nl NED,DF,Manchester Utd,25,ENG-Premier League,18,0,0,0,0,1,0,0,0,,,
Donyell Malen,nl NED,"FW,MF",Aston Villa,26,ENG-Premier League,656,4,1,0,0,2,0,7,9,,,
Giorgi Mamardashvili,ge GEO,GK,Liverpool,24,ENG-Premier League,867,0,0,0,0,1,1,0,0,33,18,2
Reinildo Mandava,mz MOZ,DF,Sunderland,31,ENG-Premier League,1966,0,1,7,1,23,29,23,0,,,
Mateus Mane,pt POR,MF,Wolves,17,ENG-Premier League,1795,3,1,0,0,13,5,94,17,,,
Bendito Mantato,eng ENG,MF,Manchester Utd,17,ENG-Premier League,16,0,0,0,0,0,0,1,0,,,
Solly March,eng ENG,MF,Brighton,31,ENG-Premier League,41,0,0,0,0,2,0,4,1,,,
Omar Marmoush,eg EGY,"FW,MF",Manchester City,26,ENG-Premier League,700,3,3,3,0,8,2,12,9,,,
Callum Marshall,nir NIR,FW,West Ham,20,ENG-Premier League,60,0,0,0,0,0,2,0,0,,,
Gabriel Martinelli,br BRA,"FW,MF",Arsenal,24,ENG-Premier League,1081,1,4,3,0,8,1,37,13,,,
Emiliano Martínez,ar ARG,GK,Aston Villa,32,ENG-Premier League,2835,0,1,2,0,0,0,0,0,95,39,8
Lisandro Martínez,ar ARG,DF,Manchester Utd,27,ENG-Premier League,1233,0,0,0,1,11,12,2,0,,,
Arthur Masuaku,cd COD,DF,Sunderland,31,ENG-Premier League,126,0,0,1,0,2,2,8,0,,,
Pape Matar Sarr,sn SEN,MF,Tottenham,22,ENG-Premier League,1398,2,4,3,0,21,14,8,6,,,
Jean-Philippe Mateta,fr FRA,FW,Crystal Palace,28,ENG-Premier League,2218,12,0,2,0,4,6,11,32,,,
Konstantinos Mavropanos,gr GRE,DF,West Ham,27,ENG-Premier League,2534,3,0,2,0,24,47,4,8,,,
Eliezer Mayenda,es ESP,"FW,MF",Sunderland,20,ENG-Premier League,759,2,0,0,0,3,1,1,6,,,
Ezra Mayers,bb BRB,DF,West Ham,18,ENG-Premier League,117,0,0,0,0,0,1,3,0,,,
Noussair Mazraoui,ma MAR,"DF,MF",Manchester Utd,27,ENG-Premier League,985,0,0,3,0,15,11,13,0,,,
Bryan Mbeumo,cm CMR,"MF,FW",Manchester Utd,25,ENG-Premier League,2609,11,3,4,0,11,7,105,32,,,
James Mcatee,eng ENG,MF,Nottingham,22,ENG-Premier League,298,0,1,1,0,4,3,9,0,,,
John McGinn,sct SCO,MF,Aston Villa,30,ENG-Premier League,2137,5,4,5,0,17,12,82,12,,,
Dwight McNeil,eng ENG,MF,Everton,25,ENG-Premier League,1168,0,1,1,0,16,10,40,5,,,
Hannibal Mejbri,tn TUN,MF,Burnley,22,ENG-Premier League,1229,1,4,10,0,17,7,30,5,,,
Mikel Merino,es ESP,"MF,FW",Arsenal,29,ENG-Premier League,1036,4,3,1,0,13,9,4,8,,,
Shumaira Mheuka,eng ENG,FW,Chelsea,17,ENG-Premier League,2,0,0,0,0,0,0,0,0,,,
Antoni Milambo,nl NED,MF,Brentford,20,ENG-Premier League,45,0,0,0,0,1,0,0,0,,,
Nikola Milenković,rs SRB,DF,Nottingham,27,ENG-Premier League,3375,0,0,6,0,19,29,2,1,,,
Lewis Miley,eng ENG,"MF,DF",Newcastle,19,ENG-Premier League,1496,1,4,0,0,18,20,42,4,,,
James Milner,eng ENG,MF,Brighton,39,ENG-Premier League,784,1,1,2,0,9,5,14,2,,,
Veljko Milosavljević,rs SRB,DF,Bournemouth,18,ENG-Premier League,368,0,0,0,0,4,4,0,0,,,
Tyrone Mings,eng ENG,DF,Aston Villa,32,ENG-Premier League,1324,0,0,1,0,2,11,4,1,,,
Yankuba Minteh,gm GAM,MF,Brighton,21,ENG-Premier League,2391,3,4,3,0,37,15,159,11,,,
Tyrick Mitchell,eng ENG,MF,Crystal Palace,25,ENG-Premier League,3251,1,2,6,0,65,33,104,7,,,
Kaoru Mitoma,jp JPN,"MF,FW",Brighton,28,ENG-Premier League,1721,3,1,5,0,12,8,46,13,,,
Morato,br BRA,DF,Nottingham,24,ENG-Premier League,1345,1,0,5,0,18,11,2,2,,,
Cristhian Mosquera,es ESP,DF,Arsenal,21,ENG-Premier League,994,0,0,4,0,21,8,3,0,,,
Yerson Mosquera,co COL,DF,Wolves,24,ENG-Premier League,2136,0,0,12,0,36,25,18,6,,,
Mason Mount,eng ENG,MF,Manchester Utd,26,ENG-Premier League,1017,3,0,2,0,13,9,22,5,,,
Divine Mukasa,eng ENG,MF,Manchester City,17,ENG-Premier League,27,0,0,0,0,0,0,0,0,,,
Nordi Mukiele,fr FRA,DF,Sunderland,27,ENG-Premier League,2784,3,3,5,0,45,37,85,4,,,
Romaine Mundle,eng ENG,MF,Sunderland,22,ENG-Premier League,411,0,0,1,0,4,1,11,2,,,
Marshall Munetsi,zw ZIM,"MF,FW",Wolves,29,ENG-Premier League,875,1,1,2,0,13,5,14,6,,,
Rodrigo Muniz,br BRA,FW,Fulham,24,ENG-Premier League,1000,1,1,2,0,3,2,2,5,,,
Daniel Muñoz,co COL,MF,Crystal Palace,29,ENG-Premier League,2399,4,3,7,0,48,24,62,12,,,
Murillo,br BRA,DF,Nottingham,23,ENG-Premier League,2130,1,0,5,0,23,29,2,4,,,
Alex Murphy,ie IRL,DF,Newcastle,21,ENG-Premier League,9,0,0,0,0,0,1,0,0,,,
Jacob Murphy,eng ENG,"FW,MF",Newcastle,30,ENG-Premier League,1617,3,2,2,0,12,6,125,13,,,
Vitaliy Mykolenko,ua UKR,DF,Everton,26,ENG-Premier League,2958,0,1,6,0,25,27,93,2,,,
David Møller Wolfe,no NOR,"MF,DF",Wolves,23,ENG-Premier League,1049,0,2,1,0,5,7,32,0,,,
Iliman Ndiaye,sn SEN,MF,Everton,25,ENG-Premier League,2778,6,3,2,0,40,17,55,22,,,
Dan Ndoye,ch SUI,MF,Nottingham,24,ENG-Premier League,1173,1,1,1,0,11,10,41,4,,,
Sean Neave,eng ENG,FW,Newcastle,18,ENG-Premier League,14,0,0,0,0,0,0,0,0,,,
Dan Neil,eng ENG,MF,Sunderland,23,ENG-Premier League,14,0,0,0,0,0,1,0,0,,,
Reiss Nelson,eng ENG,"FW,MF",Brentford,25,ENG-Premier League,126,0,1,0,0,3,0,2,1,,,
Pedro Neto,pt POR,"MF,FW",Chelsea,25,ENG-Premier League,2631,5,6,4,1,11,6,184,13,,,
Luca Netz,de GER,"DF,MF",Nottingham,22,ENG-Premier League,357,0,0,0,0,8,1,2,0,,,
Rio Ngumoha,eng ENG,MF,Liverpool,16,ENG-Premier League,560,2,1,0,0,2,3,22,6,,,
Eddie Nketiah,eng ENG,MF,Crystal Palace,26,ENG-Premier League,424,2,0,2,0,6,2,0,6,,,
Lukas Nmecha,de GER,FW,Leeds United,26,ENG-Premier League,1083,6,1,0,0,7,3,10,16,,,
Matheus Nunes,pt POR,DF,Manchester City,26,ENG-Premier League,2862,1,5,5,0,41,29,67,2,,,
Ethan Nwaneri,eng ENG,MF,Arsenal,18,ENG-Premier League,171,0,0,0,0,0,0,2,0,,,
Trey Nyoni,eng ENG,MF,Liverpool,18,ENG-Premier League,24,0,0,0,0,0,0,0,0,,,
Christian Nørgaard,dk DEN,MF,Arsenal,31,ENG-Premier League,106,0,0,0,0,2,1,1,1,,,
Jake O'Brien,ie IRL,DF,Everton,24,ENG-Premier League,3120,1,1,6,1,32,13,49,6,,,
Luke O'Nien,eng ENG,DF,Sunderland,30,ENG-Premier League,569,0,1,1,1,6,6,7,1,,,
Nico O'Reilly,eng ENG,"DF,MF",Manchester City,20,ENG-Premier League,2646,5,3,5,0,36,20,38,15,,,
Matt O'Riley,dk DEN,MF,Brighton,24,ENG-Premier League,204,1,0,0,0,2,0,6,2,,,
Wilson Odobert,fr FRA,"MF,FW",Tottenham,20,ENG-Premier League,985,0,2,0,0,8,0,28,8,,,
Noah Okafor,ch SUI,"FW,MF",Leeds United,25,ENG-Premier League,1561,8,1,3,0,15,12,36,15,,,
Callum Olusesi,eng ENG,MF,Tottenham,18,ENG-Premier League,15,0,0,0,0,0,0,0,0,,,
Amadou Onana,be BEL,MF,Aston Villa,23,ENG-Premier League,1758,2,0,3,0,30,19,0,7,,,
Frank Onyeka,ng NGA,MF,Brentford,27,ENG-Premier League,92,0,1,0,0,0,0,0,0,,,
Nehemiah Oriola,eng ENG,MF,Brighton,18,ENG-Premier League,1,0,0,0,0,0,0,0,0,,,
Stefan Ortega,de GER,GK,Nottingham,32,ENG-Premier League,270,0,0,0,0,0,0,0,0,8,4,1
William Osula,dk DEN,FW,Newcastle,21,ENG-Premier League,819,7,0,0,0,5,1,3,12,,,
Dango Ouattara,bf BFA,MF,Brentford,23,ENG-Premier League,2276,7,3,5,0,14,24,107,20,,,
Pablo,br BRA,"MF,FW",West Ham,21,ENG-Premier League,823,0,1,0,0,14,5,5,3,,,
João Palhinha,pt POR,MF,Tottenham,30,ENG-Premier League,2198,5,2,8,0,61,28,4,9,,,
Cole Palmer,eng ENG,MF,Chelsea,23,ENG-Premier League,1955,10,1,5,0,12,13,35,25,,,
Lucas Paquetá,br BRA,"MF,FW",West Ham,27,ENG-Premier League,1511,4,1,7,1,22,7,36,11,,,
Nathan Patterson,sct SCO,DF,Everton,23,ENG-Premier League,241,0,0,0,0,4,2,6,1,,,
Myles Peart-Harris,eng ENG,MF,Brentford,22,ENG-Premier League,1,0,0,0,0,0,0,0,0,,,
Lucas Perri,br BRA,GK,Leeds United,27,ENG-Premier League,1440,0,0,2,0,0,0,0,0,38,29,3
Đorđe Petrović,rs SRB,GK,Bournemouth,25,ENG-Premier League,3420,0,0,3,0,0,0,0,0,109,54,11
Jordan Pickford,eng ENG,GK,Everton,31,ENG-Premier League,3420,0,0,4,0,1,0,0,0,99,50,11
Ethan Pinnock,jm JAM,DF,Brentford,32,ENG-Premier League,318,0,0,1,0,5,5,0,1,,,
Yéremy Pino,es ESP,"MF,FW",Crystal Palace,22,ENG-Premier League,2080,2,2,4,0,20,8,79,11,,,
Joël Piroe,sr SUR,FW,Leeds United,25,ENG-Premier League,258,0,0,0,0,1,1,4,3,,,
Nick Pope,eng ENG,GK,Newcastle,33,ENG-Premier League,2416,0,0,2,0,1,0,0,1,89,38,7
Pedro Porro,es ESP,DF,Tottenham,25,ENG-Premier League,2796,1,2,10,0,50,31,232,8,,,
Freddie Potts,eng ENG,MF,West Ham,21,ENG-Premier League,1171,0,1,1,0,18,16,34,1,,,
Aaron Ramsdale,eng ENG,GK,Newcastle,27,ENG-Premier League,1004,0,0,2,0,0,0,0,0,24,17,1
Jacob Ramsey,eng ENG,MF,Newcastle,24,ENG-Premier League,1450,2,3,5,1,21,9,8,4,,,
David Raya,es ESP,GK,Arsenal,29,ENG-Premier League,3330,0,0,1,0,1,1,1,0,59,26,19
Rayan,br BRA,MF,Bournemouth,18,ENG-Premier League,1111,5,2,1,0,6,8,24,8,,,
Harrison Reed,eng ENG,MF,Fulham,30,ENG-Premier League,94,1,0,0,0,0,0,4,1,,,
Tijjani Reijnders,nl NED,MF,Manchester City,27,ENG-Premier League,1631,5,2,2,0,4,11,43,16,,,
Chadi Riad,ma MAR,DF,Crystal Palace,22,ENG-Premier League,552,0,1,2,0,5,4,6,2,,,
Declan Rice,eng ENG,MF,Arsenal,26,ENG-Premier League,3094,4,5,3,0,33,33,177,13,,,
Chris Richards,us USA,DF,Crystal Palace,25,ENG-Premier League,2827,1,0,4,0,35,43,14,2,,,
Richarlison,br BRA,"FW,MF",Tottenham,28,ENG-Premier League,1964,11,4,5,0,16,7,18,26,,,
Chris Rigg,eng ENG,MF,Sunderland,18,ENG-Premier League,761,1,1,1,0,8,4,11,3,,,
Patrick Roberts,eng ENG,"FW,MF",Sunderland,28,ENG-Premier League,28,0,0,0,0,0,0,0,0,,,
Andy Robertson,sct SCO,DF,Liverpool,31,ENG-Premier League,1176,1,0,0,0,10,7,53,3,,,
Antonee Robinson,us USA,"DF,MF",Fulham,27,ENG-Premier League,1492,1,0,5,0,31,28,77,1,,,
Kaden Rodney,eng ENG,"DF,MF",Crystal Palace,20,ENG-Premier League,4,0,0,0,0,0,0,0,0,,,
Joe Rodon,wls WAL,DF,Leeds United,27,ENG-Premier League,2951,2,0,3,0,19,30,6,7,,,
Rodri,es ESP,MF,Manchester City,29,ENG-Premier League,1511,1,0,3,0,25,12,5,3,,,
Guido Rodríguez,ar ARG,MF,West Ham,31,ENG-Premier League,180,0,0,1,0,0,2,2,0,,,
Robin Roefs,nl NED,GK,Sunderland,22,ENG-Premier League,3150,0,0,4,0,0,0,0,0,108,46,10
Morgan Rogers,eng ENG,MF,Aston Villa,23,ENG-Premier League,3280,10,6,7,0,23,13,51,32,,,
Merlin Röhl,de GER,MF,Everton,23,ENG-Premier League,682,1,0,0,0,13,4,5,1,,,
Cristian Romero,ar ARG,DF,Tottenham,27,ENG-Premier League,1868,4,1,11,2,30,31,1,6,,,
James Rowswell,eng ENG,DF,Tottenham,19,ENG-Premier League,1,0,0,0,0,0,0,0,0,,,
Georginio Rutter,fr FRA,"MF,FW",Brighton,23,ENG-Premier League,1786,3,3,2,0,19,11,20,14,,,
José Sá,pt POR,GK,Wolves,32,ENG-Premier League,2070,0,0,2,0,0,0,0,0,65,37,4
Noah Sadiki,cd COD,MF,Sunderland,20,ENG-Premier League,2889,0,1,9,0,26,33,21,5,,,
Bukayo Saka,eng ENG,"FW,MF",Arsenal,23,ENG-Premier League,2222,7,5,2,0,19,16,122,27,,,
Mohamed Salah,eg EGY,MF,Liverpool,33,ENG-Premier League,2146,7,7,1,0,12,3,117,19,,,
William Saliba,fr FRA,DF,Arsenal,24,ENG-Premier League,2614,1,0,2,0,23,15,9,1,,,
Robert Sánchez,es ESP,GK,Chelsea,27,ENG-Premier League,3039,0,1,3,1,0,1,0,0,97,49,9
Jadon Sancho,eng ENG,MF,Aston Villa,25,ENG-Premier League,876,0,2,0,0,2,2,23,3,,,
Ibrahim Sangaré,ci CIV,MF,Nottingham,27,ENG-Premier League,2075,2,2,5,0,32,22,8,5,,,
Andrey Santos,br BRA,MF,Chelsea,21,ENG-Premier League,1260,1,0,4,0,21,18,2,2,,,
Ismaila Sarr,sn SEN,MF,Crystal Palace,27,ENG-Premier League,2174,9,1,2,0,9,7,24,21,,,
Mamadou Sarr,sn SEN,DF,Chelsea,19,ENG-Premier League,102,0,0,0,0,0,1,0,0,,,
Sávio,br BRA,MF,Manchester City,21,ENG-Premier League,833,1,1,2,0,5,5,40,11,,,
Nicolò Savona,it ITA,DF,Nottingham,22,ENG-Premier League,1028,2,0,2,0,12,5,27,3,,,
Oliver Scarles,eng ENG,"DF,MF",West Ham,19,ENG-Premier League,659,0,0,2,0,19,13,35,0,,,
Dane Scarlett,eng ENG,FW,Tottenham,21,ENG-Premier League,9,0,0,0,0,0,0,0,0,,,
Kevin Schade,de GER,"MF,FW",Brentford,23,ENG-Premier League,2745,8,3,6,1,27,19,23,24,,,
Fabian Schär,ch SUI,DF,Newcastle,33,ENG-Premier League,1091,0,0,1,0,9,16,4,4,,,
Alex Scott,eng ENG,MF,Bournemouth,21,ENG-Premier League,2849,3,1,5,0,38,35,88,13,,,
Jenson Seelt,nl NED,DF,Sunderland,22,ENG-Premier League,134,0,0,0,0,0,0,1,0,,,
Matz Sels,be BEL,GK,Nottingham,33,ENG-Premier League,2668,0,0,2,0,1,0,0,0,93,39,7
Antoine Semenyo,gh GHA,"MF,FW",Manchester City,25,ENG-Premier League,1397,7,1,1,0,11,6,21,14,,,
Antoine Semenyo,gh GHA,MF,Bournemouth,25,ENG-Premier League,1798,10,3,6,0,20,6,28,27,,,
Marcos Senesi,ar ARG,DF,Bournemouth,28,ENG-Premier League,3288,0,5,8,0,34,50,28,5,,,
Benjamin Šeško,si SVN,FW,Manchester Utd,22,ENG-Premier League,1643,11,1,2,0,3,3,2,34,,,
Ryan Sessegnon,eng ENG,"DF,MF",Fulham,25,ENG-Premier League,1823,3,1,0,0,29,23,55,4,,,
Luke Shaw,eng ENG,DF,Manchester Utd,30,ENG-Premier League,3219,1,1,9,0,45,43,54,3,,,
Bernardo Silva,pt POR,MF,Manchester City,30,ENG-Premier League,2872,2,4,10,0,28,21,72,7,,,
Jota Silva,pt POR,FW,Nottingham,25,ENG-Premier League,12,0,0,0,0,1,0,1,0,,,
Xavi Simons,nl NED,"MF,FW",Tottenham,22,ENG-Premier League,1755,2,5,5,1,20,15,51,10,,,
Adam Smith,eng ENG,DF,Bournemouth,34,ENG-Premier League,1077,0,2,3,0,12,10,13,0,,,
Emile Smith Rowe,eng ENG,MF,Fulham,25,ENG-Premier League,1923,3,0,1,0,22,22,13,11,,,
Dominic Solanke,eng ENG,FW,Tottenham,27,ENG-Premier League,1001,3,0,1,0,16,3,2,11,,,
Julio Soler,ar ARG,DF,Bournemouth,20,ENG-Premier League,35,0,0,0,0,0,0,2,0,,,
Oliver Sonne,pe PER,DF,Burnley,24,ENG-Premier League,169,1,0,0,0,1,1,5,1,,,
Borna Sosa,hr CRO,"DF,MF",Crystal Palace,27,ENG-Premier League,101,0,0,1,0,0,2,6,0,,,
Tomáš Souček,cz CZE,MF,West Ham,30,ENG-Premier League,2200,5,0,3,1,23,16,14,14,,,
Souza,br BRA,MF,Tottenham,19,ENG-Premier League,144,0,0,1,0,0,2,3,1,,,
Djed Spence,eng ENG,"DF,MF",Tottenham,24,ENG-Premier League,2056,0,0,4,0,25,15,49,8,,,
Anton Stach,de GER,MF,Leeds United,26,ENG-Premier League,2370,5,3,3,0,35,19,155,14,,,
John Stones,eng ENG,DF,Manchester City,31,ENG-Premier League,439,0,0,0,0,1,3,4,0,,,
Jørgen Strand Larsen,no NOR,FW,Wolves,25,ENG-Premier League,1404,1,1,2,0,2,3,3,7,,,
Jørgen Strand Larsen,no NOR,FW,Crystal Palace,25,ENG-Premier League,903,3,0,2,0,0,1,0,7,,,
Pascal Struijk,nl NED,DF,Leeds United,25,ENG-Premier League,2936,0,1,5,0,22,32,2,5,,,
Crysencio Summerville,nl NED,"MF,FW",West Ham,23,ENG-Premier League,2470,5,2,6,0,26,15,59,15,,,
Dominik Szoboszlai,hu HUN,"MF,DF",Liverpool,24,ENG-Premier League,3231,6,7,8,1,32,29,206,23,,,
Jocelin Ta Bi,ci CIV,MF,Sunderland,20,ENG-Premier League,38,0,0,0,0,0,0,5,0,,,
Chemsdine Talbi,ma MAR,"MF,FW",Sunderland,20,ENG-Premier League,1561,4,1,0,0,6,3,50,10,,,
Ao Tanaka,jp JPN,MF,Leeds United,26,ENG-Premier League,1315,2,0,1,0,15,21,39,5,,,
James Tarkowski,eng ENG,DF,Everton,32,ENG-Premier League,3330,2,3,8,0,30,29,7,10,,,
Marcus Tavernier,eng ENG,MF,Bournemouth,26,ENG-Premier League,2731,7,4,6,0,21,16,114,24,,,
Loum Tchaouna,fr FRA,"MF,FW",Burnley,21,ENG-Premier League,1272,2,1,2,0,9,2,34,9,,,
Jackson Tchatchoua,cm CMR,"MF,DF",Wolves,23,ENG-Premier League,1845,0,1,3,0,15,14,90,1,,,
Mathys Tel,fr FRA,"MF,FW",Tottenham,20,ENG-Premier League,1349,4,1,1,0,12,5,92,8,,,
Kenny Tete,nl NED,DF,Fulham,29,ENG-Premier League,1791,1,0,2,0,38,26,34,3,,,
Igor Thiago,br BRA,FW,Brentford,24,ENG-Premier League,3282,22,1,7,0,21,12,19,43,,,
Malick Thiaw,de GER,DF,Newcastle,23,ENG-Premier League,2965,4,0,4,0,34,30,9,14,,,
Youri Tielemans,be BEL,MF,Aston Villa,28,ENG-Premier League,1862,0,4,0,0,39,16,45,7,,,
Jurriën Timber,nl NED,DF,Arsenal,24,ENG-Premier League,2454,3,5,5,0,35,24,46,7,,,
Jean-Clair Todibo,fr FRA,DF,West Ham,25,ENG-Premier League,1814,0,1,5,1,24,16,2,0,,,
Sandro Tonali,it ITA,MF,Newcastle,25,ENG-Premier League,2534,0,2,4,0,25,28,95,8,,,
Pau Torres,es ESP,DF,Aston Villa,28,ENG-Premier League,1676,0,0,1,0,14,11,4,1,,,
Alex Tóth,hu HUN,MF,Bournemouth,19,ENG-Premier League,140,0,0,1,0,0,3,3,0,,,
James Trafford,eng ENG,GK,Manchester City,22,ENG-Premier League,360,0,0,0,0,1,0,0,0,14,6,1
Adama Traoré,es ESP,MF,Fulham,29,ENG-Premier League,274,0,0,0,0,1,0,15,1,,,
Adama Traoré,es ESP,"FW,MF",West Ham,29,ENG-Premier League,121,0,0,1,0,1,0,12,0,,,
Bertrand Traoré,bf BFA,"MF,FW",Sunderland,29,ENG-Premier League,632,1,0,1,0,4,2,13,6,,,
Mike Trésor,be BEL,"FW,MF",Burnley,26,ENG-Premier League,43,0,0,0,0,1,0,3,0,,,
Kieran Trippier,eng ENG,DF,Newcastle,34,ENG-Premier League,1586,0,1,3,0,13,7,96,0,,,
Leandro Trossard,be BEL,"FW,MF",Arsenal,30,ENG-Premier League,2000,6,6,2,0,15,9,58,15,,,
Adrien Truffert,fr FRA,DF,Bournemouth,23,ENG-Premier League,3379,1,5,5,0,51,43,142,6,,,
Axel Tuanzebe,cd COD,DF,Burnley,27,ENG-Premier League,1201,1,0,1,0,8,12,1,1,,,
Stefanos Tzimas,gr GRE,FW,Brighton,19,ENG-Premier League,139,1,1,0,0,1,0,1,1,,,
Christantus Uche,ng NGA,FW,Crystal Palace,22,ENG-Premier League,173,0,0,0,0,1,0,6,2,,,
Destiny Udogie,it ITA,"DF,MF",Tottenham,22,ENG-Premier League,1338,0,1,4,0,20,7,27,1,,,
Manuel Ugarte,uy URU,MF,Manchester Utd,24,ENG-Premier League,887,0,0,1,0,30,20,1,1,,,
Lesley Ugochukwu,fr FRA,MF,Burnley,21,ENG-Premier League,2336,3,1,3,1,26,17,7,8,,,
Enes Ünal,tr TUR,FW,Bournemouth,28,ENG-Premier League,232,1,0,1,0,1,0,2,3,,,
Hákon Valdimarsson,is ISL,GK,Brentford,23,ENG-Premier League,90,0,0,0,0,0,0,0,0,1,3,0
Virgil van Dijk,nl NED,DF,Liverpool,34,ENG-Premier League,3420,6,0,4,0,15,26,1,14,,,
Joël Veltman,nl NED,DF,Brighton,33,ENG-Premier League,1058,1,0,5,0,17,19,18,1,,,
Micky van de Ven,nl NED,DF,Tottenham,24,ENG-Premier League,3041,4,1,9,1,20,21,3,6,,,
Bart Verbruggen,nl NED,GK,Brighton,22,ENG-Premier League,3420,0,0,3,0,1,0,0,0,103,46,10
Guglielmo Vicario,it ITA,GK,Tottenham,28,ENG-Premier League,2790,0,0,1,0,1,0,0,0,83,50,7
Kyle Walker,eng ENG,"DF,MF",Burnley,35,ENG-Premier League,3096,0,2,9,0,32,43,37,0,,,
Kyle Walker-Peters,eng ENG,DF,West Ham,28,ENG-Premier League,1383,1,0,2,0,30,9,20,3,,,
Aaron Wan-Bissaka,cd COD,"DF,MF",West Ham,27,ENG-Premier League,2081,0,2,4,0,24,41,43,0,,,
James Ward-Prowse,eng ENG,MF,West Ham,30,ENG-Premier League,413,0,0,0,0,2,6,22,0,,,
James Ward-Prowse,eng ENG,MF,Burnley,30,ENG-Premier League,684,0,1,1,0,4,15,52,2,,,
Ollie Watkins,eng ENG,FW,Aston Villa,29,ENG-Premier League,2839,16,3,4,0,14,5,7,38,,,
Tom Watson,eng ENG,MF,Brighton,19,ENG-Premier League,62,0,0,1,0,1,0,0,1,,,
Max Weiß,de GER,GK,Burnley,21,ENG-Premier League,270,0,0,0,0,0,0,0,0,10,4,0
Danny Welbeck,eng ENG,FW,Brighton,34,ENG-Premier League,2258,13,1,5,0,14,8,3,28,,,
Adam Wharton,eng ENG,MF,Crystal Palace,21,ENG-Premier League,2552,1,5,6,1,36,27,86,6,,,
Ben White,eng ENG,DF,Arsenal,27,ENG-Premier League,702,0,1,0,0,9,9,16,1,,,
Mats Wieffer,nl NED,DF,Brighton,25,ENG-Premier League,1903,2,3,8,0,43,24,17,6,,,
Neco Williams,wls WAL,DF,Nottingham,24,ENG-Premier League,3204,2,3,6,1,61,46,143,19,,,
Estêvão Willian,br BRA,MF,Chelsea,18,ENG-Premier League,848,2,2,4,0,6,4,16,8,,,
Joe Willock,eng ENG,MF,Newcastle,25,ENG-Premier League,983,0,2,3,0,15,7,16,6,,,
Callum Wilson,eng ENG,FW,West Ham,33,ENG-Premier League,1251,7,1,1,0,2,3,5,16,,,
Harry Wilson,wls WAL,MF,Fulham,28,ENG-Premier League,2673,10,7,7,0,19,16,115,25,,,
Ben Winterburn,eng ENG,MF,Bournemouth,20,ENG-Premier League,7,0,0,0,0,0,0,0,0,,,
Florian Wirtz,de GER,MF,Liverpool,22,ENG-Premier League,2378,5,3,1,0,26,12,32,18,,,
Yoane Wissa,cd COD,FW,Newcastle,28,ENG-Premier League,531,1,1,3,0,5,0,1,5,,,
Nick Woltemade,de GER,"FW,MF",Newcastle,23,ENG-Premier League,1902,8,3,0,0,13,5,3,13,,,
Chris Wood,nz NZL,FW,Nottingham,33,ENG-Premier League,901,3,0,0,0,1,1,1,9,,,
Freddie Woodman,eng ENG,GK,Liverpool,28,ENG-Premier League,213,0,0,0,0,0,0,0,0,9,4,0
Joe Worrall,eng ENG,DF,Burnley,28,ENG-Premier League,500,0,0,0,0,2,6,0,0,,,
Granit Xhaka,ch SUI,MF,Sunderland,32,ENG-Premier League,2904,1,6,8,0,33,29,99,5,,,
Yehor Yarmoliuk,ua UKR,MF,Brentford,21,ENG-Premier League,2659,1,2,7,0,46,28,30,4,,,
Ryan Yates,eng ENG,MF,Nottingham,27,ENG-Premier League,617,0,2,3,0,10,9,5,2,,,
Leny Yoro,fr FRA,DF,Manchester Utd,19,ENG-Premier League,1740,0,0,1,0,20,31,3,3,,,
Oleksandr Zinchenko,ua UKR,DF,Nottingham,28,ENG-Premier League,353,0,0,0,0,6,2,18,2,,,
Joshua Zirkzee,nl NED,"FW,MF",Manchester Utd,24,ENG-Premier League,626,2,1,3,0,6,1,5,9,,,
Martín Zubimendi,es ESP,MF,Arsenal,26,ENG-Premier League,2992,5,1,4,0,39,39,13,9,,,
Martin Ødegaard,no NOR,MF,Arsenal,26,ENG-Premier League,1369,1,6,0,0,9,7,22,8,,,
Jones El-Abdellaoui,ma MAR,"MF,FW",Celta Vigo,19,ESP-La Liga,681,2,0,0,0,3,3,30,4,,,
Tay Abed,il ISR,MF,Levante,21,ESP-La Liga,93,0,0,0,0,1,2,5,1,,,
Abdel Abqar,ma MAR,DF,Getafe,26,ESP-La Liga,1437,0,2,10,1,17,20,2,1,,,
Akor Adams,ng NGA,FW,Sevilla,25,ESP-La Liga,2064,10,3,3,0,4,1,17,30,,,
Adrián,es ESP,GK,Real Betis,38,ESP-La Liga,90,0,0,0,0,0,0,0,0,6,1,0
David Affengruber,at AUT,DF,Elche,24,ESP-La Liga,2949,1,1,7,1,50,50,8,4,,,
Julen Agirrezabala,es ESP,GK,Valencia,24,ESP-La Liga,1620,0,0,1,0,1,0,0,0,52,30,4
Lucien Agoume,fr FRA,MF,Sevilla,23,ESP-La Liga,2686,1,3,12,0,40,49,18,2,,,
Diego Aguado,es ESP,DF,Real Madrid,18,ESP-La Liga,30,0,0,0,0,1,0,0,0,,,
Marc Aguado,es ESP,MF,Elche,25,ESP-La Liga,2500,1,2,3,0,26,42,2,2,,,
Pablo Agudín,es ESP,MF,Oviedo,17,ESP-La Liga,90,0,0,0,0,0,0,2,0,,,
Ibai Aguirre,es ESP,MF,Real Sociedad,18,ESP-La Liga,6,0,0,0,0,0,0,0,0,,,
Lucas Ahijado,es ESP,DF,Oviedo,30,ESP-La Liga,1098,0,1,3,0,29,17,16,2,,,
Joseph Aidoo,gh GHA,DF,Celta Vigo,29,ESP-La Liga,639,0,0,0,0,3,10,0,0,,,
Ilias Akhomach,ma MAR,"MF,FW",Rayo Vallecano,21,ESP-La Liga,709,0,1,2,0,10,2,22,6,,,
Ilias Akhomach,ma MAR,MF,Villarreal,21,ESP-La Liga,188,0,0,0,0,4,0,9,2,,,
David Alaba,at AUT,DF,Real Madrid,33,ESP-La Liga,424,0,0,1,0,4,0,0,1,,,
Alexandre Alemão,br BRA,FW,Rayo Vallecano,27,ESP-La Liga,1136,4,0,3,0,2,1,5,12,,,
Carles Aleñá,es ESP,MF,Alavés,27,ESP-La Liga,1989,0,4,5,0,24,12,121,5,,,
Trent Alexander-Arnold,eng ENG,DF,Real Madrid,26,ESP-La Liga,1163,0,4,4,0,10,13,126,2,,,
Alfon,es ESP,MF,Villarreal,26,ESP-La Liga,333,1,0,0,0,1,2,9,3,,,
Alfon,es ESP,MF,Sevilla,26,ESP-La Liga,312,1,0,0,0,0,1,4,7,,,
Thiago Almada,ar ARG,"MF,FW",Atlético Madrid,24,ESP-La Liga,1311,3,1,2,1,18,9,40,10,,,
André Almeida,pt POR,MF,Valencia,25,ESP-La Liga,1017,0,2,0,0,11,8,65,3,,,
Marcos Alonso,es ESP,DF,Celta Vigo,34,ESP-La Liga,2768,1,0,5,0,24,30,19,3,,,
Adrià Altimira,es ESP,"DF,MF",Villarreal,24,ESP-La Liga,9,0,0,0,0,1,0,0,0,,,
Sergi Altimira,es ESP,MF,Real Betis,23,ESP-La Liga,1186,1,2,3,0,36,20,3,3,,,
Carlos Álvarez,es ESP,MF,Levante,21,ESP-La Liga,1890,3,1,3,0,13,13,54,11,,,
Hugo Álvarez,es ESP,"FW,MF",Celta Vigo,22,ESP-La Liga,1340,4,2,2,0,9,10,23,8,,,
Julián Álvarez,ar ARG,FW,Atlético Madrid,25,ESP-La Liga,1895,8,4,2,0,13,3,86,26,,,
Yeray Álvarez,es ESP,DF,Athletic Club,30,ESP-La Liga,513,0,0,0,0,1,14,2,0,,,
Sofyan Amrabat,ma MAR,MF,Real Betis,28,ESP-La Liga,1295,0,0,4,0,13,11,6,1,,,
Manuel Ángel,es ESP,MF,Real Madrid,21,ESP-La Liga,96,0,0,0,0,3,0,0,1,,,
Miguel Ángel Rubio,es ESP,DF,Espanyol,27,ESP-La Liga,206,1,0,0,0,1,1,0,1,,,
Miguel Ángel Sierra,es ESP,FW,Sevilla,21,ESP-La Liga,62,0,0,0,0,1,0,4,1,,,
Andrés Antañón,es ESP,FW,Celta Vigo,18,ESP-La Liga,63,0,0,0,0,0,0,0,2,,,
Antoniu,es ESP,MF,Espanyol,22,ESP-La Liga,289,0,0,2,0,4,2,6,1,,,
Antony,br BRA,"MF,FW",Real Betis,25,ESP-La Liga,2447,8,6,6,1,23,22,66,34,,,
Mauro Arambarri,uy URU,MF,Getafe,29,ESP-La Liga,3249,6,2,6,0,43,21,19,19,,,
Jon Aramburu,ve VEN,DF,Real Sociedad,23,ESP-La Liga,2773,1,0,11,0,66,47,48,5,,,
Juan Arango,ve VEN,MF,Girona,19,ESP-La Liga,18,0,0,1,0,0,0,0,0,,,
Ronald Araújo,uy URU,DF,Barcelona,26,ESP-La Liga,1071,3,0,2,0,15,10,6,5,,,
Jesús Areso,es ESP,DF,Athletic Club,26,ESP-La Liga,1506,0,1,3,0,16,20,86,0,,,
Iñigo Arguibide,es ESP,DF,Osasuna,20,ESP-La Liga,187,0,0,0,1,3,1,5,0,,,
Kervin Arriaga,hn HON,MF,Levante,27,ESP-La Liga,1532,3,3,8,1,26,14,5,6,,,
Takuma Asano,jp JPN,"MF,FW",Mallorca,30,ESP-La Liga,664,1,0,2,0,10,1,14,2,,,
Raúl Asencio,es ESP,DF,Real Madrid,22,ESP-La Liga,1708,2,0,4,0,12,10,1,4,,,
Iago Aspas,es ESP,"FW,MF",Celta Vigo,37,ESP-La Liga,1140,5,3,4,0,11,12,24,12,,,
Yaser Asprilla,co COL,"FW,MF",Girona,21,ESP-La Liga,611,0,0,0,0,4,5,36,5,,,
Lander Astiazaran,es ESP,MF,Real Sociedad,19,ESP-La Liga,1,0,0,0,0,0,1,0,0,,,
Ezequiel Ávila,ar ARG,FW,Real Betis,31,ESP-La Liga,380,1,0,3,0,3,5,14,2,,,
César Azpilicueta,es ESP,DF,Sevilla,35,ESP-La Liga,1213,0,1,4,0,19,22,12,0,,,
Álex Baena,es ESP,"MF,FW",Atlético Madrid,24,ESP-La Liga,1560,2,3,5,0,11,16,117,7,,,
Eric Bailly,ci CIV,DF,Oviedo,31,ESP-La Liga,1234,1,0,3,0,10,17,1,1,,,
Cédric Bakambu,cd COD,FW,Real Betis,34,ESP-La Liga,569,3,1,1,0,2,2,2,9,,,
Alejandro Balde,es ESP,DF,Barcelona,21,ESP-La Liga,1869,0,2,2,0,21,6,25,1,,,
Carlos Ballestero,es ESP,DF,Alavés,21,ESP-La Liga,1,0,0,0,0,0,0,0,0,,,
Iván Balliu,al ALB,DF,Rayo Vallecano,33,ESP-La Liga,582,0,0,2,0,9,9,9,0,,,
Roony Bardghji,se SWE,"MF,FW",Barcelona,19,ESP-La Liga,648,1,1,0,0,4,2,54,12,,,
Kike Barja,es ESP,MF,Osasuna,28,ESP-La Liga,446,2,2,3,0,2,3,66,4,,,
Ander Barrenetxea,es ESP,MF,Real Sociedad,23,ESP-La Liga,1763,3,5,5,0,18,17,72,11,,,
Pablo Barrios,es ESP,MF,Atlético Madrid,22,ESP-La Liga,1661,1,1,0,0,16,26,30,6,,,
Marc Bartra,es ESP,DF,Real Betis,34,ESP-La Liga,1978,1,0,3,0,18,29,2,5,,,
Augusto Batalla,ar ARG,GK,Rayo Vallecano,29,ESP-La Liga,3060,0,0,6,0,1,0,0,0,91,37,11
Samu Becerra,es ESP,MF,Rayo Vallecano,19,ESP-La Liga,12,0,0,0,0,0,0,2,0,,,
Sheraldo Becker,sr SUR,"FW,MF",Osasuna,30,ESP-La Liga,158,0,0,0,0,1,3,11,0,,,
Donny van de Beek,nl NED,MF,Girona,28,ESP-La Liga,41,0,0,0,0,0,0,0,1,,,
Luken Beitia,es ESP,DF,Real Sociedad,21,ESP-La Liga,95,0,0,0,0,0,1,0,0,,,
Ismael Bekhoucha,ma MAR,DF,Getafe,20,ESP-La Liga,122,0,1,2,0,5,2,4,0,,,
Rayane Belaid,es ESP,"MF,FW",Atlético Madrid,20,ESP-La Liga,132,0,0,0,0,0,0,1,0,,,
Héctor Bellerín,es ESP,DF,Real Betis,30,ESP-La Liga,1822,2,3,2,0,16,14,29,5,,,
Jude Bellingham,eng ENG,MF,Real Madrid,22,ESP-La Liga,1916,6,4,3,0,37,14,16,26,,,
Fran Beltrán,es ESP,MF,Girona,26,ESP-La Liga,1012,1,0,3,0,14,11,8,3,,,
Fran Beltrán,es ESP,MF,Celta Vigo,26,ESP-La Liga,528,0,0,0,0,5,8,2,1,,,
Lucas Beltrán,ar ARG,FW,Valencia,24,ESP-La Liga,1365,1,2,1,0,10,4,10,9,,,
Carlos Benavídez,uy URU,DF,Alavés,27,ESP-La Liga,324,0,0,2,1,6,3,1,2,,,
Iker Benito,es ESP,MF,Osasuna,22,ESP-La Liga,159,1,0,1,0,0,2,5,1,,,
Yuri Berchiche,es ESP,DF,Athletic Club,35,ESP-La Liga,2705,0,6,5,0,29,34,64,5,,,
Álex Berenguer,es ESP,MF,Athletic Club,30,ESP-La Liga,2154,2,3,4,0,17,13,199,20,,,
Lucas Bergström,fi FIN,GK,Mallorca,22,ESP-La Liga,450,0,0,1,0,0,0,0,0,15,7,2
Marc Bernal,es ESP,MF,Barcelona,18,ESP-La Liga,790,2,1,4,0,19,12,1,2,,,
Pedro Bigas,es ESP,DF,Elche,34,ESP-La Liga,2063,1,3,5,1,22,30,26,3,,,
Veljko Birmančević,rs SRB,FW,Getafe,27,ESP-La Liga,142,0,0,0,0,0,2,2,1,,,
Antonio Blanco,es ESP,MF,Alavés,25,ESP-La Liga,3110,2,3,9,0,49,51,30,13,,,
Daley Blind,nl NED,DF,Girona,35,ESP-La Liga,2606,0,0,1,0,34,38,13,1,,,
Adam Boayar,ma MAR,MF,Elche,19,ESP-La Liga,104,1,0,0,0,2,1,2,2,,,
Adama Boiro,es ESP,DF,Athletic Club,23,ESP-La Liga,815,0,0,1,0,11,18,24,0,,,
Javier Boñar,es ESP,DF,Atlético Madrid,20,ESP-La Liga,299,1,0,0,0,3,0,3,1,,,
Rahim Bonkano,ne NIG,DF,Oviedo,23,ESP-La Liga,1713,0,0,2,0,19,29,68,0,,,
Thiago Borbas,uy URU,FW,Oviedo,23,ESP-La Liga,179,0,0,1,0,1,0,0,2,,,
Sebastián Boselli,uy URU,DF,Getafe,21,ESP-La Liga,380,0,0,4,0,13,0,8,1,,,
Lucas Boyé,ar ARG,FW,Alavés,29,ESP-La Liga,1958,11,1,4,1,25,7,10,21,,,
Enzo Boyomo,cm CMR,DF,Osasuna,23,ESP-La Liga,2542,1,2,7,0,36,17,10,4,,,
Josip Brekalo,hr CRO,"MF,FW",Oviedo,27,ESP-La Liga,486,0,0,1,0,7,2,26,3,,,
Abel Bretones,es ESP,"MF,DF",Osasuna,24,ESP-La Liga,1624,1,2,5,1,12,16,34,3,,,
Brugui,es ESP,"MF,FW",Levante,28,ESP-La Liga,1005,1,1,1,1,6,4,11,9,,,
Tajon Buchanan,ca CAN,MF,Villarreal,26,ESP-La Liga,1819,7,1,8,0,19,22,33,11,,,
Ante Budimir,hr CRO,FW,Osasuna,34,ESP-La Liga,2938,17,0,3,0,16,6,4,41,,,
Manu Bueno,es ESP,MF,Sevilla,21,ESP-La Liga,272,0,0,2,0,1,0,2,0,,,
Pau Cabanes,es ESP,FW,Villarreal,20,ESP-La Liga,16,0,0,0,0,0,0,0,0,,,
Jorge Cabello,es ESP,DF,Levante,21,ESP-La Liga,362,0,0,1,0,3,0,0,0,,,
Leandro Cabrera,uy URU,DF,Espanyol,34,ESP-La Liga,3330,3,0,4,0,23,23,20,12,,,
Miguel Calatayud,es ESP,DF,Mallorca,19,ESP-La Liga,43,0,0,0,0,0,0,1,0,,,
Calebe,br BRA,MF,Alavés,25,ESP-La Liga,752,0,0,2,0,14,9,16,1,,,
Fernando Calero,es ESP,DF,Espanyol,29,ESP-La Liga,2148,0,0,5,0,18,31,2,1,,,
Duje Ćaleta-Car,hr CRO,DF,Real Sociedad,28,ESP-La Liga,2150,1,0,6,1,14,29,1,3,,,
Dani Calvo,es ESP,DF,Oviedo,31,ESP-La Liga,1611,0,0,3,0,15,10,1,0,,,
Dawda Camara,mr MTN,FW,Girona,22,ESP-La Liga,72,0,0,0,0,0,1,0,1,,,
Eduardo Camavinga,fr FRA,MF,Real Madrid,22,ESP-La Liga,1528,1,0,2,0,37,15,2,2,,,
Sergio Camello,es ESP,"FW,MF",Rayo Vallecano,24,ESP-La Liga,823,5,1,3,1,8,4,3,14,,,
João Cancelo,pt POR,DF,Barcelona,31,ESP-La Liga,954,2,2,1,0,19,11,31,4,,,
Dani Cárdenas,es ESP,GK,Rayo Vallecano,28,ESP-La Liga,360,0,0,0,0,1,0,0,0,19,7,1
Sergi Cardona,es ESP,DF,Villarreal,26,ESP-La Liga,1970,1,4,4,0,31,37,75,5,,,
Fábio Cardoso,pt POR,DF,Sevilla,31,ESP-La Liga,295,0,0,0,0,3,4,0,0,,,
Johnny Cardoso,us USA,MF,Atlético Madrid,23,ESP-La Liga,887,0,0,5,0,21,16,3,0,,,
David Carmo,ao ANG,DF,Oviedo,26,ESP-La Liga,1786,1,0,8,1,18,21,2,3,,,
Carmona,es ESP,"DF,MF",Sevilla,23,ESP-La Liga,2565,1,3,13,0,40,45,48,3,,,
Sergio Carreira,es ESP,MF,Celta Vigo,24,ESP-La Liga,2694,2,1,2,0,18,27,32,7,,,
Gorka Carrera,es ESP,FW,Real Sociedad,20,ESP-La Liga,62,0,0,1,0,0,1,0,1,,,
Álvaro Carreras,es ESP,DF,Real Madrid,22,ESP-La Liga,2332,2,3,5,1,18,38,30,3,,,
Dani Carvajal,es ESP,DF,Real Madrid,33,ESP-La Liga,977,0,1,0,0,12,6,11,1,,,
Marc Casado,es ESP,MF,Barcelona,21,ESP-La Liga,989,0,1,1,0,9,7,1,0,,,
Lluc Castell,es ESP,FW,Espanyol,18,ESP-La Liga,19,0,0,0,0,0,0,0,0,,,
Castrin,es ESP,DF,Sevilla,22,ESP-La Liga,1277,1,0,4,0,15,22,1,3,,,
Jonny Castro,es ESP,DF,Alavés,31,ESP-La Liga,2994,0,0,7,0,41,40,23,3,,,
Catena,es ESP,DF,Osasuna,30,ESP-La Liga,3071,3,2,11,1,29,32,1,4,,,
Santi Cazorla,es ESP,MF,Oviedo,40,ESP-La Liga,940,0,1,2,1,10,4,71,1,,,
Dani Ceballos,es ESP,MF,Real Madrid,28,ESP-La Liga,486,0,0,1,0,10,7,3,0,,,
Lucas Cepeda,cl CHI,MF,Elche,22,ESP-La Liga,402,1,0,1,0,6,1,17,5,,,
Jorge Cestero,es ESP,MF,Real Madrid,19,ESP-La Liga,13,0,0,0,0,0,0,0,0,,,
Ilyas Chaira,ma MAR,"MF,FW",Oviedo,24,ESP-La Liga,2447,6,2,2,1,34,4,74,35,,,
Pep Chavarría,es ESP,DF,Rayo Vallecano,27,ESP-La Liga,2682,1,2,6,1,31,32,95,3,,,
Andreas Christensen,dk DEN,DF,Barcelona,29,ESP-La Liga,409,0,0,2,0,3,2,0,2,,,
Víctor Chust,es ESP,DF,Elche,25,ESP-La Liga,2166,1,0,8,1,35,20,36,3,,,
Pathé Ciss,sn SEN,"MF,DF",Rayo Vallecano,31,ESP-La Liga,1999,2,1,9,2,35,35,1,8,,,
Santiago Colombatto,ar ARG,MF,Oviedo,28,ESP-La Liga,2064,0,1,6,0,22,14,67,2,,,
Eray Cömert,ch SUI,DF,Valencia,27,ESP-La Liga,1337,2,1,3,1,14,21,1,3,,,
Santi Comesaña,es ESP,MF,Villarreal,28,ESP-La Liga,2407,3,6,5,1,25,31,12,7,,,
Copete,es ESP,DF,Valencia,25,ESP-La Liga,1759,0,0,5,0,15,25,4,0,,,
Iván Corralejo,es ESP,MF,Real Betis,18,ESP-La Liga,15,0,0,0,0,0,0,0,0,,,
Thierry Correia,pt POR,"DF,MF",Valencia,26,ESP-La Liga,1392,0,2,5,0,22,18,42,1,,,
Alvaro Cortes,es ESP,DF,Barcelona,20,ESP-La Liga,90,0,0,0,0,1,1,0,0,,,
Paco Cortés,es ESP,"MF,FW",Levante,17,ESP-La Liga,472,0,0,2,0,1,2,20,4,,,
Coba da Costa,es ESP,MF,Getafe,23,ESP-La Liga,348,0,0,1,0,6,0,23,1,,,
Logan Costa,cv CPV,DF,Villarreal,24,ESP-La Liga,30,0,0,0,0,0,0,0,0,,,
Samu Costa,pt POR,MF,Mallorca,24,ESP-La Liga,2697,7,2,11,0,37,26,30,16,,,
David Costas,es ESP,DF,Oviedo,30,ESP-La Liga,2066,1,0,3,0,22,27,1,1,,,
Thibaut Courtois,be BEL,GK,Real Madrid,33,ESP-La Liga,2880,0,0,1,0,1,0,0,0,70,28,13
Juan Cruz Armada,es ESP,DF,Osasuna,33,ESP-La Liga,649,0,0,2,0,3,4,5,0,,,
Pau Cubarsí,es ESP,DF,Barcelona,18,ESP-La Liga,2703,1,0,3,0,28,30,0,2,,,
Miguel Cubo,es ESP,FW,Atlético Madrid,17,ESP-La Liga,50,1,0,0,0,2,0,0,2,,,
Cucho,co COL,FW,Real Betis,26,ESP-La Liga,2580,11,3,5,0,16,11,23,27,,,
Pablo Cuñat,es ESP,GK,Levante,23,ESP-La Liga,180,0,0,0,0,0,0,0,0,11,5,0
Damián,es ESP,MF,Getafe,22,ESP-La Liga,151,0,0,0,0,4,3,0,0,,,
Arnaut Danjuma,nl NED,"MF,FW",Valencia,28,ESP-La Liga,1628,3,2,0,0,10,2,49,14,,,
Sergi Darder,es ESP,MF,Mallorca,31,ESP-La Liga,2680,1,5,3,0,13,23,165,13,,,
Davinchi,es ESP,DF,Getafe,17,ESP-La Liga,700,0,0,2,0,17,7,20,2,,,
Leander Dendoncker,be BEL,MF,Oviedo,30,ESP-La Liga,1330,1,0,2,0,25,11,5,4,,,
Nelson Deossa,co COL,MF,Real Betis,25,ESP-La Liga,743,0,0,3,0,8,6,7,0,,,
Ibrahim Diabaté,ci CIV,FW,Alavés,25,ESP-La Liga,578,2,0,1,0,1,2,0,5,,,
Bambo Diaby,sn SEN,DF,Elche,27,ESP-La Liga,102,0,0,1,0,0,1,0,0,,,
Mouctar Diakhaby,gn GUI,DF,Valencia,28,ESP-La Liga,543,1,0,3,0,6,9,0,3,,,
Grady Diangana,cd COD,"MF,FW",Elche,27,ESP-La Liga,926,1,0,3,0,6,4,12,2,,,
Moussa Diarra,ml MLI,DF,Alavés,24,ESP-La Liga,216,0,0,1,0,2,1,1,0,,,
Alassane Diatta,sn SEN,MF,Villarreal,20,ESP-La Liga,25,0,0,0,0,0,0,0,0,,,
Brahim Díaz,ma MAR,"FW,MF",Real Madrid,25,ESP-La Liga,1257,1,6,2,0,10,2,20,7,,,
Daniel Díaz,es ESP,FW,Real Sociedad,19,ESP-La Liga,18,0,0,0,0,0,0,1,0,,,
Julio Diaz,es ESP,DF,Atlético Madrid,20,ESP-La Liga,310,0,1,2,0,3,4,6,0,,,
Pedro Díaz,es ESP,MF,Rayo Vallecano,27,ESP-La Liga,1870,0,1,2,0,25,9,38,6,,,
Stole Dimitrievski,mk MKD,GK,Valencia,31,ESP-La Liga,1800,0,0,1,0,0,1,0,0,52,25,5
Matías Dituro,ar ARG,GK,Elche,38,ESP-La Liga,1980,0,0,1,0,0,1,0,0,64,29,4
Djené,tg TOG,"DF,MF",Getafe,33,ESP-La Liga,2578,0,0,10,2,24,38,11,0,,,
Marko Dmitrović,rs SRB,GK,Espanyol,33,ESP-La Liga,3330,0,0,0,0,2,0,0,0,133,54,10
Tyrhys Dolan,eng ENG,MF,Espanyol,23,ESP-La Liga,2415,2,5,7,1,35,15,105,12,,,
Marc Domenech,es ESP,MF,Mallorca,19,ESP-La Liga,214,0,1,0,0,2,0,7,0,,,
Carlos Dominguez,es ESP,DF,Celta Vigo,24,ESP-La Liga,610,0,0,1,0,8,5,1,1,,,
John Donald,es ESP,"DF,MF",Elche,24,ESP-La Liga,665,1,0,3,0,12,8,0,2,,,
Domingos Duarte,pt POR,DF,Getafe,30,ESP-La Liga,2923,1,1,11,0,18,33,0,4,,,
Pablo Durán,es ESP,"FW,MF",Celta Vigo,24,ESP-La Liga,1425,2,2,1,0,11,7,15,15,,,
Hugo Duro,es ESP,FW,Valencia,25,ESP-La Liga,1979,10,0,4,0,9,3,1,14,,,
Claudio Echeverri,ar ARG,"FW,MF",Girona,19,ESP-La Liga,624,1,1,4,0,6,1,15,7,,,
Ovie Ejaria,eng ENG,MF,Oviedo,27,ESP-La Liga,200,0,0,1,0,2,3,1,1,,,
Chidera Ejuke,ng NGA,"MF,FW",Sevilla,27,ESP-La Liga,932,1,1,0,0,13,7,27,3,,,
Unai Elgezabal,es ESP,"DF,MF",Levante,32,ESP-La Liga,958,1,0,2,0,4,4,0,1,,,
Aritz Elustondo,es ESP,DF,Real Sociedad,31,ESP-La Liga,720,0,1,0,0,8,10,6,2,,,
Endrick,br BRA,FW,Real Madrid,19,ESP-La Liga,12,0,0,0,1,0,0,0,0,,,
Aarón Escandell,es ESP,GK,Oviedo,29,ESP-La Liga,3240,0,1,3,0,0,0,0,0,145,56,10
Xavi Espart,es ESP,DF,Barcelona,18,ESP-La Liga,165,0,0,0,0,1,5,2,0,,,
Carlos Espí,es ESP,FW,Levante,20,ESP-La Liga,1343,11,0,3,0,7,9,1,24,,,
Alfonso Espino,uy URU,"DF,MF",Rayo Vallecano,33,ESP-La Liga,1486,2,0,3,0,33,15,49,9,,,
Marco Esteban,es ESP,DF,Oviedo,19,ESP-La Liga,45,0,0,0,0,0,0,0,0,,,
Karl Etta Eyong,cm CMR,FW,Levante,21,ESP-La Liga,1416,6,2,3,0,11,6,13,21,,,
Karl Etta Eyong,cm CMR,FW,Villarreal,21,ESP-La Liga,256,1,2,0,0,2,0,0,3,,,
Edu Expósito,es ESP,MF,Espanyol,28,ESP-La Liga,2523,1,6,9,0,29,24,254,13,,,
Abde Ezzalzouli,ma MAR,"MF,FW",Real Betis,23,ESP-La Liga,2247,10,8,3,0,32,15,55,26,,,
Omar Falah,es ESP,DF,Oviedo,21,ESP-La Liga,14,0,0,0,0,0,0,0,0,,,
Aleix Febas,es ESP,MF,Elche,29,ESP-La Liga,3160,2,2,10,0,46,27,22,8,,,
Luiz Felipe,it ITA,DF,Rayo Vallecano,28,ESP-La Liga,470,0,0,1,0,8,7,0,1,,,
Kiko Femenía,es ESP,"DF,MF",Getafe,34,ESP-La Liga,2008,1,1,6,0,24,36,43,3,,,
Aitor Fernández,es ESP,GK,Osasuna,34,ESP-La Liga,136,0,0,3,0,0,0,0,0,9,3,0
Dro Fernández,es ESP,MF,Barcelona,17,ESP-La Liga,92,0,0,0,0,0,0,0,0,,,
Manu Fernández,es ESP,DF,Celta Vigo,24,ESP-La Liga,758,0,0,2,0,9,7,0,0,,,
Pelayo Fernandez,es ESP,DF,Rayo Vallecano,22,ESP-La Liga,45,0,0,0,0,0,0,0,0,,,
Roberto Férnandez,es ESP,FW,Espanyol,23,ESP-La Liga,2382,7,3,3,0,5,6,9,23,,,
Thiago Fernández,ar ARG,"MF,FW",Oviedo,21,ESP-La Liga,817,0,4,4,0,7,5,27,5,,,
Toni Fernández,es ESP,FW,Barcelona,17,ESP-La Liga,45,0,0,0,0,0,0,0,0,,,
Álvaro Fidalgo,mx MEX,MF,Real Betis,28,ESP-La Liga,542,1,0,0,0,5,4,6,2,,,
Junior Firpo,do DOM,DF,Real Betis,28,ESP-La Liga,827,0,1,2,0,14,10,19,0,,,
Nicolas Fonseca,uy URU,MF,Oviedo,26,ESP-La Liga,1018,0,0,6,0,25,17,4,1,,,
Álex Forés,es ESP,FW,Oviedo,24,ESP-La Liga,360,0,1,0,0,1,1,2,2,,,
Pablo Fornals,es ESP,MF,Real Betis,29,ESP-La Liga,2848,9,6,2,0,26,34,140,18,,,
Héctor Fort,es ESP,"DF,MF",Elche,18,ESP-La Liga,482,2,2,0,0,3,5,8,5,,,
Fortuño,es ESP,GK,Espanyol,23,ESP-La Liga,90,0,0,0,0,0,0,0,0,2,1,0
Dimitri Foulquier,fr FRA,DF,Valencia,32,ESP-La Liga,1150,0,0,1,0,9,8,11,1,,,
Juan Foyth,ar ARG,DF,Villarreal,27,ESP-La Liga,934,0,0,2,0,13,15,0,0,,,
Alejandro Francés,es ESP,DF,Girona,22,ESP-La Liga,1116,0,2,2,1,15,16,24,4,,,
Alex Freeman,us USA,DF,Villarreal,20,ESP-La Liga,346,0,0,0,0,8,5,1,0,,,
Jorge de Frutos,es ESP,"FW,MF",Rayo Vallecano,28,ESP-La Liga,2463,10,1,3,0,16,11,47,28,,,
Javi Galán,es ESP,DF,Osasuna,30,ESP-La Liga,1672,0,1,3,0,30,27,86,1,,,
Javi Galán,es ESP,DF,Atlético Madrid,30,ESP-La Liga,134,0,0,0,0,2,1,5,0,,,
Iñigo Ruiz de Galarreta,es ESP,MF,Athletic Club,31,ESP-La Liga,2206,1,2,10,0,32,24,62,2,,,
Conor Gallagher,eng ENG,MF,Atlético Madrid,25,ESP-La Liga,679,2,0,2,0,12,11,11,5,,,
Facundo Garcés,my MAS,DF,Alavés,25,ESP-La Liga,793,0,0,3,0,8,7,1,4,,,
Álvaro García,es ESP,"MF,FW",Rayo Vallecano,32,ESP-La Liga,2101,4,5,3,0,15,14,91,19,,,
Eder García,es ESP,FW,Athletic Club,21,ESP-La Liga,38,0,0,1,0,0,0,0,0,,,
Eric García,es ESP,"DF,MF",Barcelona,24,ESP-La Liga,2721,1,1,6,0,44,50,14,7,,,
Fran Garcia,es ESP,"DF,MF",Real Madrid,25,ESP-La Liga,929,1,1,2,1,12,6,28,2,,,
Gonzalo García,es ESP,FW,Real Madrid,21,ESP-La Liga,964,6,1,2,0,7,2,3,11,,,
Hugo García,es ESP,MF,Celta Vigo,18,ESP-La Liga,8,0,0,0,0,0,0,0,0,,,
Joan García,es ESP,GK,Barcelona,24,ESP-La Liga,2700,0,0,1,0,4,1,0,0,74,21,15
Pablo Garcia,es ESP,MF,Real Betis,19,ESP-La Liga,388,0,0,1,0,5,3,3,4,,,
Rubén García,es ESP,"MF,FW",Osasuna,32,ESP-La Liga,2229,2,5,6,0,31,17,154,10,,,
Víctor García,es ESP,"MF,FW",Levante,27,ESP-La Liga,1040,2,1,1,0,15,7,65,8,,,
Federico Gattoni,ar ARG,DF,Sevilla,26,ESP-La Liga,10,0,0,0,0,0,0,0,0,,,
Gavi,es ESP,MF,Barcelona,20,ESP-La Liga,573,0,1,3,0,8,3,2,0,,,
Paulo Gazzaniga,ar ARG,GK,Girona,33,ESP-La Liga,3102,0,0,4,1,1,0,0,0,115,47,6
Mourad El Ghezouani,ma MAR,FW,Elche,27,ESP-La Liga,50,0,0,0,0,3,0,0,0,,,
Bryan Gil,es ESP,"MF,FW",Girona,24,ESP-La Liga,1578,0,3,6,0,18,9,52,7,,,
Moi Gómez,es ESP,MF,Osasuna,31,ESP-La Liga,1201,0,2,3,0,9,11,36,2,,,
Sergio Gómez,es ESP,DF,Real Sociedad,24,ESP-La Liga,2701,0,6,5,1,53,32,153,0,,,
Unai Gómez,es ESP,MF,Athletic Club,22,ESP-La Liga,936,1,1,1,0,8,3,23,7,,,
Valentín Gómez,ar ARG,DF,Real Betis,22,ESP-La Liga,1882,1,0,5,0,25,23,12,5,,,
Hugo González,es ESP,FW,Celta Vigo,22,ESP-La Liga,8,0,0,0,0,1,0,1,0,,,
Nicolás González,ar ARG,"MF,DF",Atlético Madrid,27,ESP-La Liga,1448,5,0,4,1,16,11,27,21,,,
Urko González,es ESP,"DF,MF",Real Sociedad,24,ESP-La Liga,11,0,0,0,0,0,0,0,0,,,
Urko González,es ESP,MF,Espanyol,24,ESP-La Liga,2623,0,1,7,0,33,29,12,1,,,
Andoni Gorosabel,es ESP,DF,Athletic Club,28,ESP-La Liga,1360,0,1,3,0,24,18,55,1,,,
Jon Gorrotxategi,es ESP,MF,Real Sociedad,23,ESP-La Liga,2210,1,3,7,0,29,31,5,1,,,
Mikel Goti,es ESP,MF,Real Sociedad,23,ESP-La Liga,76,0,0,0,0,1,0,3,0,,,
Antoine Griezmann,fr FRA,FW,Atlético Madrid,34,ESP-La Liga,1481,7,4,1,0,9,8,80,25,,,
Nemanja Gudelj,rs SRB,"DF,MF",Sevilla,33,ESP-La Liga,2348,2,0,9,0,23,23,7,9,,,
Gonçalo Guedes,pt POR,MF,Real Sociedad,28,ESP-La Liga,1823,8,4,3,0,16,4,70,18,,,
Javier Guerra,es ESP,"MF,FW",Valencia,22,ESP-La Liga,2061,4,6,3,0,15,23,46,12,,,
Daniel Guerrero,es ESP,MF,Real Betis,20,ESP-La Liga,1,0,0,0,0,0,0,0,0,,,
Ander Guevara,es ESP,MF,Alavés,28,ESP-La Liga,654,1,1,4,1,8,9,6,1,,,
Pape Gueye,sn SEN,MF,Villarreal,26,ESP-La Liga,2131,5,2,8,0,22,35,14,13,,,
Arda Güler,tr TUR,MF,Real Madrid,20,ESP-La Liga,2014,4,9,1,0,28,8,129,19,,,
Gerard Gumbau,es ESP,MF,Rayo Vallecano,30,ESP-La Liga,1175,0,3,4,0,16,11,52,5,,,
Jon Guridi,es ESP,"MF,FW",Alavés,30,ESP-La Liga,1238,0,0,1,0,19,10,12,4,,,
Gorka Guruzeta,es ESP,FW,Athletic Club,28,ESP-La Liga,2363,10,3,6,1,6,11,7,32,,,
Dávid Hancko,sk SVK,DF,Atlético Madrid,27,ESP-La Liga,2432,0,2,2,0,27,19,29,5,,,
Haissem Hassan,eg EGY,"MF,FW",Oviedo,23,ESP-La Liga,1942,0,3,1,0,26,6,113,8,,,
Jorge Herrando,es ESP,DF,Osasuna,24,ESP-La Liga,1600,0,1,3,0,15,22,2,0,,,
Sergio Herrera,es ESP,GK,Osasuna,32,ESP-La Liga,3284,0,0,3,1,0,0,0,0,113,47,7
Yangel Herrera,ve VEN,MF,Real Sociedad,27,ESP-La Liga,526,0,0,2,0,6,1,0,1,,,
Yangel Herrera,ve VEN,MF,Girona,27,ESP-La Liga,110,0,0,0,0,1,1,2,0,,,
Asier Hierro,es ESP,FW,Athletic Club,20,ESP-La Liga,34,0,0,0,0,0,0,0,0,,,
Omar El Hilali,ma MAR,DF,Espanyol,21,ESP-La Liga,2826,0,2,9,0,55,39,57,0,,,
Ali Houary,ma MAR,MF,Elche,19,ESP-La Liga,123,0,0,0,0,2,1,0,0,,,
Dean Huijsen,es ESP,DF,Real Madrid,20,ESP-La Liga,2034,2,2,7,1,18,18,1,5,,,
Pablo Ibáñez,es ESP,MF,Alavés,26,ESP-La Liga,2236,1,1,7,0,37,21,38,13,,,
Stanis Idumbo,be BEL,MF,Sevilla,20,ESP-La Liga,45,0,0,0,0,0,0,0,0,,,
Iglesias,es ESP,DF,Getafe,27,ESP-La Liga,3185,1,2,4,0,72,28,108,5,,,
Borja Iglesias,es ESP,FW,Celta Vigo,32,ESP-La Liga,1900,14,2,7,0,5,0,3,26,,,
Luka Ilić,rs SRB,"MF,FW",Oviedo,26,ESP-La Liga,742,1,0,4,1,5,7,7,5,,,
Isco,es ESP,MF,Real Betis,33,ESP-La Liga,233,1,1,0,0,2,2,9,1,,,
Urko Izeta,es ESP,FW,Athletic Club,25,ESP-La Liga,193,1,0,2,0,0,0,2,5,,,
Jairo Izquierdo,es ESP,"DF,FW",Elche,31,ESP-La Liga,24,0,0,0,0,0,0,3,0,,,
Adnan Januzaj,be BEL,"MF,FW",Sevilla,30,ESP-La Liga,321,0,0,1,0,4,1,30,0,,,
Mikel Jauregizar,es ESP,MF,Athletic Club,21,ESP-La Liga,2831,2,0,6,1,45,48,72,11,,,
David Jiménez,es ESP,DF,Real Madrid,21,ESP-La Liga,76,0,0,0,0,1,0,3,1,,,
Jofre,es ESP,MF,Espanyol,24,ESP-La Liga,930,1,0,1,0,6,6,35,7,,,
Frenkie de Jong,nl NED,MF,Barcelona,28,ESP-La Liga,1636,1,5,4,1,19,17,5,2,,,
Joan Jordán,es ESP,MF,Sevilla,31,ESP-La Liga,25,0,0,1,1,0,0,0,0,,,
Josan,es ESP,"MF,DF",Elche,35,ESP-La Liga,565,0,3,2,0,8,6,72,1,,,
Mateo Joseph,es ESP,"MF,FW",Mallorca,21,ESP-La Liga,1699,2,3,2,0,19,13,14,14,,,
Juanmi,es ESP,"FW,MF",Getafe,32,ESP-La Liga,179,1,0,0,0,0,0,0,1,,,
Luiz Lúcio Reis Júnior,br BRA,GK,Villarreal,24,ESP-La Liga,2520,0,0,3,0,0,1,0,0,72,30,8
Vinicius Júnior,br BRA,"FW,MF",Real Madrid,25,ESP-La Liga,2815,16,5,8,0,15,2,63,46,,,
Ferran Jutglà,es ESP,FW,Celta Vigo,26,ESP-La Liga,1652,9,3,4,0,3,8,19,26,,,
Justin-Noël Kalumba,fr FRA,FW,Mallorca,20,ESP-La Liga,81,0,0,0,0,1,0,2,0,,,
Abu Kamara,eng ENG,MF,Getafe,22,ESP-La Liga,256,0,0,1,0,2,3,9,1,,,
Willy Kambwala,fr FRA,DF,Villarreal,20,ESP-La Liga,86,0,0,0,0,0,0,0,0,,,
Jon Karrikaburu,es ESP,FW,Real Sociedad,22,ESP-La Liga,135,0,0,0,0,2,0,1,2,,,
Kiké,es ESP,FW,Espanyol,35,ESP-La Liga,1734,8,1,3,0,8,4,17,27,,,
Koke,es ESP,MF,Atlético Madrid,33,ESP-La Liga,2219,2,2,6,0,30,19,44,4,,,
Luca Koleosho,it ITA,MF,Espanyol,20,ESP-La Liga,63,0,0,0,0,1,1,5,0,,,
Ville Koski,fi FIN,DF,Alavés,23,ESP-La Liga,282,0,0,0,0,3,4,0,1,,,
Jules Koundé,fr FRA,DF,Barcelona,26,ESP-La Liga,2261,1,3,6,0,24,31,40,4,,,
Lancinet Kourouma,gn GUI,FW,Girona,21,ESP-La Liga,43,0,0,0,1,0,1,0,0,,,
Goduine Koyalipou,cf CTA,FW,Levante,25,ESP-La Liga,247,1,0,1,0,3,1,1,4,,,
Vladyslav Krapyvtsov,ua UKR,GK,Girona,20,ESP-La Liga,136,0,0,0,0,0,0,0,0,4,6,0
Ladislav Krejčí,cz CZE,DF,Girona,26,ESP-La Liga,180,0,0,1,0,0,1,0,0,,,
Takefusa Kubo,jp JPN,MF,Real Sociedad,24,ESP-La Liga,1503,2,4,2,0,18,10,39,12,,,
Marash Kumbulla,al ALB,DF,Mallorca,25,ESP-La Liga,439,0,0,1,0,2,2,2,0,,,
Adrián de la Fuente,es ESP,DF,Levante,26,ESP-La Liga,2711,3,1,5,0,18,48,40,9,,,
Yoel Lago,es ESP,DF,Celta Vigo,21,ESP-La Liga,938,0,0,4,0,10,7,0,0,,,
Aymeric Laporte,es ESP,DF,Athletic Club,31,ESP-La Liga,2058,0,1,4,0,17,27,2,5,,,
Toni Lato,es ESP,"DF,MF",Mallorca,27,ESP-La Liga,583,0,1,3,0,8,6,26,0,,,
Robin Le Normand,es ESP,DF,Atlético Madrid,28,ESP-La Liga,1789,1,1,5,0,20,20,3,1,,,
Álvaro Leiva,es ESP,FW,Real Madrid,22,ESP-La Liga,4,0,0,0,0,0,0,0,0,,,
Florian Lejeune,fr FRA,DF,Rayo Vallecano,34,ESP-La Liga,3230,2,1,7,0,47,47,8,18,,,
Youssef Lekhedim,es ESP,"DF,MF",Alavés,19,ESP-La Liga,1335,0,1,7,0,10,12,61,3,,,
Iñigo Lekue,es ESP,DF,Athletic Club,32,ESP-La Liga,600,0,0,2,2,10,4,19,1,,,
Thomas Lemar,fr FRA,MF,Girona,29,ESP-La Liga,1258,3,1,4,0,15,5,56,8,,,
Ruben Lendinez,es ESP,DF,Valencia,22,ESP-La Liga,4,0,0,0,0,1,0,0,0,,,
Clément Lenglet,fr FRA,DF,Atlético Madrid,30,ESP-La Liga,1391,0,1,6,1,10,20,2,0,,,
Robert Lewandowski,pl POL,FW,Barcelona,36,ESP-La Liga,1664,14,2,2,0,3,3,0,29,,,
Adrián Liso,es ESP,"FW,MF",Getafe,20,ESP-La Liga,1702,3,0,5,1,22,4,42,10,,,
Javier Llabrés,es ESP,MF,Mallorca,22,ESP-La Liga,187,0,0,0,0,2,0,10,2,,,
Diego Llorente,es ESP,DF,Real Betis,31,ESP-La Liga,1229,1,0,5,0,15,27,1,3,,,
Marcos Llorente,es ESP,"DF,MF",Atlético Madrid,30,ESP-La Liga,2181,0,4,7,1,41,13,49,6,,,
Giovani Lo Celso,ar ARG,MF,Real Betis,29,ESP-La Liga,1393,2,3,4,0,13,6,61,11,,,
Ademola Lookman,ng NGA,"FW,MF",Atlético Madrid,27,ESP-La Liga,617,4,0,1,0,3,1,12,5,,,
David López,es ESP,DF,Girona,35,ESP-La Liga,293,0,0,0,0,2,0,0,1,,,
David López,es ESP,DF,Mallorca,22,ESP-La Liga,837,0,0,2,0,7,9,0,0,,,
Diego López,es ESP,"MF,FW",Valencia,23,ESP-La Liga,1762,4,1,2,0,16,14,41,8,,,
Fer López,es ESP,"MF,FW",Celta Vigo,21,ESP-La Liga,1170,1,1,3,0,11,6,18,5,,,
Fermin López,es ESP,MF,Barcelona,22,ESP-La Liga,1797,6,9,3,0,22,7,36,25,,,
Hugo López,es ESP,MF,Villarreal,18,ESP-La Liga,56,0,0,0,0,1,1,2,0,,,
Javi López,es ESP,DF,Oviedo,23,ESP-La Liga,1711,0,1,3,1,23,20,60,1,,,
Pau López,es ESP,GK,Real Betis,30,ESP-La Liga,810,0,0,1,0,1,0,0,0,29,11,2
Unai López,es ESP,MF,Rayo Vallecano,29,ESP-La Liga,1612,0,4,8,1,16,21,62,4,,,
Iker Losada,es ESP,MF,Levante,23,ESP-La Liga,902,3,1,1,0,12,10,22,4,,,
Pol Lozano,es ESP,MF,Espanyol,25,ESP-La Liga,2157,2,1,12,1,19,23,29,5,,,
Sergio Lozano,es ESP,MF,Levante,26,ESP-La Liga,12,0,0,0,0,1,0,0,0,,,
Oier Luengo,es ESP,DF,Oviedo,27,ESP-La Liga,225,0,1,1,0,5,2,0,0,,,
José Luis Gayà,es ESP,DF,Valencia,30,ESP-La Liga,2448,1,2,6,1,44,23,88,3,,,
José Luis Morales,es ESP,MF,Levante,38,ESP-La Liga,363,1,1,1,0,5,3,11,4,,,
Dodi Lukebakio,be BEL,MF,Sevilla,27,ESP-La Liga,180,1,0,0,0,0,1,10,1,,,
Andriy Lunin,ua UKR,GK,Real Madrid,26,ESP-La Liga,540,0,0,0,1,0,0,0,0,16,7,1
Iker Luque,es ESP,DF,Atlético Madrid,20,ESP-La Liga,28,1,0,0,0,0,0,0,2,,,
Zito Luvumbo,ao ANG,"FW,MF",Mallorca,23,ESP-La Liga,508,0,2,2,0,0,0,19,7,,,
Carlos Macià,es ESP,MF,Villarreal,16,ESP-La Liga,83,0,0,1,0,0,2,0,0,,,
Pablo Maffeo,es ESP,DF,Mallorca,28,ESP-La Liga,2662,1,2,11,0,34,33,85,1,,,
Aitor Mañas,es ESP,FW,Alavés,22,ESP-La Liga,122,0,0,0,0,2,1,0,1,,,
Marcão,br BRA,DF,Sevilla,29,ESP-La Liga,938,1,0,5,1,4,4,1,2,,,
José María Giménez,uy URU,DF,Atlético Madrid,30,ESP-La Liga,1178,0,1,3,0,12,15,0,3,,,
Mariano,do DOM,FW,Alavés,31,ESP-La Liga,288,0,0,1,0,1,0,3,3,,,
Arkaitz Mariezkurrena,es ESP,FW,Real Sociedad,20,ESP-La Liga,1,0,0,0,0,0,0,0,0,,,
Pablo Marín,es ESP,MF,Real Sociedad,22,ESP-La Liga,1502,0,1,2,0,18,9,17,4,,,
Rafa Marín,es ESP,DF,Villarreal,23,ESP-La Liga,1979,1,0,1,0,22,20,0,1,,,
Tomas Marques,es ESP,MF,Barcelona,18,ESP-La Liga,11,0,0,0,0,0,0,0,0,,,
Unai Marrero,es ESP,GK,Real Sociedad,23,ESP-La Liga,90,0,0,1,0,0,0,0,0,7,1,0
Carlos Martín,es ESP,"MF,FW",Rayo Vallecano,23,ESP-La Liga,450,0,0,1,0,7,0,8,4,,,
Gerard Martín,es ESP,DF,Barcelona,23,ESP-La Liga,2119,0,0,6,0,29,31,14,4,,,
Iván Martín,es ESP,MF,Girona,26,ESP-La Liga,2532,0,1,5,1,39,17,15,5,,,
Jon Martin,es ESP,DF,Real Sociedad,19,ESP-La Liga,2250,2,0,6,0,16,35,0,5,,,
Mario Martín,es ESP,"MF,FW",Getafe,21,ESP-La Liga,2125,2,1,11,0,32,16,13,6,,,
Arnau Martinez,es ESP,"DF,MF",Girona,22,ESP-La Liga,2666,2,3,6,0,39,37,50,4,,,
Daniel Martinez,es ESP,DF,Atlético Madrid,21,ESP-La Liga,90,0,0,0,0,0,1,1,0,,,
Joaquín Martínez Gauna,es ESP,"MF,DF",Sevilla,22,ESP-La Liga,1408,2,3,1,0,20,8,88,8,,,
Pablo Martínez,es ESP,MF,Levante,27,ESP-La Liga,1857,1,5,3,0,10,19,87,4,,,
Ramón Martínez,es ESP,DF,Sevilla,22,ESP-La Liga,102,0,0,0,0,0,1,0,0,,,
Toni Martínez,es ESP,FW,Alavés,28,ESP-La Liga,2714,14,3,2,0,15,4,14,36,,,
Omar Mascarell,gq EQG,"MF,DF",Mallorca,32,ESP-La Liga,2239,2,2,5,0,28,35,6,3,,,
Franco Mastantuono,ar ARG,"MF,FW",Real Madrid,17,ESP-La Liga,1037,1,0,5,1,12,3,31,7,,,
Alan Matturro,uy URU,DF,Levante,20,ESP-La Liga,947,1,1,0,1,13,6,0,1,,,
Neal Maupay,fr FRA,FW,Sevilla,28,ESP-La Liga,865,2,1,2,0,1,1,4,7,,,
Borja Mayoral,es ESP,FW,Getafe,28,ESP-La Liga,1058,4,1,0,0,5,4,6,7,,,
Kylian Mbappé,fr FRA,FW,Real Madrid,26,ESP-La Liga,2599,25,5,4,0,1,3,26,63,,,
Brais Méndez,es ESP,"MF,FW",Real Sociedad,28,ESP-La Liga,1660,6,2,4,1,18,8,62,16,,,
Rodrigo Mendoza,es ESP,MF,Atlético Madrid,20,ESP-La Liga,434,0,1,2,0,3,0,2,2,,,
Rodrigo Mendoza,es ESP,"MF,FW",Elche,20,ESP-La Liga,794,1,0,4,0,9,5,17,2,,,
Batista Mendy,fr FRA,MF,Sevilla,25,ESP-La Liga,1617,1,0,6,0,23,18,5,5,,,
Ferland Mendy,fr FRA,DF,Real Madrid,30,ESP-La Liga,207,0,0,0,0,1,2,0,0,,,
Nobel Mendy,sn SEN,DF,Rayo Vallecano,20,ESP-La Liga,1797,2,0,9,2,15,23,6,3,,,
Alejandro Mestanza,es ESP,MF,Getafe,20,ESP-La Liga,71,0,0,0,0,1,0,4,0,,,
Georges Mikautadze,ge GEO,FW,Villarreal,24,ESP-La Liga,2109,13,6,1,0,4,5,21,32,,,
Éder Militão,br BRA,DF,Real Madrid,27,ESP-La Liga,1139,2,1,2,0,16,10,1,9,,,
Luis Milla,es ESP,MF,Getafe,30,ESP-La Liga,3271,1,10,5,1,33,42,225,4,,,
Pere Milla,es ESP,"MF,FW",Espanyol,32,ESP-La Liga,1973,7,1,6,1,24,18,36,21,,,
Óscar Mingueza,es ESP,MF,Celta Vigo,26,ESP-La Liga,1968,1,4,4,0,20,9,68,5,,,
Bojan Miovski,mk MKD,FW,Girona,26,ESP-La Liga,44,0,0,0,0,0,0,0,0,,,
Rafa Mir,es ESP,"FW,MF",Elche,28,ESP-La Liga,1803,8,0,4,0,7,4,19,36,,,
Johan Mojica,co COL,DF,Mallorca,32,ESP-La Liga,2724,0,4,6,1,30,24,133,2,,,
Horaţiu Moldovan,ro ROU,GK,Oviedo,27,ESP-La Liga,180,0,0,0,0,0,0,0,0,4,4,0
Alberto Moleiro,es ESP,MF,Villarreal,21,ESP-La Liga,2478,10,5,4,0,21,14,31,20,,,
Nahuel Molina,ar ARG,"DF,MF",Atlético Madrid,27,ESP-La Liga,1331,2,2,4,0,24,14,49,4,,,
Jon Moncayola,es ESP,MF,Osasuna,27,ESP-La Liga,3016,0,4,9,0,26,27,142,5,,,
Jano Monserrate,es ESP,MF,Atlético Madrid,19,ESP-La Liga,23,0,0,0,0,2,0,3,1,,,
Jorge Montes,es ESP,DF,Getafe,21,ESP-La Liga,27,0,0,0,0,2,0,2,0,,,
Diego Morcillo,es ESP,FW,Alavés,22,ESP-La Liga,10,0,0,0,0,0,0,1,0,,,
Javi Morcillo,es ESP,MF,Atlético Madrid,19,ESP-La Liga,172,0,0,2,0,4,3,0,0,,,
Álex Moreno,es ESP,DF,Girona,32,ESP-La Liga,2559,0,3,5,0,28,29,66,5,,,
Gerard Moreno,es ESP,FW,Villarreal,33,ESP-La Liga,1343,10,0,0,0,8,3,11,16,,,
Matias Moreno,ar ARG,DF,Levante,21,ESP-La Liga,2252,0,0,8,0,25,38,3,0,,,
Tete Morente,es ESP,MF,Elche,28,ESP-La Liga,929,1,1,1,0,11,11,46,1,,,
Mateu Morey,es ESP,"DF,MF",Mallorca,25,ESP-La Liga,704,1,0,2,0,8,6,14,2,,,
Ilaix Moriba,gn GUI,MF,Celta Vigo,22,ESP-La Liga,2495,2,3,8,0,42,24,2,5,,,
Manu Morlanes,es ESP,MF,Mallorca,26,ESP-La Liga,1765,3,0,5,1,30,19,11,4,,,
Raúl Moro,es ESP,MF,Osasuna,22,ESP-La Liga,625,0,2,0,0,0,1,28,0,,,
Santiago Mouriño,uy URU,DF,Villarreal,23,ESP-La Liga,2377,1,2,11,1,64,29,6,3,,,
Abdul Mumin,gh GHA,DF,Rayo Vallecano,27,ESP-La Liga,79,0,0,0,0,0,2,0,0,,,
Aihen Muñoz,es ESP,DF,Real Sociedad,27,ESP-La Liga,848,1,0,1,0,18,5,24,2,,,
Iker Muñoz,es ESP,MF,Osasuna,22,ESP-La Liga,952,0,0,5,0,7,12,6,4,,,
Javier Muñoz,es ESP,"MF,FW",Getafe,30,ESP-La Liga,551,0,0,0,0,5,6,11,6,,,
Víctor Muñoz,es ESP,"MF,FW",Osasuna,22,ESP-La Liga,2656,6,2,3,0,13,10,99,31,,,
Vedat Muriqi,xk KVX,FW,Mallorca,31,ESP-La Liga,3128,23,1,4,1,3,3,6,50,,,
Juan Musso,ar ARG,GK,Atlético Madrid,31,ESP-La Liga,720,0,0,2,0,0,0,0,0,22,13,3
Natan,br BRA,DF,Real Betis,24,ESP-La Liga,2807,0,0,8,0,17,37,1,1,,,
Pau Navarro,es ESP,DF,Villarreal,20,ESP-La Liga,1921,0,0,4,0,35,18,2,2,,,
Roberto Navarro,es ESP,MF,Athletic Club,23,ESP-La Liga,1307,6,1,1,0,10,7,74,10,,,
Martim Neto,pt POR,MF,Elche,22,ESP-La Liga,1347,2,5,3,0,12,2,33,4,,,
Yvan Neyou,cm CMR,MF,Getafe,28,ESP-La Liga,67,0,0,2,0,0,0,0,0,,,
Cyril Ngonge,be BEL,MF,Espanyol,25,ESP-La Liga,424,0,2,4,0,3,4,26,4,,,
Tanguy Nianzou,fr FRA,DF,Sevilla,23,ESP-La Liga,655,0,0,5,1,10,4,0,0,,,
Randy Nteka,ao ANG,FW,Rayo Vallecano,27,ESP-La Liga,374,3,0,3,0,4,0,0,6,,,
Álvaro Núñez,es ESP,"DF,MF",Elche,25,ESP-La Liga,1647,0,2,2,0,15,15,60,0,,,
Álvaro Núñez,es ESP,"DF,MF",Celta Vigo,25,ESP-La Liga,328,0,0,0,0,1,1,1,1,,,
Unai Núñez,es ESP,DF,Valencia,28,ESP-La Liga,911,0,0,3,0,11,11,4,1,,,
Ørjan Nyland,no NOR,GK,Sevilla,34,ESP-La Liga,450,0,0,1,0,0,0,0,0,11,8,1
Allan Nyom,cm CMR,DF,Getafe,37,ESP-La Liga,523,0,1,6,1,6,1,8,1,,,
Jan Oblak,si SVN,GK,Atlético Madrid,32,ESP-La Liga,2700,0,0,0,0,0,0,0,0,75,31,11
Job Ochieng',ke KEN,MF,Real Sociedad,22,ESP-La Liga,93,0,0,0,0,1,1,3,0,,,
Álvaro Odriozola,es ESP,DF,Real Sociedad,29,ESP-La Liga,201,1,0,0,0,1,1,3,1,,,
Javier Olaizola,es ESP,DF,Mallorca,18,ESP-La Liga,51,0,0,0,0,1,0,3,0,,,
Olasagasti,es ESP,MF,Levante,24,ESP-La Liga,1734,1,5,2,1,15,14,106,9,,,
Dani Olmo,es ESP,MF,Barcelona,27,ESP-La Liga,2067,7,8,1,0,23,14,28,21,,,
Tani Oluwaseyi,ca CAN,FW,Villarreal,25,ESP-La Liga,901,2,2,1,0,5,1,3,7,,,
Luis Orejuela,,DF,Mallorca,,ESP-La Liga,90,0,0,0,0,0,1,2,0,,,
Aimar Oroz,es ESP,"MF,FW",Osasuna,23,ESP-La Liga,2139,0,2,6,0,18,8,32,4,,,
Ángel Ortíz,es ESP,DF,Real Betis,21,ESP-La Liga,584,0,0,1,0,19,1,19,0,,,
Asier Osambela,es ESP,DF,Osasuna,21,ESP-La Liga,343,1,0,1,1,2,4,4,3,,,
Azzedine Ounahi,ma MAR,MF,Girona,25,ESP-La Liga,1760,5,2,6,0,15,16,41,19,,,
Mikel Oyarzabal,es ESP,FW,Real Sociedad,28,ESP-La Liga,2710,15,4,3,0,20,5,21,36,,,
Jon Pacheco,es ESP,DF,Alavés,24,ESP-La Liga,1735,0,0,5,1,16,11,4,1,,,
Alex Padilla,es ESP,GK,Athletic Club,21,ESP-La Liga,90,0,0,0,1,0,0,0,0,4,4,0
César Palacios,es ESP,MF,Real Madrid,20,ESP-La Liga,86,0,0,0,0,2,3,1,0,,,
Isaac Palazón Camacho,es ESP,"MF,FW",Rayo Vallecano,30,ESP-La Liga,2248,3,3,10,1,12,3,105,15,,,
Diego Pampín,es ESP,DF,Levante,25,ESP-La Liga,534,0,0,3,0,5,5,14,0,,,
Victor Parada,es ESP,DF,Alavés,23,ESP-La Liga,2146,0,3,9,1,14,9,31,3,,,
Aitor Paredes,es ESP,DF,Athletic Club,25,ESP-La Liga,1630,2,0,4,0,12,26,1,4,,,
Daniel Parejo,es ESP,MF,Villarreal,36,ESP-La Liga,1392,1,0,3,0,29,14,39,1,,,
Thomas Partey,gh GHA,MF,Villarreal,32,ESP-La Liga,934,0,0,1,0,6,13,3,2,,,
Alfonso Pedraza,es ESP,DF,Villarreal,29,ESP-La Liga,1689,1,3,8,0,31,29,84,3,,,
Pedri,es ESP,MF,Barcelona,22,ESP-La Liga,2104,2,9,2,1,33,24,12,10,,,
Adrià Pedrosa,es ESP,"DF,MF",Sevilla,27,ESP-La Liga,6,0,0,0,0,0,0,3,0,,,
Adrià Pedrosa,es ESP,"DF,MF",Elche,27,ESP-La Liga,1090,1,1,4,0,19,16,51,3,,,
Iñaki Peña,es ESP,GK,Elche,26,ESP-La Liga,1440,0,0,0,0,0,0,0,0,55,28,4
Nicolas Pépé,ci CIV,"MF,FW",Villarreal,30,ESP-La Liga,2393,8,8,4,0,21,15,71,25,,,
Peque,es ESP,"MF,FW",Sevilla,22,ESP-La Liga,982,2,1,7,0,8,1,28,6,,,
Ángel Pérez,es ESP,"MF,DF",Alavés,22,ESP-La Liga,1288,1,3,4,0,13,9,85,4,,,
Ayoze Pérez,es ESP,FW,Villarreal,32,ESP-La Liga,1124,5,4,4,0,11,3,9,11,,,
Francisco Perez,es ESP,"MF,FW",Rayo Vallecano,22,ESP-La Liga,1237,2,1,4,0,10,2,48,8,,,
Joselu Pérez,es ESP,DF,Getafe,21,ESP-La Liga,22,0,0,0,0,0,0,0,0,,,
Nacho Pérez,es ESP,DF,Levante,16,ESP-La Liga,148,0,0,1,0,1,2,0,0,,,
Léo Pétrot,fr FRA,DF,Elche,28,ESP-La Liga,1572,0,0,2,1,22,17,16,0,,,
Charles Pickel,cd COD,MF,Espanyol,28,ESP-La Liga,707,1,0,4,2,6,6,2,4,,,
Thiago Pinar,es ESP,MF,Real Madrid,17,ESP-La Liga,592,0,2,2,0,4,7,0,2,,,
Lander Pinillos,es ESP,MF,Alavés,21,ESP-La Liga,2,0,0,0,0,0,0,1,0,,,
Yéremy Pino,es ESP,MF,Villarreal,22,ESP-La Liga,159,0,1,0,0,1,3,12,1,,,
Portu,es ESP,"FW,MF",Girona,33,ESP-La Liga,474,0,0,2,0,1,2,18,5,,,
Beñat Prados,es ESP,MF,Athletic Club,24,ESP-La Liga,85,0,0,1,0,2,2,0,0,,,
Abdón Prats,es ESP,FW,Mallorca,32,ESP-La Liga,143,0,0,0,0,0,0,1,2,,,
Javi Puado,es ESP,"MF,FW",Espanyol,27,ESP-La Liga,674,2,0,2,0,2,3,21,9,,,
Marc Pubill,es ESP,DF,Atlético Madrid,22,ESP-La Liga,1381,1,1,2,0,15,18,8,4,,,
Aleksa Puric,rs SRB,DF,Atlético Madrid,22,ESP-La Liga,46,0,0,0,0,0,2,0,0,,,
Dani Raba,es ESP,FW,Valencia,29,ESP-La Liga,270,0,1,0,0,4,4,14,1,,,
Ionuț Radu,ro ROU,GK,Celta Vigo,28,ESP-La Liga,3420,0,0,2,0,0,1,0,0,111,48,10
Ugo Raghouber,fr FRA,MF,Levante,22,ESP-La Liga,706,0,0,1,0,10,15,2,0,,,
Antonio Raillo,es ESP,DF,Mallorca,33,ESP-La Liga,2070,0,1,4,0,13,12,4,1,,,
Largie Ramazani,be BEL,"MF,FW",Valencia,24,ESP-La Liga,1234,6,1,4,0,12,14,27,19,,,
Raphinha,br BRA,"MF,FW",Barcelona,28,ESP-La Liga,1380,13,3,5,0,6,6,72,24,,,
Marcus Rashford,eng ENG,"MF,FW",Barcelona,27,ESP-La Liga,1763,8,7,3,0,8,2,121,29,,,
Giacomo Raspadori,it ITA,FW,Atlético Madrid,25,ESP-La Liga,236,0,1,1,0,1,0,9,3,,,
Andrei Ratiu,ro ROU,DF,Rayo Vallecano,27,ESP-La Liga,2807,0,4,9,0,44,39,105,9,,,
Raúl,es ESP,FW,Osasuna,24,ESP-La Liga,1041,7,1,2,1,13,7,9,23,,,
Abde Rebbach,dz ALG,"MF,DF",Alavés,26,ESP-La Liga,1496,1,4,8,0,21,16,109,12,,,
Federico Redondo,ar ARG,MF,Elche,22,ESP-La Liga,179,0,0,0,1,2,5,0,0,,,
Alejandro Rego,es ESP,MF,Athletic Club,22,ESP-La Liga,1279,1,1,6,0,20,21,6,3,,,
Alberto Reina,es ESP,MF,Oviedo,27,ESP-La Liga,2462,4,1,6,1,18,19,52,11,,,
Vitor Reis,br BRA,DF,Girona,19,ESP-La Liga,3138,1,1,9,1,32,35,0,4,,,
Álex Remiro,es ESP,GK,Real Sociedad,30,ESP-La Liga,3330,0,0,1,0,1,1,0,0,99,60,3
Oriol Rey,es ESP,MF,Levante,27,ESP-La Liga,1319,0,1,4,0,12,12,8,1,,,
Diego Rico,es ESP,DF,Getafe,32,ESP-La Liga,1758,0,0,4,0,29,33,66,1,,,
Clemens Riedel,de GER,DF,Espanyol,22,ESP-La Liga,1396,0,1,5,0,14,11,3,1,,,
Hugo Rincón,es ESP,DF,Girona,22,ESP-La Liga,1750,1,1,4,0,33,5,35,2,,,
Luis Rioja,es ESP,MF,Valencia,31,ESP-La Liga,2624,3,6,1,0,25,17,152,5,,,
Rodrigo Riquelme,es ESP,MF,Real Betis,25,ESP-La Liga,821,1,1,2,0,11,5,22,7,,,
Mihailo Ristić,rs SRB,"MF,DF",Celta Vigo,29,ESP-La Liga,253,0,0,0,0,0,2,2,0,,,
Joel Roca,es ESP,"MF,FW",Girona,20,ESP-La Liga,1473,3,1,4,1,11,2,33,16,,,
Marc Roca,es ESP,MF,Real Betis,28,ESP-La Liga,2026,1,1,1,0,29,23,10,7,,,
Álvaro Rodríguez,uy URU,FW,Elche,21,ESP-La Liga,2201,7,5,2,0,14,4,10,24,,,
Damián Rodríguez,es ESP,MF,Celta Vigo,22,ESP-La Liga,150,0,0,1,0,0,1,3,0,,,
Dani Rodríguez,es ESP,"FW,MF",Mallorca,37,ESP-La Liga,68,0,0,0,0,1,0,2,0,,,
Guido Rodríguez,ar ARG,MF,Valencia,31,ESP-La Liga,1309,4,0,4,0,27,10,3,5,,,
Javi Rodríguez,es ESP,DF,Celta Vigo,22,ESP-La Liga,2558,0,1,5,0,23,28,1,1,,,
Ricardo Rodríguez,ch SUI,DF,Real Betis,32,ESP-La Liga,1547,0,1,0,0,14,8,15,0,,,
Rodrygo,br BRA,"MF,FW",Real Madrid,24,ESP-La Liga,684,1,3,3,0,8,3,42,11,,,
Leo Román,es ESP,GK,Mallorca,25,ESP-La Liga,2970,0,0,4,0,1,1,0,0,99,50,4
Miguel Román,es ESP,MF,Celta Vigo,22,ESP-La Liga,1311,1,0,3,0,17,12,21,2,,,
Carlos Romero,es ESP,DF,Espanyol,23,ESP-La Liga,3191,6,3,4,0,60,38,89,12,,,
Isaac Romero,es ESP,"FW,MF",Sevilla,25,ESP-La Liga,1484,4,0,6,1,10,5,10,14,,,
Iván Romero,es ESP,"FW,MF",Levante,24,ESP-La Liga,2259,7,1,5,0,22,12,21,18,,,
Zaid Romero,ar ARG,DF,Getafe,25,ESP-La Liga,1349,1,0,5,1,23,28,4,2,,,
Salomón Rondón,ve VEN,FW,Oviedo,35,ESP-La Liga,1032,2,0,2,0,0,1,2,5,,,
Valentin Rosier,fr FRA,"DF,MF",Osasuna,28,ESP-La Liga,2547,1,1,6,1,32,43,46,3,,,
Rubén,es ESP,"DF,MF",Espanyol,24,ESP-La Liga,812,0,1,2,0,10,10,36,1,,,
Antonio Rüdiger,de GER,DF,Real Madrid,32,ESP-La Liga,1490,1,0,0,0,5,4,2,1,,,
Javi Rueda,es ESP,MF,Celta Vigo,23,ESP-La Liga,1404,2,6,6,0,12,20,27,3,,,
Matteo Ruggeri,it ITA,DF,Atlético Madrid,23,ESP-La Liga,1774,0,3,4,0,23,20,86,2,,,
Aitor Ruibal,es ESP,"DF,MF",Real Betis,29,ESP-La Liga,1808,4,2,6,1,32,20,31,12,,,
Abel Ruiz,es ESP,FW,Girona,25,ESP-La Liga,187,0,0,0,0,1,1,2,1,,,
Iñaki Rupérez,es ESP,DF,Real Sociedad,22,ESP-La Liga,1,0,0,0,0,0,0,0,0,,,
Mathew Ryan,au AUS,GK,Levante,33,ESP-La Liga,3240,0,0,4,0,1,1,0,0,124,56,9
Umar Sadiq,ng NGA,FW,Valencia,28,ESP-La Liga,911,4,2,3,0,5,1,5,10,,,
Umar Sadiq,ng NGA,FW,Real Sociedad,28,ESP-La Liga,153,0,0,1,0,0,0,1,0,,,
Jan Salas,es ESP,MF,Mallorca,19,ESP-La Liga,17,0,0,0,0,0,0,0,0,,,
Kike Salas,es ESP,DF,Sevilla,23,ESP-La Liga,2203,2,0,1,0,35,37,10,8,,,
José Salinas,es ESP,DF,Espanyol,24,ESP-La Liga,257,0,0,2,0,2,3,7,0,,,
Oihan Sancet,es ESP,MF,Athletic Club,25,ESP-La Liga,1788,4,0,4,1,14,3,23,15,,,
Álex Sánchez,es ESP,FW,Elche,19,ESP-La Liga,6,0,1,0,0,1,0,0,0,,,
Alexis Sánchez,cl CHI,"FW,MF",Sevilla,36,ESP-La Liga,1308,4,2,3,0,13,7,25,9,,,
Antonio Sánchez,es ESP,"MF,DF",Mallorca,28,ESP-La Liga,1073,0,0,5,1,12,16,29,3,,,
Juanlu Sánchez,es ESP,"MF,DF",Sevilla,21,ESP-La Liga,1990,0,3,6,1,42,11,59,1,,,
Borja Sánchez Laborde,es ESP,MF,Oviedo,29,ESP-La Liga,14,0,0,0,0,0,0,0,0,,,
Manu Sánchez,es ESP,DF,Levante,24,ESP-La Liga,2814,1,2,8,0,54,35,75,4,,,
Selton Sánchez,es ESP,MF,Athletic Club,18,ESP-La Liga,196,0,1,0,0,2,1,0,1,,,
Álex Sancris,es ESP,"MF,FW",Getafe,28,ESP-La Liga,708,0,1,4,1,5,2,59,5,,,
Buba Sangaré,es ESP,"DF,MF",Elche,17,ESP-La Liga,538,0,0,3,0,12,8,12,0,,,
Maroan Sannadi,ma MAR,FW,Athletic Club,24,ESP-La Liga,288,1,0,2,0,1,1,2,4,,,
Baptiste Santamaria,fr FRA,MF,Valencia,30,ESP-La Liga,754,1,1,2,0,5,8,3,2,,,
Yago Santiago,es ESP,MF,Elche,22,ESP-La Liga,281,0,0,1,0,1,1,6,0,,,
Renzo Saravia,ar ARG,DF,Valencia,32,ESP-La Liga,351,0,0,2,0,5,7,1,0,,,
Martin Satriano,uy URU,"FW,MF",Getafe,24,ESP-La Liga,1603,6,1,5,0,13,9,21,14,,,
Taufik Seidu,es ESP,MF,Atlético Madrid,17,ESP-La Liga,23,0,0,1,0,0,0,0,0,,,
Manuel Serrano,es ESP,DF,Real Madrid,21,ESP-La Liga,7,0,0,0,0,0,0,0,0,,,
Nicolás Serrano,es ESP,MF,Athletic Club,22,ESP-La Liga,366,1,0,0,0,5,2,42,4,,,
Kwasi Sibo,gh GHA,MF,Oviedo,27,ESP-La Liga,1681,0,0,3,1,20,14,2,2,,,
André Silva,pt POR,FW,Elche,29,ESP-La Liga,1849,10,0,3,0,8,4,3,29,,,
Giuliano Simeone,ar ARG,"MF,FW",Atlético Madrid,22,ESP-La Liga,2099,4,6,2,0,25,20,48,14,,,
Unai Simón,es ESP,GK,Athletic Club,28,ESP-La Liga,3330,0,0,1,0,0,0,0,0,97,54,6
Antonio Sivera,es ESP,GK,Alavés,28,ESP-La Liga,3420,0,0,3,0,1,0,0,0,97,56,5
Alex Sola,es ESP,"DF,FW",Getafe,26,ESP-La Liga,13,0,0,0,0,0,0,0,0,,,
Carlos Soler,es ESP,MF,Real Sociedad,28,ESP-La Liga,2317,4,3,3,1,22,16,73,19,,,
Jhon Solis,co COL,MF,Girona,20,ESP-La Liga,380,0,0,0,0,3,4,0,2,,,
Manor Solomon,il ISR,MF,Villarreal,26,ESP-La Liga,150,1,1,0,0,1,0,10,1,,,
Hugo Solozabal,es ESP,MF,Getafe,22,ESP-La Liga,11,0,0,0,0,0,0,0,0,,,
David Soria,es ESP,GK,Getafe,32,ESP-La Liga,3420,0,0,2,0,0,0,0,0,115,38,12
Hugo Sotelo,es ESP,MF,Celta Vigo,21,ESP-La Liga,1338,0,2,3,0,16,13,44,1,,,
Djibril Sow,ch SUI,MF,Sevilla,28,ESP-La Liga,2187,5,4,6,0,27,23,22,8,,,
Carl Starfelt,se SWE,DF,Celta Vigo,30,ESP-La Liga,1491,0,0,3,1,16,16,0,1,,,
Orri Steinn Óskarsson,is ISL,FW,Real Sociedad,20,ESP-La Liga,835,9,0,5,0,5,1,5,19,,,
Cristhian Stuani,uy URU,FW,Girona,38,ESP-La Liga,412,5,0,4,0,4,1,0,12,,,
Denis Suárez,es ESP,MF,Alavés,31,ESP-La Liga,1406,1,2,6,0,12,7,41,4,,,
Gabriel Suazo,cl CHI,"DF,MF",Sevilla,27,ESP-La Liga,2096,0,2,7,0,62,29,95,2,,,
Luka Sučić,hr CRO,"MF,FW",Real Sociedad,22,ESP-La Liga,1022,3,1,1,0,8,5,6,7,,,
Williot Swedberg,se SWE,"FW,MF",Celta Vigo,21,ESP-La Liga,1270,5,5,2,0,17,4,8,12,,,
Wojciech Szczęsny,pl POL,GK,Barcelona,35,ESP-La Liga,720,0,0,0,0,0,0,0,0,22,15,0
Alexander Sørloth,no NOR,FW,Atlético Madrid,29,ESP-La Liga,1980,13,0,4,1,7,0,10,35,,,
César Tárrega,es ESP,DF,Valencia,23,ESP-La Liga,2598,0,0,7,0,24,24,1,1,,,
Aurélien Tchouaméni,fr FRA,MF,Real Madrid,25,ESP-La Liga,2615,1,0,8,0,41,45,8,7,,,
Nahuel Tenaglia,ar ARG,DF,Alavés,29,ESP-La Liga,3239,2,0,3,0,43,47,17,8,,,
Arnau Tenas,es ESP,GK,Villarreal,24,ESP-La Liga,900,0,0,0,0,1,0,0,0,30,16,0
Marc-André ter Stegen,de GER,GK,Girona,33,ESP-La Liga,180,0,0,0,0,0,0,0,0,4,2,0
Ramón Terrats,es ESP,MF,Espanyol,24,ESP-La Liga,1030,1,2,0,0,13,11,30,3,,,
Jeremy Toljan,de GER,DF,Levante,30,ESP-La Liga,3164,1,4,8,0,39,31,76,1,,,
Pablo Torre,es ESP,"MF,FW",Mallorca,22,ESP-La Liga,1599,4,4,4,0,17,9,90,12,,,
Jofre Torrents,es ESP,DF,Barcelona,18,ESP-La Liga,50,0,0,0,0,2,0,4,0,,,
Ferrán Torres,es ESP,FW,Barcelona,25,ESP-La Liga,1965,16,2,2,0,6,4,3,37,,,
Lucas Torró,es ESP,MF,Osasuna,31,ESP-La Liga,2293,0,1,6,0,19,30,2,9,,,
Óscar Trejo,ar ARG,MF,Rayo Vallecano,37,ESP-La Liga,144,0,1,2,0,3,0,8,1,,,
Viktor Tsyhankov,ua UKR,"MF,FW",Girona,27,ESP-La Liga,2630,6,5,3,0,22,21,120,21,,,
Kareem Tunde,es ESP,MF,Levante,19,ESP-La Liga,1133,0,1,3,0,11,14,11,3,,,
Beñat Turrientes,es ESP,MF,Real Sociedad,23,ESP-La Liga,1348,0,3,7,0,23,9,9,6,,,
Christantus Uche,ng NGA,FW,Getafe,22,ESP-La Liga,270,1,1,1,0,2,0,1,1,,,
Filip Ugrinic,ch SUI,MF,Valencia,26,ESP-La Liga,1504,0,3,3,0,16,11,56,3,,,
Victor Valdepeñas,es ESP,DF,Real Madrid,18,ESP-La Liga,77,0,0,0,0,3,0,1,0,,,
Óscar Valentín,es ESP,MF,Rayo Vallecano,30,ESP-La Liga,2108,1,0,3,1,43,29,3,4,,,
Germán Valera,es ESP,"MF,DF",Elche,23,ESP-La Liga,2857,4,5,5,1,40,23,104,8,,,
Martin Valjent,sk SVK,DF,Mallorca,29,ESP-La Liga,3308,0,0,6,0,33,24,2,8,,,
Álvaro Vallés,es ESP,GK,Real Betis,28,ESP-La Liga,2520,0,0,1,0,0,1,0,0,87,36,8
Federico Valverde,uy URU,"MF,DF",Real Madrid,27,ESP-La Liga,2740,5,8,3,1,25,25,30,22,,,
Vladyslav Vanat,ua UKR,FW,Girona,23,ESP-La Liga,1942,9,1,4,0,3,3,5,18,,,
Obed Vargas,mx MEX,MF,Atlético Madrid,19,ESP-La Liga,740,0,1,2,0,16,8,6,0,,,
Ruben Vargas,ch SUI,"MF,FW",Sevilla,26,ESP-La Liga,1594,3,6,2,0,15,7,90,8,,,
José Luis García Vayá,es ESP,"MF,DF",Valencia,26,ESP-La Liga,2225,2,0,4,0,33,19,46,3,,,
Jesus Vazquez,es ESP,"DF,MF",Valencia,22,ESP-La Liga,974,0,0,2,0,10,4,26,2,,,
Luis Vázquez,ar ARG,FW,Getafe,24,ESP-La Liga,1194,3,1,2,0,3,4,2,9,,,
Matías Vecino,uy URU,MF,Celta Vigo,33,ESP-La Liga,135,0,0,0,0,6,4,1,0,,,
Renato Veiga,pt POR,DF,Villarreal,22,ESP-La Liga,2481,0,0,5,1,9,26,2,3,,,
Unai Vencedor Paris,es ESP,MF,Levante,24,ESP-La Liga,812,0,0,3,1,13,4,23,0,,,
Jozhua Vertrouwd,nl NED,DF,Rayo Vallecano,20,ESP-La Liga,446,0,0,0,0,3,4,0,0,,,
Mikel Vesga,es ESP,MF,Athletic Club,32,ESP-La Liga,465,0,0,0,0,10,9,4,0,,,
Carlos Vicente,es ESP,MF,Alavés,26,ESP-La Liga,1258,5,0,1,0,18,7,128,6,,,
Nacho Vidal,es ESP,DF,Oviedo,30,ESP-La Liga,2263,0,0,4,0,30,29,40,3,,,
Gonzalo Villar,es ESP,MF,Elche,27,ESP-La Liga,718,1,0,3,0,9,2,11,1,,,
Federico Viñas,uy URU,"FW,MF",Oviedo,27,ESP-La Liga,2439,9,1,7,3,32,13,3,21,,,
Jan Virgili,es ESP,"MF,FW",Mallorca,19,ESP-La Liga,1792,2,4,0,1,10,7,47,16,,,
Daniel Vivian,es ESP,DF,Athletic Club,26,ESP-La Liga,2564,1,0,8,1,38,34,11,6,,,
Odysseas Vlachodimos,gr GRE,GK,Sevilla,31,ESP-La Liga,2970,0,0,1,0,0,1,0,0,88,52,5
Wesley,br BRA,MF,Real Sociedad,20,ESP-La Liga,88,0,0,0,0,0,0,3,0,,,
Iñaki Williams,gh GHA,"MF,FW",Athletic Club,31,ESP-La Liga,2157,3,6,2,0,9,8,67,20,,,
Nico Williams,es ESP,MF,Athletic Club,23,ESP-La Liga,1674,6,3,2,0,9,7,76,16,,,
Axel Witsel,be BEL,MF,Girona,36,ESP-La Liga,2526,1,2,2,1,24,30,1,5,,,
Lamine Yamal,es ESP,"MF,FW",Barcelona,18,ESP-La Liga,2262,16,11,1,0,20,8,77,37,,,
Daniel Yáñez,es ESP,MF,Real Madrid,18,ESP-La Liga,47,0,1,0,0,1,0,1,0,,,
Arsen Zakharyan,ru RUS,MF,Real Sociedad,22,ESP-La Liga,458,0,0,2,0,6,2,26,3,,,
Bryan Zaragoza,es ESP,"FW,MF",Celta Vigo,23,ESP-La Liga,1131,1,1,1,0,5,2,67,12,,,
Igor Zubeldia,es ESP,DF,Real Sociedad,28,ESP-La Liga,2082,0,1,9,0,21,23,0,1,,,
Zakaria Aboukhlal,ma MAR,MF,Torino,25,ITA-Serie A,511,0,0,4,0,12,1,18,2,,,
Francesco Acerbi,it ITA,DF,Inter,37,ITA-Serie A,1378,0,1,3,0,9,18,3,1,,,
Ché Adams,sct SCO,FW,Torino,29,ITA-Serie A,1893,6,2,0,0,9,1,14,18,,,
Jayden Addai,nl NED,MF,Como,19,ITA-Serie A,686,3,0,4,0,2,2,10,6,,,
Vasilije Adžić,me MNE,MF,Juventus,19,ITA-Serie A,171,1,0,0,0,2,3,4,4,,,
Michel Aebischer,ch SUI,MF,Pisa,28,ITA-Serie A,2892,1,2,8,0,37,35,43,5,,,
Honest Ahanor,it ITA,DF,Atalanta,17,ITA-Serie A,1377,0,0,2,1,20,24,2,4,,,
Junior Ajayi,ci CIV,FW,Hellas Verona,20,ITA-Serie A,1,0,0,0,0,0,0,0,0,,,
Manuel Akanji,ch SUI,DF,Inter,30,ITA-Serie A,2821,2,0,4,0,24,37,3,6,,,
Ebenezer Akinsanmiro,ng NGA,MF,Pisa,20,ITA-Serie A,1444,0,1,2,0,25,27,9,3,,,
Jean-Daniel Akpa-Akpro,ci CIV,MF,Hellas Verona,32,ITA-Serie A,1504,1,0,9,0,32,22,17,4,,,
Al-Musrati,ly LBY,MF,Hellas Verona,29,ITA-Serie A,844,0,1,6,1,7,11,2,1,,,
Agustín Albarracín,uy URU,FW,Cagliari,19,ITA-Serie A,33,0,0,0,0,0,0,2,0,,,
Raúl Albiol,es ESP,DF,Pisa,39,ITA-Serie A,500,0,1,1,0,4,7,1,0,,,
Pontus Almqvist,se SWE,MF,Parma,26,ITA-Serie A,457,0,1,0,0,6,6,7,2,,,
Giuseppe Ambrosino,it ITA,FW,Napoli,21,ITA-Serie A,38,0,0,0,0,0,0,0,0,,,
Amorim,br BRA,MF,Genoa,20,ITA-Serie A,552,0,0,1,0,6,7,16,0,,,
Nícolas Andrade,br BRA,GK,Pisa,37,ITA-Serie A,540,0,0,0,0,0,0,0,0,12,14,0
Angeliño,es ESP,MF,Roma,28,ITA-Serie A,416,0,0,2,0,7,3,18,2,,,
Samuele Angori,it ITA,MF,Pisa,21,ITA-Serie A,2599,0,2,2,0,25,23,165,3,,,
Frank Anguissa,cm CMR,MF,Napoli,29,ITA-Serie A,1258,4,1,1,0,14,13,15,9,,,
Faustino Anjorin,eng ENG,MF,Torino,23,ITA-Serie A,289,0,0,1,0,5,7,1,1,,,
Antonio Arena,it ITA,FW,Roma,16,ITA-Serie A,23,0,0,0,0,0,0,0,0,,,
Juan Arizala,co COL,MF,Udinese,19,ITA-Serie A,191,0,0,0,0,3,1,6,1,,,
Kristjan Asllani,al ALB,MF,Torino,23,ITA-Serie A,1129,0,0,3,0,14,12,52,4,,,
Zachary Athekame,ch SUI,"MF,DF",Milan,20,ITA-Serie A,833,2,2,3,0,8,4,46,4,,,
Arthur Atta,fr FRA,MF,Udinese,22,ITA-Serie A,2557,5,3,3,0,17,23,56,20,,,
Emil Audero,id IDN,GK,Cremonese,28,ITA-Serie A,3060,0,0,0,0,0,0,0,0,123,50,11
Carlos Augusto,br BRA,"MF,DF",Inter,26,ITA-Serie A,1763,1,1,6,0,22,19,46,6,,,
Yann Aurel Bisseck,de GER,DF,Inter,24,ITA-Serie A,1922,3,1,2,0,18,23,12,12,,,
Neil El Aynaoui,ma MAR,MF,Roma,24,ITA-Serie A,999,1,2,5,0,10,18,17,4,,,
Leon Bailey,jm JAM,FW,Roma,27,ITA-Serie A,186,0,0,0,0,0,0,14,1,,,
Mitchel Bakker,nl NED,"DF,MF",Atalanta,25,ITA-Serie A,9,0,0,0,0,0,0,0,0,,,
Darryl Bakola,fr FRA,MF,Sassuolo,17,ITA-Serie A,128,0,1,0,0,1,1,3,1,,,
Luís Balbo,ve VEN,DF,Fiorentina,19,ITA-Serie A,212,0,0,0,0,5,1,5,0,,,
Tommaso Baldanzi,it ITA,MF,Genoa,22,ITA-Serie A,399,0,2,0,0,6,3,7,3,,,
Tommaso Baldanzi,it ITA,"FW,MF",Roma,22,ITA-Serie A,386,1,0,2,0,1,3,9,4,,,
Lameck Banda,zm ZAM,"MF,FW",Lecce,24,ITA-Serie A,1752,5,4,6,1,17,7,90,15,,,
Tommaso Barbieri,it ITA,MF,Cremonese,22,ITA-Serie A,1707,0,1,8,0,26,14,78,2,,,
Nicolò Barella,it ITA,MF,Inter,28,ITA-Serie A,2517,3,8,7,0,31,9,102,5,,,
Davide Bartesaghi,it ITA,"MF,DF",Milan,19,ITA-Serie A,2441,2,0,3,0,35,15,139,7,,,
Federico Baschirotto,it ITA,DF,Cremonese,28,ITA-Serie A,2540,2,0,2,0,13,24,8,5,,,
Toma Bašić,hr CRO,MF,Lazio,28,ITA-Serie A,1735,2,3,0,1,16,9,48,12,,,
Alessandro Bastoni,it ITA,DF,Inter,26,ITA-Serie A,2239,1,4,6,0,39,21,85,8,,,
Martin Baturina,hr CRO,"MF,FW",Como,22,ITA-Serie A,1569,6,3,0,0,14,5,77,9,,,
Vakoun Bayo,ci CIV,FW,Udinese,28,ITA-Serie A,453,0,2,0,0,1,0,1,2,,,
Tjaš Begić,si SVN,MF,Parma,22,ITA-Serie A,1,0,0,0,0,0,0,0,0,,,
Reda Belahyane,ma MAR,MF,Lazio,21,ITA-Serie A,609,0,2,1,1,8,3,1,1,,,
Rafik Belghali,dz ALG,MF,Hellas Verona,23,ITA-Serie A,1920,2,0,6,0,13,17,60,6,,,
Armel Bella Kotchap,de GER,DF,Hellas Verona,23,ITA-Serie A,1347,0,0,3,0,12,29,1,0,,,
Raoul Bellanova,it ITA,MF,Atalanta,25,ITA-Serie A,1377,0,1,2,0,9,10,84,5,,,
Andrea Belotti,it ITA,FW,Cagliari,31,ITA-Serie A,221,2,0,0,0,1,4,1,4,,,
Adrian Benedyczak,pl POL,FW,Parma,24,ITA-Serie A,490,1,1,1,0,6,1,10,3,,,
Domenico Berardi,it ITA,FW,Sassuolo,30,ITA-Serie A,1958,8,4,2,1,17,24,58,21,,,
Medon Berisha,al ALB,MF,Lecce,21,ITA-Serie A,871,2,3,0,0,12,5,58,5,,,
Adrian Bernabe,es ESP,MF,Parma,24,ITA-Serie A,2470,3,1,0,0,23,17,81,12,,,
Federico Bernardeschi,it ITA,"MF,FW",Bologna,31,ITA-Serie A,1217,4,2,3,0,6,6,48,13,,,
Lorenzo Bernasconi,it ITA,MF,Atalanta,21,ITA-Serie A,1572,0,3,3,0,16,14,113,1,,,
Antoine Bernede,fr FRA,MF,Hellas Verona,26,ITA-Serie A,2301,1,2,2,0,39,16,25,4,,,
Nicolò Bertola,it ITA,"DF,MF",Udinese,22,ITA-Serie A,1763,0,1,3,0,21,24,8,4,,,
Brando Bettazzi,it ITA,MF,Pisa,17,ITA-Serie A,14,0,0,0,0,1,0,0,0,,,
Sam Beukema,nl NED,DF,Napoli,26,ITA-Serie A,1681,2,0,2,0,17,14,6,4,,,
Matteo Bianchetti,it ITA,DF,Cremonese,32,ITA-Serie A,2192,0,2,4,0,30,19,6,1,,,
Justin Bijlow,nl NED,GK,Genoa,27,ITA-Serie A,1395,0,0,1,0,0,0,0,0,45,20,5
Cristiano Biraghi,it ITA,"MF,DF",Torino,32,ITA-Serie A,517,0,0,0,0,7,3,45,0,,,
Jeremie Boga,ci CIV,"MF,FW",Juventus,28,ITA-Serie A,679,4,0,1,0,3,2,30,12,,,
Daniel Boloca,ro ROU,MF,Sassuolo,26,ITA-Serie A,135,0,0,0,0,2,2,1,0,,,
Federico Bonazzoli,it ITA,FW,Cremonese,28,ITA-Serie A,2510,10,1,4,0,16,12,26,32,,,
Warren Bondo,fr FRA,MF,Cremonese,21,ITA-Serie A,1762,0,0,5,0,16,9,3,2,,,
Giovanni Bonfanti,it ITA,"DF,MF",Pisa,22,ITA-Serie A,494,0,0,1,0,6,7,12,1,,,
Ange-Yoan Bonny,ci CIV,FW,Inter,21,ITA-Serie A,1142,5,4,1,0,9,1,6,9,,,
Gennaro Borrelli,it ITA,FW,Cagliari,25,ITA-Serie A,1275,5,1,4,0,6,3,2,12,,,
Kieron Bowie,sct SCO,FW,Hellas Verona,22,ITA-Serie A,1200,4,0,1,0,3,0,6,11,,,
Rosen Bozhinov,bg BUL,DF,Pisa,20,ITA-Serie A,610,0,0,3,1,5,12,3,1,,,
Domagoj Bradarić,hr CRO,MF,Hellas Verona,25,ITA-Serie A,1966,0,1,2,0,20,9,108,6,,,
Riccardo Braschi,it ITA,FW,Fiorentina,18,ITA-Serie A,105,0,0,0,0,0,0,1,0,,,
Iker Bravo,es ESP,FW,Udinese,20,ITA-Serie A,206,1,0,1,0,1,0,4,1,,,
Gleison Bremer,br BRA,DF,Juventus,28,ITA-Serie A,2171,4,3,5,0,14,30,1,9,,,
Marco Brescianini,it ITA,MF,Atalanta,25,ITA-Serie A,182,1,0,1,0,8,2,6,2,,,
Marco Brescianini,it ITA,MF,Fiorentina,25,ITA-Serie A,862,1,1,1,0,2,1,11,2,,,
Sascha Britschgi,ch SUI,"MF,DF",Parma,18,ITA-Serie A,2095,0,2,7,1,18,8,48,3,,,
Louis Buffon,cz CZE,FW,Pisa,17,ITA-Serie A,32,0,0,0,0,0,0,0,0,,,
Adam Buksa,pl POL,FW,Udinese,29,ITA-Serie A,922,3,0,3,0,8,3,1,6,,,
Alessandro Buongiorno,it ITA,DF,Napoli,26,ITA-Serie A,2521,0,1,3,0,22,40,6,3,,,
Jean Butez,fr FRA,GK,Como,30,ITA-Serie A,3420,0,1,3,0,2,0,0,0,86,29,19
Arturo Calabresi,it ITA,DF,Pisa,29,ITA-Serie A,1514,0,0,8,0,13,19,17,1,,,
Hakan Çalhanoğlu,tr TUR,MF,Inter,31,ITA-Serie A,1639,9,4,7,0,17,19,86,17,,,
Abdoulaye Camara,fr FRA,MF,Udinese,16,ITA-Serie A,12,0,0,0,0,0,0,2,0,,,
Francesco Camarda,it ITA,FW,Lecce,17,ITA-Serie A,687,1,0,1,0,1,0,1,3,,,
Nicolò Cambiaghi,it ITA,"MF,FW",Bologna,24,ITA-Serie A,1518,3,4,3,1,20,9,63,6,,,
Andrea Cambiaso,it ITA,"MF,DF",Juventus,25,ITA-Serie A,2769,3,4,3,1,39,20,123,13,,,
Matteo Cancellieri,it ITA,FW,Lazio,23,ITA-Serie A,1725,4,2,6,0,28,24,21,17,,,
Fali Candé,gw GNB,DF,Sassuolo,27,ITA-Serie A,509,0,0,2,0,9,2,4,0,,,
Simone Canestrelli,it ITA,DF,Pisa,24,ITA-Serie A,3201,1,0,4,0,25,33,12,3,,,
Elia Caprile,it ITA,GK,Cagliari,23,ITA-Serie A,3420,0,0,2,0,0,0,0,0,121,53,8
Maxence Caqueret,fr FRA,MF,Como,25,ITA-Serie A,1485,2,6,3,0,23,14,36,4,,,
Antonio Caracciolo,it ITA,DF,Pisa,35,ITA-Serie A,3073,2,0,10,0,44,57,3,6,,,
Filippo Carbone,it ITA,MF,Genoa,18,ITA-Serie A,8,0,0,0,0,3,0,0,0,,,
Franco Carboni,it ITA,MF,Parma,22,ITA-Serie A,114,0,0,0,0,1,2,3,0,,,
Valentin Carboni,ar ARG,MF,Genoa,20,ITA-Serie A,359,0,0,2,0,8,2,7,2,,,
Alessandro Cardinali,it ITA,FW,Parma,19,ITA-Serie A,45,0,0,0,0,0,0,1,0,,,
Diego Carlos,br BRA,DF,Como,32,ITA-Serie A,1949,1,0,8,0,18,22,2,2,,,
Marco Carnesecchi,it ITA,GK,Atalanta,25,ITA-Serie A,3330,0,0,0,0,0,0,1,0,112,35,13
Cesare Casadei,it ITA,MF,Torino,22,ITA-Serie A,1997,6,0,5,0,16,9,4,17,,,
Nicolò Casale,it ITA,DF,Bologna,27,ITA-Serie A,678,0,0,0,0,2,7,2,0,,,
Valentín Castellanos,ar ARG,FW,Lazio,26,ITA-Serie A,692,2,3,2,0,3,3,6,8,,,
Santiago Castro,ar ARG,FW,Bologna,20,ITA-Serie A,2359,7,2,3,0,8,1,4,20,,,
Danilo Cataldi,it ITA,MF,Lazio,30,ITA-Serie A,1985,3,3,6,0,22,21,48,7,,,
Nicolò Cavuoti,it ITA,MF,Cagliari,22,ITA-Serie A,44,0,0,0,0,0,0,0,0,,,
Federico Ceccherini,it ITA,DF,Cremonese,33,ITA-Serie A,476,0,1,1,1,2,7,3,2,,,
Zeki Çelik,tr TUR,"MF,DF",Roma,28,ITA-Serie A,2723,1,2,2,1,40,24,75,4,,,
Fallou Cham,gm GAM,MF,Hellas Verona,19,ITA-Serie A,228,0,0,0,0,9,4,10,2,,,
Walid Cheddira,ma MAR,FW,Sassuolo,27,ITA-Serie A,221,1,0,1,0,0,0,4,2,,,
Walid Cheddira,ma MAR,FW,Lecce,27,ITA-Serie A,1000,3,1,2,0,3,1,4,10,,,
Oliver Christensen,dk DEN,GK,Fiorentina,26,ITA-Serie A,86,0,0,0,0,0,0,0,0,6,1,0
Samuel Chukwueze,ng NGA,"FW,MF",Milan,26,ITA-Serie A,26,0,0,0,0,0,0,3,0,,,
Alessandro Circati,au AUS,DF,Parma,21,ITA-Serie A,2664,1,0,6,0,25,27,5,1,,,
Matteo Cocchi,it ITA,DF,Inter,18,ITA-Serie A,17,0,0,0,0,0,0,0,0,,,
Saúl Coco,gq EQG,DF,Torino,26,ITA-Serie A,3088,1,1,3,0,34,41,5,4,,,
Michele Collocolo,it ITA,MF,Cremonese,25,ITA-Serie A,362,0,0,1,0,3,1,5,1,,,
Lorenzo Colombo,it ITA,FW,Genoa,23,ITA-Serie A,2326,7,1,2,0,12,1,16,27,,,
Pietro Comuzzo,it ITA,DF,Fiorentina,20,ITA-Serie A,1696,1,0,2,0,16,24,1,2,,,
Francisco Conceição,pt POR,"MF,FW",Juventus,22,ITA-Serie A,2078,3,5,3,0,26,7,92,23,,,
Nikita Contini,it ITA,GK,Napoli,29,ITA-Serie A,11,0,0,0,0,0,0,0,0,0,0,1
Francesco Coppola,it ITA,DF,Pisa,20,ITA-Serie A,458,0,0,3,0,5,5,2,0,,,
Maxwel Cornet,ci CIV,MF,Genoa,28,ITA-Serie A,118,0,0,0,0,4,0,13,2,,,
Edoardo Corvi,it ITA,GK,Parma,24,ITA-Serie A,1530,0,0,1,0,0,0,0,0,44,18,7
Lassana Coulibaly,ml MLI,MF,Lecce,29,ITA-Serie A,2689,3,1,4,0,28,9,18,8,,,
Woyo Coulibaly,ml MLI,DF,Sassuolo,26,ITA-Serie A,1054,0,0,2,0,14,10,10,1,,,
Ben Cremaschi,us USA,MF,Parma,20,ITA-Serie A,132,0,0,0,0,1,0,6,0,,,
Bryan Cristante,it ITA,MF,Roma,30,ITA-Serie A,3094,2,1,6,0,43,28,19,8,,,
Juan Cuadrado,co COL,MF,Pisa,37,ITA-Serie A,506,1,0,3,0,10,5,45,2,,,
Patrick Cutrone,it ITA,FW,Parma,27,ITA-Serie A,888,1,0,0,0,1,3,12,7,,,
Lucas Da Cunha,fr FRA,MF,Como,24,ITA-Serie A,2739,6,4,4,0,33,18,99,16,,,
Thijs Dallinga,nl NED,FW,Bologna,24,ITA-Serie A,811,2,2,2,0,4,1,5,5,,,
Matteo Darmian,it ITA,"MF,DF",Inter,35,ITA-Serie A,248,0,0,0,0,3,1,5,0,,,
Juan David Cabal,co COL,MF,Juventus,24,ITA-Serie A,296,2,0,1,0,5,4,4,2,,,
Jonathan David,ca CAN,FW,Juventus,25,ITA-Serie A,1781,6,4,0,0,10,6,8,16,,,
Keinan Davis,eng ENG,FW,Udinese,27,ITA-Serie A,2065,10,4,5,0,5,1,5,25,,,
Kevin De Bruyne,be BEL,MF,Napoli,34,ITA-Serie A,1165,5,2,1,0,8,5,58,11,,,
Charles De Ketelaere,be BEL,"MF,FW",Atalanta,24,ITA-Serie A,2177,3,5,4,0,15,5,46,16,,,
Manuel De Luca,it ITA,FW,Cremonese,27,ITA-Serie A,16,1,0,0,0,0,0,0,2,,,
Lorenzo De Silvestri,it ITA,DF,Bologna,37,ITA-Serie A,491,0,0,2,0,1,7,7,0,,,
Koni De Winter,be BEL,DF,Milan,23,ITA-Serie A,1800,1,1,1,0,19,13,5,1,,,
Alessandro Deiola,it ITA,"MF,DF",Cagliari,29,ITA-Serie A,1430,0,2,3,0,20,13,2,7,,,
Fisayo Dele-Bashiru,ng NGA,MF,Lazio,24,ITA-Serie A,1187,1,0,0,0,15,4,10,2,,,
Enrico Delprato,it ITA,"DF,MF",Parma,25,ITA-Serie A,2951,2,0,5,0,21,24,19,9,,,
Ali Dembélé,fr FRA,DF,Torino,21,ITA-Serie A,21,0,0,0,0,0,0,0,0,,,
Daniel Denoon,ch SUI,DF,Pisa,21,ITA-Serie A,122,0,0,1,0,2,1,0,0,,,
Raffaele Di Gennaro,it ITA,GK,Inter,31,ITA-Serie A,10,0,0,0,0,0,0,0,0,1,1,0
Michele Di Gregorio,it ITA,GK,Juventus,28,ITA-Serie A,2655,0,0,1,0,0,0,0,0,60,25,14
Giovanni Di Lorenzo,it ITA,"DF,MF",Napoli,31,ITA-Serie A,2276,2,1,1,0,26,9,38,9,,,
Alessandro Di Pardo,it ITA,"DF,MF",Cagliari,26,ITA-Serie A,54,0,0,0,0,1,0,0,0,,,
Boulaye Dia,sn SEN,"FW,MF",Lazio,28,ITA-Serie A,1253,1,2,1,0,7,3,0,7,,,
Assane Diao,sn SEN,MF,Como,19,ITA-Serie A,1075,2,1,2,0,5,4,27,10,,,
Federico Dimarco,it ITA,MF,Inter,27,ITA-Serie A,2698,7,16,3,0,31,30,295,22,,,
Andy Diouf,fr FRA,MF,Inter,22,ITA-Serie A,493,1,0,1,0,6,1,6,3,,,
Berat Djimsiti,al ALB,DF,Atalanta,32,ITA-Serie A,2525,0,0,4,0,30,42,2,2,,,
Dodô,br BRA,"DF,MF",Fiorentina,26,ITA-Serie A,3134,1,2,7,0,18,31,153,4,,,
Josh Doig,sct SCO,DF,Sassuolo,23,ITA-Serie A,1917,0,0,5,0,20,22,39,4,,,
Benjamín Domínguez,ar ARG,MF,Bologna,21,ITA-Serie A,547,0,3,1,0,2,2,7,2,,,
Alberto Dossena,it ITA,DF,Cagliari,26,ITA-Serie A,859,0,1,5,0,13,9,0,2,,,
Mamedi Doucouré,fr FRA,DF,Genoa,18,ITA-Serie A,9,0,0,0,0,0,0,0,0,,,
Anastasios Douvikas,gr GRE,FW,Como,25,ITA-Serie A,2273,14,1,0,0,10,4,4,30,,,
Artem Dovbyk,ua UKR,FW,Roma,28,ITA-Serie A,393,3,1,0,0,3,0,1,6,,,
Denzel Dumfries,nl NED,MF,Inter,29,ITA-Serie A,1325,3,1,2,0,9,7,34,5,,,
Rafiu Durosinmi,ng NGA,FW,Pisa,22,ITA-Serie A,432,1,1,1,1,0,1,0,5,,,
Paulo Dybala,ar ARG,"MF,FW",Roma,31,ITA-Serie A,1354,2,6,0,0,6,5,98,18,,,
Edin Džeko,ba BIH,FW,Fiorentina,39,ITA-Serie A,244,0,0,1,0,1,1,1,1,,,
Enzo Ebosse,cm CMR,DF,Hellas Verona,26,ITA-Serie A,214,0,0,1,0,1,0,0,0,,,
Enzo Ebosse,cm CMR,DF,Torino,26,ITA-Serie A,1115,0,1,3,0,6,10,7,0,,,
Andrias Edmundsson,fo FRO,DF,Hellas Verona,24,ITA-Serie A,1319,0,0,3,0,20,28,4,1,,,
Kingsley Ehizibue,nl NED,"MF,DF",Udinese,30,ITA-Serie A,1811,2,0,5,0,31,13,32,2,,,
Jeff Ekhator,it ITA,"FW,MF",Genoa,18,ITA-Serie A,956,3,0,3,0,8,2,9,5,,,
Jurgen Ekkelenkamp,nl NED,MF,Udinese,25,ITA-Serie A,2186,5,3,1,0,27,18,32,15,,,
Caleb Ekuban,gh GHA,"FW,MF",Genoa,31,ITA-Serie A,994,4,1,0,0,1,5,5,10,,,
Mikael Ellertsson,is ISL,MF,Genoa,23,ITA-Serie A,2767,1,1,1,1,26,14,32,6,,,
Elif Elmas,mk MKD,"MF,FW",Napoli,25,ITA-Serie A,1783,1,3,3,0,13,7,41,9,,,
Nesta Elphege,fr FRA,FW,Parma,24,ITA-Serie A,309,2,1,0,0,0,0,0,3,,,
Francesco Esposito,it ITA,FW,Inter,20,ITA-Serie A,1571,7,3,1,0,5,5,4,23,,,
Sebastiano Esposito,it ITA,"FW,MF",Cagliari,23,ITA-Serie A,2675,7,5,6,0,35,21,139,16,,,
Tomás Esteves,pt POR,"DF,MF",Pisa,23,ITA-Serie A,14,0,0,0,0,0,0,0,0,,,
Nahuel Estévez,ar ARG,MF,Parma,29,ITA-Serie A,1049,0,1,2,0,10,5,43,1,,,
Pervis Estupiñán,ec ECU,MF,Milan,27,ITA-Serie A,1034,1,1,5,1,9,11,20,1,,,
Giovanni Fabbian,it ITA,MF,Bologna,22,ITA-Serie A,705,2,0,0,0,4,5,2,4,,,
Giovanni Fabbian,it ITA,MF,Fiorentina,22,ITA-Serie A,468,0,0,2,0,2,1,4,2,,,
Alieu Fadera,gm GAM,FW,Sassuolo,23,ITA-Serie A,987,2,1,5,0,23,5,24,4,,,
Nicolò Fagioli,it ITA,MF,Fiorentina,24,ITA-Serie A,2554,2,3,5,0,31,18,84,7,,,
Wladimiro Falcone,it ITA,GK,Lecce,30,ITA-Serie A,3420,0,0,2,0,2,0,0,0,108,50,10
Jacopo Fazzini,it ITA,"MF,FW",Fiorentina,22,ITA-Serie A,584,0,0,2,0,10,5,16,1,,,
Mattia Felici,it ITA,MF,Cagliari,24,ITA-Serie A,412,2,1,3,0,6,5,23,6,,,
Pedro Felipe,br BRA,DF,Sassuolo,21,ITA-Serie A,129,0,1,0,0,1,2,0,0,,,
Evan Ferguson,ie IRL,FW,Roma,20,ITA-Serie A,773,3,2,1,0,4,1,2,15,,,
Lewis Ferguson,sct SCO,MF,Bologna,25,ITA-Serie A,1601,1,0,7,1,16,12,25,2,,,
Seydou Fini,it ITA,FW,Genoa,19,ITA-Serie A,32,0,0,0,0,0,0,1,0,,,
Romano Floriani,it ITA,MF,Cremonese,22,ITA-Serie A,1168,0,1,2,0,14,6,29,1,,,
Sadik Fofana,tg TOG,MF,Lecce,22,ITA-Serie A,84,0,0,0,0,2,0,0,0,,,
Youssouf Fofana,fr FRA,MF,Milan,26,ITA-Serie A,2203,2,3,4,0,19,19,10,18,,,
Francesco Folino,it ITA,DF,Cremonese,23,ITA-Serie A,722,1,0,1,0,4,2,1,1,,,
Michael Folorunsho,it ITA,"MF,FW",Cagliari,27,ITA-Serie A,1999,2,0,3,0,10,10,22,9,,,
Niccolò Fortini,it ITA,MF,Fiorentina,19,ITA-Serie A,541,0,0,0,0,9,4,29,2,,,
Christian Frangella,it ITA,MF,Sassuolo,18,ITA-Serie A,3,0,0,0,0,0,1,1,0,,,
Davide Frattesi,it ITA,MF,Inter,25,ITA-Serie A,569,0,0,0,0,7,3,2,4,,,
Morten Frendrup,dk DEN,MF,Genoa,24,ITA-Serie A,3081,1,0,5,0,71,41,5,3,,,
Martin Frese,dk DEN,"MF,DF",Hellas Verona,27,ITA-Serie A,2408,2,0,8,0,54,30,74,11,,,
Remo Freuler,ch SUI,MF,Bologna,33,ITA-Serie A,2213,1,2,5,0,31,22,18,1,,,
Niclas Füllkrug,de GER,FW,Milan,32,ITA-Serie A,659,1,0,0,0,2,3,1,5,,,
Alessio Furlanetto,it ITA,GK,Lazio,23,ITA-Serie A,180,0,0,0,0,0,0,0,0,7,3,0
Matteo Gabbia,it ITA,DF,Milan,25,ITA-Serie A,2530,0,0,4,0,14,13,1,3,,,
Tiago Gabriel,pt POR,DF,Lecce,20,ITA-Serie A,3219,2,0,7,0,40,46,2,4,,,
Gianluca Gaetano,it ITA,"MF,FW",Cagliari,25,ITA-Serie A,1912,2,4,4,0,15,23,38,11,,,
Roberto Gagliardini,it ITA,MF,Hellas Verona,31,ITA-Serie A,2272,1,0,9,0,40,56,16,3,,,
Antonino Gallo,it ITA,DF,Lecce,25,ITA-Serie A,3056,0,4,3,0,37,15,134,1,,,
Omri Gandelman,il ISR,"MF,FW",Lecce,25,ITA-Serie A,975,2,1,0,0,6,4,4,3,,,
Ulisses Garcia,ch SUI,DF,Sassuolo,29,ITA-Serie A,943,1,2,3,0,10,8,34,1,,,
Federico Gatti,it ITA,DF,Juventus,27,ITA-Serie A,1093,2,0,3,0,10,12,2,6,,,
David de Gea,es ESP,GK,Fiorentina,34,ITA-Serie A,3330,0,0,0,0,0,0,0,0,119,49,10
Daniele Ghilardi,it ITA,DF,Roma,22,ITA-Serie A,1097,0,0,1,0,15,22,3,0,,,
Andrea Ghion,it ITA,MF,Sassuolo,25,ITA-Serie A,10,0,0,0,0,1,0,1,0,,,
Mario Gila,es ESP,DF,Lazio,24,ITA-Serie A,2472,0,0,4,1,34,26,1,3,,,
Billy Gilmour,sct SCO,MF,Napoli,24,ITA-Serie A,805,1,0,1,0,8,11,6,3,,,
Santiago Giménez,mx MEX,FW,Milan,24,ITA-Serie A,892,0,1,2,0,5,1,1,9,,,
Gvidas Gineitis,lt LTU,MF,Torino,21,ITA-Serie A,1756,0,1,5,0,28,23,64,5,,,
Giovane,br BRA,"FW,MF",Hellas Verona,21,ITA-Serie A,1533,3,4,2,0,9,5,56,25,,,
Giovane,br BRA,"MF,FW",Napoli,21,ITA-Serie A,338,0,1,0,0,0,1,11,2,,,
Saba Goglichidze,ge GEO,DF,Udinese,21,ITA-Serie A,424,0,0,2,0,8,8,2,1,,,
Edoardo Goldaniga,it ITA,DF,Como,31,ITA-Serie A,15,0,0,0,0,0,0,0,0,,,
Nicolás González,ar ARG,"FW,MF",Juventus,27,ITA-Serie A,19,0,0,0,0,0,0,0,0,,,
Olaf Gorter,nl NED,MF,Lecce,20,ITA-Serie A,28,0,0,0,0,1,0,0,0,,,
Robin Gosens,de GER,"DF,MF",Fiorentina,31,ITA-Serie A,1881,3,1,2,0,18,23,41,7,,,
Alberto Grassi,it ITA,MF,Cremonese,30,ITA-Serie A,1753,0,0,4,1,11,35,3,4,,,
Jacopo Grossi,it ITA,MF,Genoa,18,ITA-Serie A,22,0,0,0,0,0,0,3,0,,,
Albert Grønbaek,dk DEN,MF,Genoa,24,ITA-Serie A,103,0,0,1,0,2,0,1,1,,,
Mattéo Guendouzi,fr FRA,MF,Lazio,26,ITA-Serie A,1428,2,1,5,1,8,11,20,8,,,
Idrissa Guèye,sn SEN,FW,Udinese,18,ITA-Serie A,421,1,0,2,0,4,3,4,6,,,
Miguel Gutiérrez,es ESP,"MF,DF",Napoli,24,ITA-Serie A,1488,1,1,0,0,22,7,48,5,,,
Albert Guðmundsson,is ISL,"FW,MF",Fiorentina,28,ITA-Serie A,2250,5,4,4,1,4,3,54,15,,,
Jack Harrison,eng ENG,"FW,MF",Fiorentina,28,ITA-Serie A,981,1,3,1,0,6,2,56,4,,,
Abdou Harroui,nl NED,MF,Hellas Verona,27,ITA-Serie A,907,1,0,3,0,17,1,28,2,,,
Torbjørn Heggem,no NOR,DF,Bologna,26,ITA-Serie A,2113,0,0,0,1,19,25,1,2,,,
Eivind Helland,no NOR,DF,Bologna,20,ITA-Serie A,484,0,0,2,0,5,7,0,0,,,
Luis Henrique,br BRA,MF,Inter,23,ITA-Serie A,1624,1,2,1,0,16,7,39,7,,,
Mario Hermoso,es ESP,DF,Roma,30,ITA-Serie A,2085,3,2,9,0,20,30,10,6,,,
Hernani,br BRA,MF,Parma,31,ITA-Serie A,73,0,0,0,0,0,1,2,0,,,
Isak Hien,se SWE,DF,Atalanta,26,ITA-Serie A,1970,1,0,5,0,34,29,0,3,,,
Malthe Hojholt,dk DEN,MF,Pisa,24,ITA-Serie A,850,0,0,2,0,8,9,4,2,,,
Emil Holm,se SWE,DF,Bologna,25,ITA-Serie A,655,1,4,3,1,13,7,23,1,,,
Emil Holm,se SWE,MF,Juventus,25,ITA-Serie A,230,0,0,0,0,5,3,6,1,,,
Elseid Hysaj,al ALB,DF,Lazio,31,ITA-Serie A,174,0,0,0,0,0,2,2,0,,,
Rasmus Højlund,dk DEN,FW,Napoli,22,ITA-Serie A,2750,12,5,1,0,1,0,3,25,,,
Edoardo Iannoni,it ITA,MF,Sassuolo,24,ITA-Serie A,260,1,0,3,0,3,3,2,1,,,
Riyad Idrissi,it ITA,"MF,DF",Cagliari,20,ITA-Serie A,783,2,0,3,0,15,9,23,6,,,
Jay Idzes,id IDN,DF,Sassuolo,25,ITA-Serie A,3061,0,0,2,0,15,38,1,0,,,
Ivan Ilić,rs SRB,MF,Torino,24,ITA-Serie A,416,0,0,2,0,5,5,2,0,,,
Samuel Iling-Junior,eng ENG,MF,Pisa,21,ITA-Serie A,110,0,0,0,0,2,0,5,0,,,
Emirhan İlkhan,tr TUR,MF,Torino,21,ITA-Serie A,1001,1,2,2,1,19,13,7,3,,,
Ciro Immobile,it ITA,FW,Bologna,35,ITA-Serie A,193,0,0,1,0,0,0,3,0,,,
Isaac,br BRA,FW,Hellas Verona,21,ITA-Serie A,40,0,0,0,0,0,0,1,0,,,
Gustav Isaksen,dk DEN,FW,Lazio,24,ITA-Serie A,1593,5,1,0,0,8,7,32,19,,,
Ardian Ismajli,al ALB,DF,Torino,28,ITA-Serie A,1906,0,1,5,0,14,36,8,4,,,
Franco Israel,uy URU,GK,Torino,25,ITA-Serie A,810,0,0,1,0,0,0,0,0,24,18,3
Ardon Jashari,ch SUI,MF,Milan,23,ITA-Serie A,701,0,1,0,0,11,5,11,2,,,
Gaby Jean,fr FRA,DF,Lecce,25,ITA-Serie A,197,0,0,1,0,3,1,0,0,,,
Oliver Jensen,dk DEN,MF,Parma,23,ITA-Serie A,1840,1,1,2,0,8,17,14,3,,,
Juan Jesus,br BRA,DF,Napoli,34,ITA-Serie A,1675,0,0,10,1,22,26,1,0,,,
Álex Jiménez,es ESP,DF,Milan,20,ITA-Serie A,45,0,0,1,0,0,0,1,0,,,
Þórir Jóhann Helgason,is ISL,MF,Lecce,24,ITA-Serie A,147,0,0,0,0,0,3,6,2,,,
Dennis Johnsen,no NOR,"MF,FW",Cremonese,27,ITA-Serie A,390,1,1,0,0,2,0,12,2,,,
Mohamed Kaba,gn GUI,MF,Lecce,23,ITA-Serie A,633,0,0,1,0,7,4,8,4,,,
Christian Kabasele,be BEL,DF,Udinese,34,ITA-Serie A,2247,3,0,5,1,13,33,0,6,,,
Pierre Kalulu,fr FRA,"DF,MF",Juventus,25,ITA-Serie A,3281,2,4,4,1,35,24,94,4,,,
Hassane Kamara,ci CIV,"MF,DF",Udinese,31,ITA-Serie A,1861,0,2,5,0,20,25,81,5,,,
Jesper Karlström,se SWE,MF,Udinese,30,ITA-Serie A,3146,1,0,6,0,34,37,15,3,,,
Grigoris Kastanos,cy CYP,MF,Hellas Verona,27,ITA-Serie A,44,0,0,0,0,3,3,2,0,,,
Moise Kean,it ITA,FW,Fiorentina,25,ITA-Serie A,2036,8,1,4,0,4,7,7,27,,,
Mandela Keita,be BEL,MF,Parma,23,ITA-Serie A,2979,1,1,1,0,48,43,2,5,,,
Lloyd Kelly,eng ENG,DF,Juventus,26,ITA-Serie A,2996,1,1,4,0,33,14,12,3,,,
Marc-Oliver Kempf,de GER,DF,Como,30,ITA-Serie A,2326,4,1,3,0,12,13,0,6,,,
Kialonda,ao ANG,DF,Lecce,27,ITA-Serie A,1830,0,0,6,1,9,19,1,1,,,
Semih Kılıçsoy,tr TUR,FW,Cagliari,19,ITA-Serie A,975,4,0,1,0,4,1,1,8,,,
Sead Kolašinac,ba BIH,DF,Atalanta,32,ITA-Serie A,1212,0,0,3,0,18,11,3,0,,,
Ismaël Koné,ca CAN,MF,Sassuolo,23,ITA-Serie A,2737,6,0,5,1,18,12,5,10,,,
Manu Koné,fr FRA,MF,Roma,24,ITA-Serie A,2456,2,3,2,0,27,20,1,5,,,
Teun Koopmeiners,nl NED,"MF,DF",Juventus,27,ITA-Serie A,1827,0,0,5,0,13,18,47,7,,,
Odilon Kossounou,ci CIV,DF,Atalanta,24,ITA-Serie A,988,1,0,1,0,14,10,2,1,,,
Filip Kostić,rs SRB,MF,Juventus,32,ITA-Serie A,479,3,1,1,0,10,4,49,4,,,
Eddy Kouadio,ci CIV,DF,Fiorentina,19,ITA-Serie A,72,0,0,0,0,3,0,1,0,,,
Christian Kouamé,ci CIV,"FW,MF",Fiorentina,27,ITA-Serie A,27,0,0,0,0,1,1,2,0,,,
Christ-Owen Kouassi,fr FRA,DF,Lecce,22,ITA-Serie A,228,0,0,0,0,6,1,2,0,,,
Thomas Kristensen,dk DEN,DF,Udinese,23,ITA-Serie A,2472,3,0,4,0,15,27,4,6,,,
Nikola Krstović,me MNE,FW,Atalanta,25,ITA-Serie A,1791,10,5,4,0,12,3,5,34,,,
Nicolas-Gerrit Kühn,de GER,MF,Como,25,ITA-Serie A,665,1,1,0,0,6,5,14,3,,,
Sandro Kulenović,hr CRO,FW,Torino,25,ITA-Serie A,300,0,1,2,0,2,1,1,2,,,
Gael Lafont,fr FRA,FW,Genoa,19,ITA-Serie A,8,0,0,0,0,0,0,0,0,,,
Tariq Lamptey,gh GHA,MF,Fiorentina,24,ITA-Serie A,25,0,0,0,0,2,0,1,0,,,
Noa Lang,nl NED,"FW,MF",Napoli,26,ITA-Serie A,666,1,2,2,0,8,2,44,4,,,
Armand Lauriente,fr FRA,FW,Sassuolo,26,ITA-Serie A,2592,7,9,4,0,15,7,109,26,,,
Matteo Lavelli,it ITA,FW,Inter,18,ITA-Serie A,8,0,0,0,0,0,0,1,0,,,
Valentino Lazaro,at AUT,MF,Torino,29,ITA-Serie A,2252,0,2,4,0,25,22,135,2,,,
Manuel Lazzari,it ITA,DF,Lazio,31,ITA-Serie A,938,0,0,2,0,9,6,16,2,,,
Andréa Le Borgne,fr FRA,MF,Como,19,ITA-Serie A,1,0,0,0,0,0,0,0,0,,,
Nicola Leali,it ITA,GK,Genoa,32,ITA-Serie A,1847,0,0,2,1,0,1,0,0,58,28,4
Rafael Leão,pt POR,FW,Milan,26,ITA-Serie A,1851,9,3,5,0,3,5,25,24,,,
Mehdi Léris,dz ALG,MF,Pisa,27,ITA-Serie A,1900,2,3,2,0,37,23,99,7,,,
Luca Lezzerini,it ITA,GK,Fiorentina,30,ITA-Serie A,4,0,0,0,0,0,0,0,0,0,0,0
Luca Lipani,it ITA,MF,Sassuolo,20,ITA-Serie A,1034,0,1,3,0,17,15,5,3,,,
Pol Lirola,es ESP,MF,Hellas Verona,27,ITA-Serie A,305,0,0,1,0,3,2,16,0,,,
Joseph Liteta,zm ZAM,MF,Cagliari,19,ITA-Serie A,264,0,0,0,0,2,8,0,0,,,
Stanislav Lobotka,sk SVK,MF,Napoli,30,ITA-Serie A,2431,1,1,3,0,16,16,5,4,,,
Manuel Locatelli,it ITA,MF,Juventus,27,ITA-Serie A,2994,1,2,9,0,66,38,19,12,,,
Ruben Loftus-Cheek,eng ENG,"MF,FW",Milan,29,ITA-Serie A,1133,3,1,2,0,8,5,10,6,,,
Ademola Lookman,ng NGA,"FW,MF",Atalanta,27,ITA-Serie A,795,2,0,0,0,3,3,21,8,,,
Dachi Lordkipanidze,ge GEO,MF,Cremonese,20,ITA-Serie A,29,0,0,0,0,0,0,0,0,,,
Lorran,br BRA,FW,Pisa,19,ITA-Serie A,122,1,0,0,0,3,3,5,1,,,
Simone Lottici Tessadri,it ITA,MF,Cremonese,19,ITA-Serie A,6,0,0,0,0,0,0,0,0,,,
Sandi Lovrić,si SVN,MF,Udinese,27,ITA-Serie A,161,0,1,1,0,4,4,16,1,,,
Sandi Lovrić,si SVN,MF,Hellas Verona,27,ITA-Serie A,309,0,0,1,0,6,5,24,1,,,
Felipe Loyola,cl CHI,MF,Pisa,24,ITA-Serie A,538,1,0,0,1,7,6,4,1,,,
Lorenzo Lucca,it ITA,FW,Napoli,24,ITA-Serie A,408,1,0,1,0,0,0,0,5,,,
Jhon Lucumí,co COL,DF,Bologna,27,ITA-Serie A,2287,1,0,5,0,22,30,1,2,,,
Romelu Lukaku,be BEL,FW,Napoli,32,ITA-Serie A,44,1,0,1,0,0,0,0,1,,,
Sebastiano Luperto,it ITA,DF,Cremonese,28,ITA-Serie A,1307,0,1,1,0,9,12,10,2,,,
Sebastiano Luperto,it ITA,DF,Cagliari,28,ITA-Serie A,1706,1,0,3,0,12,19,1,3,,,
Mateus Lusuardi,br BRA,DF,Pisa,21,ITA-Serie A,198,0,0,1,0,2,0,1,0,,,
Zito Luvumbo,ao ANG,"MF,FW",Cagliari,23,ITA-Serie A,329,0,0,0,0,1,1,7,6,,,
Babis Lykogiannis,gr GRE,DF,Bologna,31,ITA-Serie A,627,0,1,3,0,10,6,45,2,,,
Mathias Løvik,no NOR,MF,Parma,21,ITA-Serie A,471,0,0,0,0,8,7,15,0,,,
Tommaso Macchioni,it ITA,DF,Sassuolo,19,ITA-Serie A,90,0,0,1,0,0,2,0,0,,,
Mike Maignan,fr FRA,GK,Milan,30,ITA-Serie A,3295,0,0,4,0,0,1,0,0,106,35,14
Daniel Maldini,it ITA,FW,Lazio,23,ITA-Serie A,687,2,1,0,0,9,4,1,5,,,
Daniel Maldini,it ITA,MF,Atalanta,23,ITA-Serie A,264,0,0,1,0,2,0,10,2,,,
Youssef Maleh,ma MAR,MF,Cremonese,26,ITA-Serie A,1100,1,0,2,1,11,9,41,3,,,
Youssef Maleh,ma MAR,MF,Lecce,26,ITA-Serie A,460,0,0,2,0,4,7,12,1,,,
Donyell Malen,nl NED,FW,Roma,26,ITA-Serie A,1467,14,2,1,0,3,3,6,31,,,
Ruslan Malinovskyi,ua UKR,MF,Genoa,32,ITA-Serie A,2235,6,3,10,0,19,16,68,15,,,
Gianluca Mancini,it ITA,DF,Roma,29,ITA-Serie A,3059,4,2,9,0,28,47,29,8,,,
Rolando Mandragora,it ITA,MF,Fiorentina,28,ITA-Serie A,2421,7,3,7,0,24,15,69,18,,,
Alessandro Marcandalli,it ITA,DF,Genoa,22,ITA-Serie A,2597,0,2,4,0,24,18,10,2,,,
Pablo Marí,es ESP,DF,Fiorentina,31,ITA-Serie A,808,0,0,3,0,8,19,0,0,,,
Luca Marianucci,it ITA,DF,Torino,21,ITA-Serie A,575,0,0,2,0,5,8,7,0,,,
Luca Marianucci,it ITA,DF,Napoli,21,ITA-Serie A,119,0,1,0,0,2,1,2,0,,,
Marius Marin,ro ROU,MF,Pisa,26,ITA-Serie A,1281,0,0,7,0,26,14,18,0,,,
João Mário Lopes,pt POR,"DF,MF",Bologna,25,ITA-Serie A,735,1,0,1,0,4,10,15,2,,,
João Mário Lopes,pt POR,MF,Juventus,25,ITA-Serie A,258,0,0,1,0,3,3,5,0,,,
Guillermo Maripán,cl CHI,DF,Torino,31,ITA-Serie A,2145,2,0,4,0,28,27,3,8,,,
Aarón Martín,es ESP,"MF,DF",Genoa,28,ITA-Serie A,2156,1,5,2,0,28,10,194,4,,,
Josep Martinez,es ESP,GK,Inter,27,ITA-Serie A,450,0,0,0,0,0,0,0,0,10,4,3
Lautaro Martínez,ar ARG,FW,Inter,27,ITA-Serie A,2159,17,6,4,0,13,6,17,39,,,
Adam Marušić,me MNE,DF,Lazio,32,ITA-Serie A,2778,1,2,1,1,16,33,35,7,,,
Adam Masina,ma MAR,DF,Torino,31,ITA-Serie A,235,0,1,0,0,4,5,0,0,,,
Patrizio Masini,it ITA,MF,Genoa,24,ITA-Serie A,1413,0,1,5,0,39,26,14,5,,,
Nemanja Matić,rs SRB,MF,Sassuolo,36,ITA-Serie A,2660,1,1,7,1,28,27,11,4,,,
Luca Mazzitelli,it ITA,MF,Cagliari,29,ITA-Serie A,767,2,2,3,0,11,10,9,5,,,
Pasquale Mazzocchi,it ITA,MF,Napoli,30,ITA-Serie A,310,0,1,0,1,1,4,15,1,,,
Weston McKennie,us USA,MF,Juventus,26,ITA-Serie A,2835,5,5,5,0,24,26,36,16,,,
Scott McTominay,sct SCO,MF,Napoli,28,ITA-Serie A,2791,10,3,1,0,13,23,10,34,,,
Henrik Meister,dk DEN,FW,Pisa,21,ITA-Serie A,1515,2,0,2,0,3,1,1,8,,,
Paul Mendy,sn SEN,FW,Cagliari,18,ITA-Serie A,335,2,0,1,0,0,1,2,3,,,
Alex Meret,it ITA,GK,Napoli,28,ITA-Serie A,979,0,1,1,0,0,1,0,0,21,12,4
Junior Messias,br BRA,MF,Genoa,34,ITA-Serie A,685,3,1,1,0,10,5,16,7,,,
Daniel Mikołajewski,pl POL,FW,Parma,19,ITA-Serie A,70,0,0,0,0,0,0,1,0,,,
Arkadiusz Milik,pl POL,FW,Juventus,31,ITA-Serie A,36,0,0,0,0,0,0,0,2,,,
Vanja Milinković-Savić,rs SRB,GK,Napoli,28,ITA-Serie A,2430,0,1,0,0,0,0,0,0,52,24,11
Lennon Miller,sct SCO,MF,Udinese,18,ITA-Serie A,996,0,2,4,0,12,9,32,1,,,
Yerry Mina,co COL,DF,Cagliari,30,ITA-Serie A,2150,2,0,5,1,18,26,1,3,,,
Juan Miranda,es ESP,DF,Bologna,25,ITA-Serie A,2573,1,3,6,0,31,33,171,5,,,
Fabio Miretti,it ITA,MF,Juventus,21,ITA-Serie A,617,1,2,1,0,9,4,17,5,,,
Henrikh Mkhitaryan,am ARM,MF,Inter,36,ITA-Serie A,1560,4,1,5,0,27,15,42,14,,,
Branimir Mlacic,hr CRO,DF,Udinese,18,ITA-Serie A,166,0,0,2,0,3,2,1,0,,,
Rui Modesto,ao ANG,MF,Udinese,25,ITA-Serie A,119,0,1,0,0,4,1,5,1,,,
Luka Modrić,hr CRO,MF,Milan,39,ITA-Serie A,2811,2,3,4,0,27,35,111,8,,,
Lorenzo Montipò,it ITA,GK,Hellas Verona,29,ITA-Serie A,3150,0,1,0,0,0,0,0,0,87,54,5
Álvaro Morata,es ESP,FW,Como,32,ITA-Serie A,930,0,1,4,1,11,1,9,8,,,
Alberto Moreno,es ESP,DF,Como,33,ITA-Serie A,1233,2,1,4,0,12,7,34,4,,,
Tete Morente,es ESP,"FW,MF",Lecce,28,ITA-Serie A,859,0,0,2,0,9,3,29,2,,,
Stefano Moreo,it ITA,"FW,MF",Pisa,32,ITA-Serie A,2307,7,1,2,0,11,21,28,20,,,
Luca Moro,it ITA,FW,Sassuolo,24,ITA-Serie A,211,0,0,1,0,4,2,0,1,,,
Nikola Moro,hr CRO,MF,Bologna,27,ITA-Serie A,1799,2,0,1,0,8,19,49,2,,,
Mattia Mosconi,it ITA,FW,Inter,18,ITA-Serie A,27,0,0,0,0,0,0,0,0,,,
Daniel Mosquera,co COL,FW,Hellas Verona,25,ITA-Serie A,597,0,2,1,0,2,2,2,5,,,
Edoardo Motta,it ITA,GK,Lazio,20,ITA-Serie A,810,0,0,1,0,0,0,0,0,22,10,3
Tarik Muharemovic,ba BIH,DF,Sassuolo,22,ITA-Serie A,2835,2,2,7,0,24,45,2,7,,,
Arijanet Muric,xk KVX,GK,Sassuolo,26,ITA-Serie A,2880,0,0,4,0,0,0,0,0,118,43,6
Yunus Musah,us USA,MF,Milan,22,ITA-Serie A,90,0,0,0,0,1,0,1,0,,,
Yunus Musah,us USA,MF,Atalanta,22,ITA-Serie A,574,1,0,1,0,5,5,10,2,,,
Cheveyo Muy,nl NED,FW,Milan,18,ITA-Serie A,5,0,0,0,0,0,0,0,0,,,
Obite N'Dicka,ci CIV,DF,Roma,25,ITA-Serie A,2680,3,0,5,0,16,45,2,6,,,
Konan N'dri,ne NIG,MF,Lecce,24,ITA-Serie A,544,2,0,3,0,4,2,23,5,,,
Corrie Ndaba,ie IRL,DF,Lecce,25,ITA-Serie A,543,0,0,0,0,4,3,4,0,,,
Michel Ndary Adopo,fr FRA,MF,Cagliari,25,ITA-Serie A,3050,1,2,4,0,32,31,26,11,,,
Abdoulaye Ndiaye,sn SEN,DF,Parma,23,ITA-Serie A,780,0,0,5,1,10,11,0,0,,,
Cher Ndour,it ITA,MF,Fiorentina,21,ITA-Serie A,1876,3,0,2,0,17,15,20,8,,,
Victor Nelsson,dk DEN,DF,Hellas Verona,26,ITA-Serie A,3315,0,0,4,0,45,75,5,1,,,
David Neres,br BRA,"FW,MF",Napoli,28,ITA-Serie A,922,3,3,3,0,5,1,53,4,,,
Oumar Ngom,mr MTN,MF,Lecce,21,ITA-Serie A,842,0,0,1,0,15,12,3,2,,,
Cyril Ngonge,be BEL,FW,Torino,25,ITA-Serie A,994,1,1,2,0,4,2,19,12,,,
Mikayil Ngor Faye,sn SEN,"MF,DF",Cremonese,21,ITA-Serie A,254,0,0,1,0,6,5,6,0,,,
Cheikh Niasse,sn SEN,MF,Hellas Verona,25,ITA-Serie A,970,0,1,1,0,14,15,14,1,,,
Hans Nicolussi Caviglia,it ITA,MF,Fiorentina,25,ITA-Serie A,585,0,1,4,0,7,3,30,1,,,
Hans Nicolussi Caviglia,it ITA,MF,Parma,25,ITA-Serie A,869,0,3,0,0,8,3,23,2,,,
Oliver Nielsen,dk DEN,DF,Lazio,22,ITA-Serie A,1536,0,0,3,0,6,16,2,2,,,
Alieu Njie,se SWE,"MF,FW",Torino,20,ITA-Serie A,299,1,1,2,0,2,0,4,3,,,
Niels Nkounkou,fr FRA,"MF,DF",Torino,24,ITA-Serie A,355,0,1,3,0,11,8,20,1,,,
Christopher Nkunku,fr FRA,FW,Milan,27,ITA-Serie A,1356,7,3,0,0,2,2,17,16,,,
Brooke Norton-Cuffy,eng ENG,"MF,DF",Genoa,21,ITA-Serie A,2212,2,1,5,1,31,11,80,6,,,
Tijjani Noslin,nl NED,FW,Lazio,26,ITA-Serie A,1148,4,2,6,1,6,3,10,13,,,
Unai Núñez,es ESP,DF,Hellas Verona,28,ITA-Serie A,1265,0,0,6,0,18,23,11,1,,,
Joi Nuredini,al ALB,FW,Genoa,17,ITA-Serie A,2,0,0,0,0,0,0,0,0,,,
M'Bala Nzola,ao ANG,FW,Sassuolo,28,ITA-Serie A,473,1,1,1,0,2,1,0,4,,,
M'Bala Nzola,ao ANG,FW,Pisa,28,ITA-Serie A,1052,3,0,1,1,2,1,7,7,,,
Adam Obert,sk SVK,"DF,MF",Cagliari,22,ITA-Serie A,2771,0,3,10,1,32,44,69,3,,,
Rafel Obrador,es ESP,MF,Torino,21,ITA-Serie A,1116,1,3,1,0,8,12,58,2,,,
Cas Odenthal,nl NED,DF,Sassuolo,24,ITA-Serie A,1,0,0,0,0,0,0,0,0,,,
Jens Odgaard,dk DEN,MF,Bologna,26,ITA-Serie A,1378,5,1,1,0,12,4,15,13,,,
David Odogu,de GER,DF,Milan,19,ITA-Serie A,6,0,0,0,0,0,0,0,0,,,
David Okereke,ng NGA,"FW,MF",Cremonese,27,ITA-Serie A,403,2,0,0,1,0,1,5,5,,,
Maduka Okoye,ng NGA,GK,Udinese,25,ITA-Serie A,2616,0,0,1,1,0,0,0,0,80,37,10
Mathías Olivera,uy URU,"DF,MF",Napoli,27,ITA-Serie A,1370,0,0,3,0,22,16,6,3,,,
Jean Onana,cm CMR,MF,Genoa,25,ITA-Serie A,45,0,0,0,0,3,1,1,0,,,
Jacob Ondrejka,se SWE,"FW,MF",Parma,22,ITA-Serie A,773,0,0,2,0,2,2,12,7,,,
Loïs Openda,be BEL,"FW,MF",Juventus,25,ITA-Serie A,666,1,0,0,0,4,1,7,6,,,
Gift Orban,ng NGA,FW,Hellas Verona,23,ITA-Serie A,2027,7,2,4,1,3,3,14,28,,,
Christian Ordoñez,ar ARG,MF,Parma,21,ITA-Serie A,1091,1,0,5,1,13,9,12,2,,,
Gaetano Oristanio,it ITA,"FW,MF",Parma,22,ITA-Serie A,859,1,0,1,0,6,2,16,4,,,
Riccardo Orsolini,it ITA,"MF,FW",Bologna,28,ITA-Serie A,2111,10,1,2,0,15,7,41,31,,,
Sebastian Otoa,dk DEN,DF,Genoa,21,ITA-Serie A,829,0,0,1,0,10,9,1,2,,,
Latif Ouedraogo,bf BFA,DF,Genoa,17,ITA-Serie A,51,0,0,0,0,1,1,3,0,,,
Daniel Oyegoke,eng ENG,"MF,DF",Hellas Verona,22,ITA-Serie A,594,0,0,2,0,9,7,32,1,,,
Daniele Padelli,it ITA,GK,Udinese,39,ITA-Serie A,180,0,0,0,0,0,0,0,0,3,2,0
Alberto Paleari,it ITA,GK,Torino,32,ITA-Serie A,2610,0,0,1,0,0,1,0,0,82,45,9
Marco Palestra,it ITA,"MF,DF",Cagliari,20,ITA-Serie A,3081,1,4,3,0,35,19,106,7,,,
Matteo Palma,de GER,DF,Udinese,17,ITA-Serie A,120,0,0,0,0,0,3,1,0,,,
Fabiano Parisi,it ITA,"MF,FW",Fiorentina,24,ITA-Serie A,1520,1,1,6,0,14,17,39,7,,,
Mario Pašalić,hr CRO,MF,Atalanta,30,ITA-Serie A,1936,3,4,3,0,18,13,11,6,,,
Patric,es ESP,"MF,DF",Lazio,32,ITA-Serie A,667,0,0,2,0,0,3,0,0,,,
Benjamin Pavard,fr FRA,DF,Inter,29,ITA-Serie A,90,0,0,0,0,1,2,0,1,,,
Strahinja Pavlović,rs SRB,DF,Milan,24,ITA-Serie A,2869,5,1,4,0,26,20,15,6,,,
Leonardo Pavoletti,it ITA,FW,Cagliari,36,ITA-Serie A,227,1,1,1,0,2,1,0,1,,,
Martín Payero,ar ARG,MF,Cremonese,26,ITA-Serie A,1457,1,0,8,0,9,10,34,8,,,
Nicolás Paz,ar ARG,MF,Como,20,ITA-Serie A,2878,12,6,5,0,56,27,63,48,,,
Marcus Pedersen,no NOR,"MF,DF",Torino,25,ITA-Serie A,2134,1,2,3,0,14,10,110,3,,,
Pedro,es ESP,"FW,MF",Lazio,38,ITA-Serie A,982,5,2,4,0,6,4,31,11,,,
Zé Pedro Figueiredo,pt POR,DF,Cagliari,28,ITA-Serie A,1699,0,1,6,0,18,20,5,0,,,
Lorenzo Pellegrini,it ITA,MF,Roma,29,ITA-Serie A,1463,4,2,2,0,5,15,89,12,,,
Luca Pellegrini,it ITA,DF,Lazio,26,ITA-Serie A,1469,1,0,8,0,15,17,51,5,,,
Mateo Pellegrino,ar ARG,FW,Parma,24,ITA-Serie A,2984,9,1,5,0,10,4,12,22,,,
Faris Pemi Moumbagna,cm CMR,FW,Cremonese,25,ITA-Serie A,93,0,0,0,0,0,0,1,0,,,
Matías Pérez,cl CHI,DF,Lecce,20,ITA-Serie A,31,0,0,0,0,0,0,1,0,,,
Simone Perilli,it ITA,GK,Hellas Verona,30,ITA-Serie A,270,0,0,0,0,0,0,0,0,8,7,1
Mattia Perin,it ITA,GK,Juventus,32,ITA-Serie A,765,0,0,0,0,0,0,0,0,13,9,3
Máximo Perrone,ar ARG,MF,Como,22,ITA-Serie A,2742,3,4,8,0,38,21,11,9,,,
Massimo Pessina,it ITA,GK,Bologna,17,ITA-Serie A,353,0,0,0,0,0,0,0,0,7,2,3
Giuseppe Pezzella,it ITA,"MF,DF",Cremonese,27,ITA-Serie A,2585,0,1,8,1,32,11,128,0,,,
Gabriele Piccinini,it ITA,MF,Pisa,24,ITA-Serie A,875,0,0,3,0,16,2,19,7,,,
Roberto Piccoli,it ITA,FW,Fiorentina,24,ITA-Serie A,1672,4,1,1,0,1,4,4,15,,,
Nicholas Pierini,it ITA,"FW,MF",Sassuolo,26,ITA-Serie A,142,0,0,1,0,4,2,9,2,,,
Santiago Pierotti,ar ARG,"MF,FW",Lecce,24,ITA-Serie A,2597,1,2,4,0,51,21,21,8,,,
Balthazar Pierret,fr FRA,MF,Lecce,25,ITA-Serie A,27,0,0,0,0,1,0,0,0,,,
Andrea Pinamonti,it ITA,FW,Sassuolo,26,ITA-Serie A,2552,9,3,2,1,5,2,9,30,,,
Jakub Piotrowski,pl POL,MF,Udinese,27,ITA-Serie A,1696,1,1,2,0,25,15,25,9,,,
Niccolò Pisilli,it ITA,MF,Roma,20,ITA-Serie A,1295,2,4,3,0,13,24,15,5,,,
Tommaso Pobega,it ITA,MF,Bologna,26,ITA-Serie A,1434,3,1,2,1,19,19,2,10,,,
Matteo Politano,it ITA,"MF,FW",Napoli,31,ITA-Serie A,2200,2,5,4,0,10,5,173,13,,,
Marin Pongračić,hr CRO,DF,Fiorentina,27,ITA-Serie A,2918,0,0,12,0,17,36,4,1,,,
Stefan Posch,at AUT,DF,Como,28,ITA-Serie A,393,1,0,1,0,3,4,10,3,,,
Matteo Prati,it ITA,MF,Torino,21,ITA-Serie A,614,0,1,2,0,3,5,2,0,,,
Matteo Prati,it ITA,MF,Cagliari,21,ITA-Serie A,1268,1,0,4,0,12,15,13,1,,,
Ivan Provedel,it ITA,GK,Lazio,31,ITA-Serie A,2430,0,0,1,0,0,0,0,0,87,27,12
Adrian Przyborek,pl POL,MF,Lazio,18,ITA-Serie A,9,0,0,0,0,0,0,0,0,,,
Christian Pulisic,us USA,FW,Milan,26,ITA-Serie A,1609,8,4,0,0,8,3,37,25,,,
Adrien Rabiot,fr FRA,MF,Milan,30,ITA-Serie A,2550,6,4,6,1,31,20,58,12,,,
Ylber Ramadani,al ALB,MF,Lecce,29,ITA-Serie A,3203,1,0,10,0,50,44,16,5,,,
Jacobo Ramón,es ESP,DF,Como,20,ITA-Serie A,2742,2,0,11,1,32,38,11,9,,,
Luca Ranieri,it ITA,DF,Fiorentina,26,ITA-Serie A,2458,1,0,8,1,24,24,27,3,,,
Giacomo Raspadori,it ITA,"MF,FW",Atalanta,25,ITA-Serie A,796,3,1,0,0,3,1,44,11,,,
Othniel Raterink,nl NED,DF,Cagliari,19,ITA-Serie A,7,0,0,0,0,0,0,0,0,,,
Petar Ratkov,rs SRB,FW,Lazio,21,ITA-Serie A,233,0,0,0,0,2,1,0,1,,,
Federico Ravaglia,it ITA,GK,Bologna,25,ITA-Serie A,1470,0,0,4,0,1,0,0,0,52,29,2
Devyne Rensch,nl NED,MF,Roma,22,ITA-Serie A,1184,1,4,1,0,15,16,22,2,,,
Samuele Ricci,it ITA,MF,Milan,23,ITA-Serie A,1312,1,4,3,0,9,9,28,6,,,
Amir Richardson,ma MAR,MF,Fiorentina,23,ITA-Serie A,42,0,0,0,0,1,0,1,0,,,
Filippo Rinaldi,it ITA,GK,Parma,22,ITA-Serie A,90,0,0,1,0,0,0,0,0,4,0,1
Sergi Roberto,es ESP,MF,Como,33,ITA-Serie A,544,0,0,3,0,7,5,2,2,,,
Jesus Rodríguez,es ESP,MF,Como,19,ITA-Serie A,1731,2,9,3,1,17,4,57,12,,,
Juan Rodríguez,uy URU,DF,Cagliari,20,ITA-Serie A,1310,1,0,3,0,27,17,5,2,,,
Filippo Romagna,it ITA,DF,Sassuolo,28,ITA-Serie A,313,0,0,0,0,1,5,1,0,,,
Alessio Romagnoli,it ITA,DF,Lazio,30,ITA-Serie A,2666,0,0,6,1,14,32,2,4,,,
Alessandro Romano,ch SUI,MF,Roma,19,ITA-Serie A,8,0,0,0,0,0,0,0,0,,,
Marten de Roon,nl NED,MF,Atalanta,34,ITA-Serie A,2691,1,2,8,1,44,26,13,4,,,
Nicolò Rovella,it ITA,MF,Lazio,23,ITA-Serie A,512,0,1,2,1,10,9,11,0,,,
Jonathan Rowe,eng ENG,"MF,FW",Bologna,22,ITA-Serie A,1605,3,2,2,0,14,9,53,17,,,
Amir Rrahmani,xk KVX,DF,Napoli,31,ITA-Serie A,1795,2,1,2,0,12,22,1,4,,,
Daniele Rugani,it ITA,DF,Fiorentina,31,ITA-Serie A,327,0,0,2,0,4,5,0,0,,,
Daniele Rugani,it ITA,DF,Juventus,31,ITA-Serie A,250,0,0,0,0,3,5,0,0,,,
Stefano Sabelli,it ITA,"MF,DF",Genoa,32,ITA-Serie A,913,0,0,0,0,14,3,27,0,,,
Abdelhamid Sabiri,ma MAR,MF,Fiorentina,28,ITA-Serie A,27,0,0,0,0,2,0,4,0,,,
Alexis Saelemaekers,be BEL,MF,Milan,26,ITA-Serie A,2788,3,3,5,0,38,30,82,11,,,
Álex Sala,es ESP,MF,Lecce,24,ITA-Serie A,167,0,1,0,0,2,3,11,2,,,
Lazar Samardzic,rs SRB,MF,Atalanta,23,ITA-Serie A,1030,2,1,1,0,8,10,68,9,,,
Antonio Sanabria,py PAR,FW,Cremonese,29,ITA-Serie A,945,1,1,2,0,2,1,2,4,,,
Yellu Santiago,es ESP,MF,Hellas Verona,21,ITA-Serie A,6,0,0,0,0,0,0,0,1,,,
Alisson Santos,br BRA,"MF,FW",Napoli,22,ITA-Serie A,834,4,0,1,0,8,2,42,16,,,
Jeremy Sarmiento,ec ECU,MF,Cremonese,23,ITA-Serie A,142,0,0,0,0,2,2,2,2,,,
Amin Sarr,se SWE,"FW,MF",Hellas Verona,24,ITA-Serie A,1102,0,1,2,1,9,4,12,6,,,
Razvan Sava,ro ROU,GK,Udinese,23,ITA-Serie A,620,0,0,1,0,0,0,0,0,14,14,1
Giorgio Scalvini,it ITA,DF,Atalanta,21,ITA-Serie A,1808,3,1,2,0,23,38,5,6,,,
Gianluca Scamacca,it ITA,FW,Atalanta,26,ITA-Serie A,1315,10,1,2,0,5,3,0,22,,,
Simone Scuffet,it ITA,GK,Pisa,29,ITA-Serie A,630,0,0,0,0,0,0,0,0,14,15,1
Adrian Šemper,hr CRO,GK,Pisa,27,ITA-Serie A,2250,0,0,0,0,0,0,0,0,82,42,4
Suat Serdar,de GER,MF,Hellas Verona,28,ITA-Serie A,1108,2,0,3,0,20,10,7,7,,,
Stephan El Shaarawy,it ITA,"MF,FW",Roma,32,ITA-Serie A,666,1,2,4,0,7,6,16,7,,,
Jamil Siebert,de GER,DF,Lecce,23,ITA-Serie A,1701,1,0,3,0,15,15,5,2,,,
Éderson Silva,br BRA,MF,Atalanta,26,ITA-Serie A,2230,2,1,3,0,35,28,12,11,,,
Marco Silvestri,it ITA,GK,Cremonese,34,ITA-Serie A,360,0,0,0,0,0,0,0,0,15,7,0
Giovanni Simeone,ar ARG,FW,Torino,30,ITA-Serie A,2230,11,0,1,0,9,5,9,28,,,
Laurs Skjellerup,dk DEN,FW,Sassuolo,22,ITA-Serie A,10,0,0,0,0,0,0,0,0,,,
Łukasz Skorupski,pl POL,GK,Bologna,34,ITA-Serie A,1592,0,0,1,1,0,0,0,0,33,18,8
Tobias Slotsager,dk DEN,DF,Hellas Verona,19,ITA-Serie A,446,0,0,0,0,7,3,2,1,,,
Ivan Smolčić,hr CRO,DF,Como,24,ITA-Serie A,1662,0,1,8,0,24,23,29,4,,,
Simon Sohm,ch SUI,MF,Bologna,24,ITA-Serie A,717,0,0,1,0,5,3,2,1,,,
Simon Sohm,ch SUI,MF,Fiorentina,24,ITA-Serie A,708,0,1,2,0,7,6,5,0,,,
Oumar Solet,fr FRA,DF,Udinese,25,ITA-Serie A,2959,3,1,1,0,57,47,20,6,,,
Manor Solomon,il ISR,"FW,MF",Fiorentina,26,ITA-Serie A,890,2,1,1,0,11,0,47,4,,,
Daniele Sommariva,it ITA,GK,Genoa,28,ITA-Serie A,176,0,0,0,0,0,0,0,0,8,4,0
Yann Sommer,ch SUI,GK,Inter,36,ITA-Serie A,2960,0,0,0,0,0,0,0,0,64,30,15
Riccardo Sottil,it ITA,"FW,MF",Lecce,26,ITA-Serie A,1066,1,2,1,0,2,2,100,3,,,
Matìas Soulé,ar ARG,"MF,FW",Roma,22,ITA-Serie A,2139,6,5,1,0,15,9,70,18,,,
Leonardo Spinazzola,it ITA,"MF,DF",Napoli,32,ITA-Serie A,1901,3,3,2,0,10,4,73,7,,,
Marco Sportiello,it ITA,GK,Atalanta,33,ITA-Serie A,90,0,0,0,0,0,0,0,0,3,1,0
Nicolae Stanciu,ro ROU,MF,Genoa,32,ITA-Serie A,180,0,0,0,0,3,3,9,0,,,
Calvin Stengs,nl NED,"FW,MF",Pisa,26,ITA-Serie A,46,0,0,0,0,0,0,3,1,,,
Filip Stojilković,ch SUI,"FW,MF",Pisa,25,ITA-Serie A,658,0,0,0,0,1,0,3,4,,,
Gabriel Strefezza,br BRA,FW,Parma,28,ITA-Serie A,1007,2,2,3,0,12,5,41,7,,,
Nikola Štulić,rs SRB,FW,Lecce,23,ITA-Serie A,1709,4,0,1,0,7,2,1,9,,,
Petar Sučić,hr CRO,MF,Inter,21,ITA-Serie A,1765,2,2,5,0,25,9,43,6,,,
Ibrahim Sulemana,gh GHA,MF,Cagliari,22,ITA-Serie A,860,1,0,2,0,13,6,2,2,,,
Ibrahim Sulemana,gh GHA,MF,Bologna,22,ITA-Serie A,45,0,0,1,0,0,0,0,0,,,
Kamaldeen Sulemana,gh GHA,MF,Atalanta,23,ITA-Serie A,1011,2,1,4,0,5,2,22,10,,,
Tomáš Suslov,sk SVK,FW,Hellas Verona,23,ITA-Serie A,446,0,0,1,1,6,1,21,4,,,
Zion Suzuki,jp JPN,GK,Parma,22,ITA-Serie A,1800,0,0,1,0,0,0,0,0,65,28,5
Mile Svilar,rs SRB,GK,Roma,25,ITA-Serie A,3420,0,0,0,0,1,1,0,0,107,31,18
Adrien Tameze,cm CMR,DF,Torino,31,ITA-Serie A,1120,0,0,3,0,12,19,14,0,,,
Nuno Tavares,pt POR,DF,Lazio,25,ITA-Serie A,1473,0,0,5,0,21,18,99,1,,,
Kenneth Taylor,nl NED,MF,Lazio,23,ITA-Serie A,1394,3,2,5,0,11,9,9,6,,,
Filippo Terracciano,it ITA,DF,Cremonese,22,ITA-Serie A,3011,2,0,6,0,23,56,27,4,,,
Pietro Terracciano,it ITA,GK,Milan,35,ITA-Serie A,125,0,0,0,0,0,0,0,0,4,0,2
Morten Thorsby,no NOR,MF,Genoa,29,ITA-Serie A,731,2,1,2,0,1,3,5,4,,,
Morten Thorsby,no NOR,MF,Cremonese,29,ITA-Serie A,643,1,0,2,0,6,3,0,4,,,
Kristian Thorstvedt,no NOR,MF,Sassuolo,26,ITA-Serie A,2460,4,4,9,0,20,31,13,13,,,
Khéphren Thuram,fr FRA,MF,Juventus,24,ITA-Serie A,2442,3,3,2,0,32,12,16,15,,,
Marcus Thuram,fr FRA,FW,Inter,27,ITA-Serie A,1900,13,6,2,0,13,1,21,29,,,
Fikayo Tomori,eng ENG,DF,Milan,27,ITA-Serie A,2554,0,2,8,1,40,28,17,2,,,
Luka Topalović,si SVN,MF,Inter,19,ITA-Serie A,10,0,1,0,0,0,0,0,0,,,
Idrissa Touré,de GER,MF,Pisa,27,ITA-Serie A,2279,1,0,4,1,28,25,67,8,,,
Mattéo Tramoni,fr FRA,"MF,FW",Pisa,25,ITA-Serie A,1600,2,2,3,0,21,15,68,9,,,
Yael Trepy,,FW,Cagliari,,ITA-Serie A,91,1,0,0,0,1,0,7,2,,,
Mariano Troilo,ar ARG,DF,Parma,22,ITA-Serie A,1625,1,0,8,2,18,16,1,2,,,
Kostas Tsimikas,gr GRE,MF,Roma,29,ITA-Serie A,644,0,0,1,0,5,8,43,0,,,
Stefano Turati,it ITA,GK,Sassuolo,23,ITA-Serie A,532,0,0,0,0,0,1,0,0,15,7,2
Lautaro Valenti,ar ARG,DF,Parma,26,ITA-Serie A,2252,0,0,7,0,30,26,20,4,,,
Nicolás Valentini,ar ARG,DF,Hellas Verona,24,ITA-Serie A,1409,0,0,8,1,18,16,15,7,,,
Emanuele Valeri,it ITA,"MF,DF",Parma,26,ITA-Serie A,2643,0,2,2,0,32,20,234,5,,,
Álex Valle,es ESP,DF,Como,21,ITA-Serie A,2026,1,4,3,0,31,24,45,2,,,
Ignace Van Der Brempt,be BEL,DF,Como,23,ITA-Serie A,931,0,1,2,0,14,8,11,0,,,
Jari Vandeputte,be BEL,MF,Cremonese,29,ITA-Serie A,1944,1,5,3,0,21,18,162,8,,,
Jamie Vardy,eng ENG,FW,Cremonese,38,ITA-Serie A,2105,7,2,5,0,10,3,14,14,,,
Johan Vásquez,mx MEX,DF,Genoa,26,ITA-Serie A,3215,1,0,2,0,38,46,24,6,,,
Dominic Vavassori,it ITA,FW,Atalanta,19,ITA-Serie A,10,0,0,0,0,0,0,0,0,,,
Robinio Vaz,fr FRA,FW,Roma,18,ITA-Serie A,216,1,0,0,0,0,2,3,2,,,
Franco Vázquez,ar ARG,"FW,MF",Cremonese,36,ITA-Serie A,524,1,1,1,0,12,4,19,4,,,
Matías Vecino,uy URU,MF,Lazio,33,ITA-Serie A,603,0,1,1,0,9,7,0,1,,,
Danilo Veiga,pt POR,DF,Lecce,22,ITA-Serie A,3020,0,1,9,0,53,32,89,2,,,
Lorenzo Venturino,it ITA,FW,Genoa,19,ITA-Serie A,40,0,0,0,0,0,0,8,1,,,
Lorenzo Venturino,it ITA,MF,Roma,19,ITA-Serie A,207,0,0,0,0,0,0,28,0,,,
Antonio Vergara,it ITA,MF,Napoli,22,ITA-Serie A,612,1,2,2,0,9,4,11,3,,,
Ioan Vermeșan,ro ROU,FW,Hellas Verona,18,ITA-Serie A,80,0,0,0,0,0,0,0,1,,,
Mattia Viti,it ITA,"MF,DF",Fiorentina,23,ITA-Serie A,265,0,0,3,1,4,3,0,0,,,
Martin Vitík,cz CZE,DF,Bologna,22,ITA-Serie A,1325,0,0,3,0,22,8,2,2,,,
Vitinha,pt POR,"FW,MF",Genoa,25,ITA-Serie A,2226,5,1,5,0,32,14,67,20,,,
Dušan Vlahović,rs SRB,FW,Juventus,25,ITA-Serie A,968,7,1,0,0,3,2,3,18,,,
Nikola Vlašić,hr CRO,"MF,FW",Torino,27,ITA-Serie A,3043,8,3,7,0,39,22,48,17,,,
Mërgim Vojvoda,xk KVX,"MF,DF",Como,30,ITA-Serie A,1591,2,2,2,0,4,14,66,7,,,
Cristian Volpato,au AUS,FW,Sassuolo,21,ITA-Serie A,1064,2,4,4,0,11,6,49,7,,,
Aster Vranckx,be BEL,MF,Sassuolo,22,ITA-Serie A,690,0,0,2,0,9,0,5,1,,,
Stefan de Vrij,nl NED,DF,Inter,33,ITA-Serie A,670,0,0,1,0,12,7,0,2,,,
İsak Vural,tr TUR,MF,Pisa,19,ITA-Serie A,752,0,0,4,0,7,2,5,1,,,
Sebastian Walukiewicz,pl POL,DF,Sassuolo,25,ITA-Serie A,2852,0,1,7,0,34,23,45,0,,,
Wesley,br BRA,MF,Roma,21,ITA-Serie A,2448,5,0,7,2,40,23,95,13,,,
Kenan Yıldız,tr TUR,"MF,FW",Juventus,20,ITA-Serie A,2825,10,6,2,0,14,7,122,40,,,
Mattia Zaccagni,it ITA,FW,Lazio,30,ITA-Serie A,2104,3,0,6,1,21,20,55,14,,,
Gioele Zacchi,it ITA,GK,Sassuolo,22,ITA-Serie A,8,0,0,0,0,0,0,0,0,0,0,0
Nicola Zalewski,pl POL,MF,Atalanta,23,ITA-Serie A,1897,2,4,3,0,20,16,124,7,,,
Nicolò Zaniolo,it ITA,"FW,MF",Udinese,26,ITA-Serie A,2257,5,6,8,0,21,4,120,22,,,
Alessandro Zanoli,it ITA,MF,Udinese,24,ITA-Serie A,1280,1,2,1,0,18,7,40,1,,,
Duván Zapata,co COL,FW,Torino,34,ITA-Serie A,1103,3,1,0,0,2,1,8,15,,,
Gabriele Zappa,it ITA,"DF,MF",Cagliari,25,ITA-Serie A,1597,0,3,2,0,17,18,37,2,,,
Davide Zappacosta,it ITA,MF,Atalanta,33,ITA-Serie A,2569,3,3,3,0,14,18,107,9,,,
Bryan Zaragoza,es ESP,MF,Roma,23,ITA-Serie A,135,0,1,1,0,1,0,9,1,,,
Oier Zarraga,es ESP,MF,Udinese,26,ITA-Serie A,475,0,0,2,0,6,7,12,1,,,
Nils Zätterström,se SWE,DF,Genoa,20,ITA-Serie A,181,0,0,0,0,0,2,0,0,,,
Jordan Zemura,zw ZIM,"MF,DF",Udinese,25,ITA-Serie A,1127,0,1,3,0,17,6,35,1,,,
Alessio Zerbin,it ITA,MF,Cremonese,26,ITA-Serie A,1646,0,3,1,0,20,3,58,7,,,
Edon Zhegrova,xk KVX,MF,Juventus,26,ITA-Serie A,382,0,0,1,0,3,0,48,9,,,
Piotr Zieliński,pl POL,MF,Inter,31,ITA-Serie A,2045,6,3,3,0,19,7,23,10,,,
Jan Ziółkowski,pl POL,DF,Roma,20,ITA-Serie A,517,0,0,3,0,14,7,0,0,,,
Nadir Zortea,it ITA,DF,Bologna,26,ITA-Serie A,1819,0,2,2,0,17,20,67,1,,,
Leo Østigård,no NOR,DF,Genoa,25,ITA-Serie A,2622,5,1,7,0,27,30,1,12,,,
Milan Đurić,ba BIH,FW,Cremonese,35,ITA-Serie A,386,0,1,1,1,0,0,2,5,,,
Milan Đurić,ba BIH,FW,Parma,35,ITA-Serie A,74,0,0,0,0,0,0,0,0,,,
Ragnar Ache,de GER,FW,Köln,27,GER-Bundesliga,1718,7,4,3,0,8,4,1,22,,,
Junior Adamu,at AUT,FW,Freiburg,24,GER-Bundesliga,446,1,1,1,0,6,5,2,3,,,
Karim Adeyemi,de GER,"MF,FW",Dortmund,23,GER-Bundesliga,1195,7,4,5,0,4,8,11,14,,,
Jonas Adjetey,gh GHA,DF,Wolfsburg,21,GER-Bundesliga,137,0,0,1,0,1,1,4,0,,,
Dapo Afolayan,eng ENG,MF,St Pauli,27,GER-Bundesliga,150,0,0,1,0,2,0,10,2,,,
Felix Agu,ng NGA,"DF,MF",Werder Bremen,25,GER-Bundesliga,744,0,0,1,0,14,11,14,1,,,
Kevin Akpoguma,ng NGA,DF,Hoffenheim,30,GER-Bundesliga,61,0,0,0,1,1,1,0,0,,,
Mathis Albert,us USA,FW,Dortmund,16,GER-Bundesliga,2,0,0,0,0,1,0,1,0,,,
Skelly Alvero,fr FRA,MF,Werder Bremen,23,GER-Bundesliga,34,0,0,0,0,0,1,0,0,,,
Ayoube Amaimouni,ma MAR,"MF,FW",Frankfurt,20,GER-Bundesliga,586,2,3,1,0,5,2,30,7,,,
Aurèle Amenda,ch SUI,DF,Frankfurt,22,GER-Bundesliga,1678,0,0,5,0,12,29,6,2,,,
Nadiem Amiri,de GER,MF,Mainz 05,28,GER-Bundesliga,2083,12,2,6,0,18,19,136,22,,,
Mohamed Amoura,dz ALG,"FW,MF",Wolfsburg,25,GER-Bundesliga,1919,8,3,2,0,22,7,34,19,,,
Tomoya Ando,jp JPN,DF,St Pauli,26,GER-Bundesliga,1260,0,1,3,0,23,14,6,2,,,
Robert Andrich,de GER,"DF,MF",Leverkusen,30,GER-Bundesliga,2546,2,0,6,1,30,33,13,3,,,
Ilyas Ansah,de GER,"MF,FW",Union Berlin,20,GER-Bundesliga,1892,5,1,1,0,9,4,19,12,,,
Aaron Anselmino,ar ARG,DF,Dortmund,20,GER-Bundesliga,368,1,0,0,0,8,7,2,1,,,
Waldemar Anton,de GER,DF,Dortmund,29,GER-Bundesliga,2880,2,0,3,0,42,33,12,6,,,
Jeremy Arévalo,ec ECU,FW,Stuttgart,20,GER-Bundesliga,38,0,0,0,0,0,0,0,1,,,
Maximilian Arnold,de GER,MF,Wolfsburg,31,GER-Bundesliga,1859,1,4,5,0,15,24,81,5,,,
Love Arrhov,se SWE,MF,Frankfurt,17,GER-Bundesliga,65,0,0,1,0,2,0,0,0,,,
Arthur,br BRA,MF,Leverkusen,22,GER-Bundesliga,1136,1,3,3,0,12,18,33,2,,,
Fisnik Asllani,xk KVX,"FW,MF",Hoffenheim,22,GER-Bundesliga,2335,10,7,2,0,7,5,10,28,,,
Lorenz Assignon,tg TOG,"DF,MF",Stuttgart,25,GER-Bundesliga,1094,0,0,3,1,15,15,40,4,,,
Noah Atubolu,de GER,GK,Freiburg,23,GER-Bundesliga,3060,0,0,1,0,0,1,0,0,100,57,6
Leon Avdullahu,xk KVX,MF,Hoffenheim,21,GER-Bundesliga,2834,0,1,5,0,30,33,15,2,,,
Mio Backhaus,de GER,GK,Werder Bremen,21,GER-Bundesliga,2880,0,0,1,0,0,0,0,0,100,56,5
Loïc Bade,fr FRA,DF,Leverkusen,25,GER-Bundesliga,1653,0,0,4,0,19,21,4,4,,,
Johan Bakayoko,be BEL,"FW,MF",RB Leipzig,22,GER-Bundesliga,777,2,0,1,0,3,2,15,9,,,
Ridle Baku,de GER,DF,RB Leipzig,27,GER-Bundesliga,2504,2,3,4,0,40,31,59,6,,,
Fabio Baldé,pt POR,"FW,MF",Hamburger SV,20,GER-Bundesliga,448,1,1,1,0,7,1,16,4,,,
Noahkai Banks,us USA,DF,Augsburg,18,GER-Bundesliga,1725,1,1,8,0,29,18,4,5,,,
Ezechiel Banzuzi,nl NED,MF,RB Leipzig,20,GER-Bundesliga,597,0,1,3,0,10,6,5,4,,,
Michy Batshuayi,be BEL,FW,Frankfurt,31,GER-Bundesliga,139,1,0,0,0,1,0,0,1,,,
Daniel Batz,de GER,GK,Mainz 05,34,GER-Bundesliga,1890,0,0,2,0,0,0,0,0,70,27,4
Elias Baum,de GER,DF,Frankfurt,19,GER-Bundesliga,75,0,0,0,0,0,1,4,0,,,
Oliver Baumann,de GER,GK,Hoffenheim,35,GER-Bundesliga,3060,0,0,3,0,0,1,0,0,98,52,7
Christoph Baumgartner,at AUT,MF,RB Leipzig,25,GER-Bundesliga,2780,13,8,10,0,40,22,6,35,,,
Ihlas Bebou,tg TOG,"FW,MF",Hoffenheim,31,GER-Bundesliga,190,0,0,1,0,1,3,1,2,,,
Adrian Beck,de GER,MF,Heidenheim,28,GER-Bundesliga,868,1,1,1,0,17,3,15,4,,,
Sheraldo Becker,sr SUR,FW,Mainz 05,30,GER-Bundesliga,946,3,3,2,0,0,3,31,15,,,
Hannes Behrens,de GER,"DF,MF",Heidenheim,20,GER-Bundesliga,1318,1,2,0,0,18,18,59,4,,,
Maximilian Beier,de GER,"MF,FW",Dortmund,22,GER-Bundesliga,2026,9,6,3,0,16,11,28,20,,,
Stefan Bell,de GER,DF,Mainz 05,33,GER-Bundesliga,1039,2,1,4,0,6,19,1,5,,,
Jobe Bellingham,eng ENG,MF,Dortmund,19,GER-Bundesliga,1786,0,1,2,1,23,41,5,6,,,
Jeanuël Belocian,fr FRA,DF,Leverkusen,20,GER-Bundesliga,292,0,0,0,0,2,2,4,0,,,
Jeanuël Belocian,fr FRA,DF,Wolfsburg,20,GER-Bundesliga,1254,0,1,3,0,17,16,4,0,,,
Eliesse Ben Seghir,ma MAR,MF,Leverkusen,20,GER-Bundesliga,252,0,0,2,0,2,1,9,2,,,
Ramy Bensebaini,dz ALG,DF,Dortmund,30,GER-Bundesliga,1530,5,2,6,0,14,18,11,7,,,
Bernardo,br BRA,DF,Hoffenheim,30,GER-Bundesliga,2312,0,0,9,0,42,39,16,0,,,
Jan-Niklas Beste,de GER,MF,Freiburg,26,GER-Bundesliga,1704,2,2,5,0,24,17,106,14,,,
Tom Bischof,de GER,"DF,MF",Bayern Munich,20,GER-Bundesliga,1302,3,3,2,0,18,15,26,9,,,
Leonardo Bittencourt,de GER,MF,Werder Bremen,31,GER-Bundesliga,615,0,1,5,0,10,8,4,0,,,
Janis Blaswich,de GER,GK,Leverkusen,34,GER-Bundesliga,931,0,0,1,0,0,0,0,0,41,9,3
Ben Bobzien,de GER,"FW,MF",Mainz 05,22,GER-Bundesliga,9,0,0,0,0,2,0,1,0,,,
Sacha Boey,fr FRA,DF,Bayern Munich,24,GER-Bundesliga,463,0,0,1,0,4,7,6,0,,,
Dmytro Bohdanov,ua UKR,MF,Union Berlin,18,GER-Bundesliga,6,0,0,0,0,0,0,0,1,,,
Hugo Bolin,se SWE,"MF,FW",Gladbach,22,GER-Bundesliga,550,1,1,0,0,2,1,17,4,,,
Victor Boniface,ng NGA,FW,Werder Bremen,24,GER-Bundesliga,333,0,2,1,0,1,0,2,6,,,
Badredine Bouanani,dz ALG,MF,Stuttgart,20,GER-Bundesliga,463,0,0,1,0,3,4,26,4,,,
Julian Brandt,de GER,"MF,FW",Dortmund,29,GER-Bundesliga,1606,7,4,0,0,8,5,25,18,,,
Nathaniel Brown,de GER,"MF,DF",Frankfurt,22,GER-Bundesliga,2656,4,4,3,0,57,25,45,9,,,
Marius Bülter,de GER,"FW,MF",Köln,32,GER-Bundesliga,1597,5,4,3,0,5,8,62,17,,,
Livan Burcu,tr TUR,"MF,FW",Union Berlin,20,GER-Bundesliga,651,1,1,4,0,7,2,15,3,,,
Jan Bürger,de GER,"MF,DF",Wolfsburg,18,GER-Bundesliga,247,0,0,0,0,3,0,6,1,,,
Wouter Burger,nl NED,MF,Hoffenheim,24,GER-Bundesliga,2430,4,5,7,1,42,19,89,13,,,
Jonathan Burkardt,de GER,FW,Frankfurt,25,GER-Bundesliga,1336,13,1,1,0,4,1,5,21,,,
Oliver Burke,sct SCO,"FW,MF",Union Berlin,28,GER-Bundesliga,1664,6,2,4,0,7,4,39,15,,,
Marnon Busch,de GER,"DF,MF",Heidenheim,30,GER-Bundesliga,1915,1,5,4,0,24,34,61,3,,,
Aurélio Buta,pt POR,DF,Frankfurt,28,GER-Bundesliga,144,0,0,1,0,5,0,2,0,,,
William Bøving,dk DEN,MF,Mainz 05,22,GER-Bundesliga,223,0,1,1,0,2,0,8,0,,,
Anthony Caci,fr FRA,MF,Mainz 05,28,GER-Bundesliga,519,0,0,3,0,10,3,42,0,,,
Cole Campbell,us USA,FW,Dortmund,19,GER-Bundesliga,17,0,0,0,0,0,0,1,0,,,
Cole Campbell,us USA,FW,Hoffenheim,19,GER-Bundesliga,79,0,0,0,0,0,0,4,0,,,
Emre Can,de GER,DF,Dortmund,31,GER-Bundesliga,621,3,0,3,0,8,13,2,4,,,
Nicolás Capaldo,ar ARG,"DF,MF",Hamburger SV,26,GER-Bundesliga,2001,1,3,10,0,46,35,21,6,,,
Maycon Cardozo,br BRA,MF,Bayern Munich,16,GER-Bundesliga,34,0,0,0,0,0,0,1,0,,,
Alessio Castro-Montes,be BEL,"MF,DF",Köln,28,GER-Bundesliga,672,1,3,2,0,17,5,57,1,,,
Jens Castrop,kr KOR,MF,Gladbach,22,GER-Bundesliga,1584,3,1,2,2,27,17,21,12,,,
Abdoulie Ceesay,gm GAM,FW,St Pauli,21,GER-Bundesliga,336,3,0,4,0,2,0,2,4,,,
Václav Černý,cz CZE,"FW,MF",Wolfsburg,27,GER-Bundesliga,47,0,0,0,0,0,0,2,0,,,
Julian Chabot,de GER,DF,Stuttgart,27,GER-Bundesliga,2294,0,0,3,0,20,40,1,7,,,
El Chadaille Bitshiabu,fr FRA,DF,RB Leipzig,20,GER-Bundesliga,655,0,0,0,0,6,6,0,0,,,
Fares Chaïbi,dz ALG,MF,Frankfurt,22,GER-Bundesliga,1792,2,9,2,0,21,13,91,9,,,
Timothy Chandler,us USA,"DF,MF",Frankfurt,35,GER-Bundesliga,11,0,0,0,0,0,0,1,0,,,
Arthur Chaves,br BRA,DF,Hoffenheim,24,GER-Bundesliga,240,0,0,1,0,5,3,2,0,,,
Arthur Chaves,br BRA,DF,Augsburg,24,GER-Bundesliga,829,2,0,1,0,13,8,1,2,,,
Felipe Chávez,pe PER,MF,Bayern Munich,18,GER-Bundesliga,14,0,0,0,0,0,0,1,0,,,
Felipe Chávez,pe PER,MF,Köln,18,GER-Bundesliga,102,0,0,0,0,2,2,1,1,,,
Chema,es ESP,MF,Stuttgart,20,GER-Bundesliga,1310,3,0,5,0,16,31,0,6,,,
Fabio Chiarodia,it ITA,DF,Gladbach,20,GER-Bundesliga,674,0,0,1,0,9,13,0,1,,,
Carney Chukwuemeka,at AUT,"MF,FW",Dortmund,21,GER-Bundesliga,919,2,0,2,0,15,6,1,2,,,
Alexis Claude-Maurice,fr FRA,"MF,FW",Augsburg,27,GER-Bundesliga,2097,5,4,3,0,26,8,65,26,,,
Nnamdi Collins,de GER,DF,Frankfurt,21,GER-Bundesliga,1500,1,2,4,0,38,24,4,1,,,
Christian Conteh,de GER,"MF,FW",Heidenheim,25,GER-Bundesliga,404,0,0,0,0,1,1,10,0,,,
Sirlord Conteh,de GER,"MF,FW",Heidenheim,29,GER-Bundesliga,625,2,1,1,0,7,4,17,3,,,
Danny da Costa,de GER,"DF,MF",Mainz 05,32,GER-Bundesliga,2695,2,3,3,0,27,29,48,5,,,
Vladimír Coufal,cz CZE,"DF,MF",Hoffenheim,32,GER-Bundesliga,3012,1,8,4,0,35,39,209,6,,,
Abdoul Coulibaly,de GER,DF,Werder Bremen,18,GER-Bundesliga,2120,1,0,5,1,14,24,13,1,,,
Yan Couto,br BRA,MF,Dortmund,23,GER-Bundesliga,997,2,2,4,0,15,9,54,4,,,
Patrice Čović,hr CRO,MF,Werder Bremen,18,GER-Bundesliga,351,1,0,1,0,6,4,7,2,,,
Montrell Culbreath,de GER,"MF,DF",Leverkusen,17,GER-Bundesliga,736,1,0,0,0,16,8,24,2,,,
Adam Daghim,dk DEN,"MF,FW",Wolfsburg,19,GER-Bundesliga,1364,2,3,3,0,20,11,20,9,,,
Finn Dahmen,de GER,GK,Augsburg,27,GER-Bundesliga,3060,0,0,1,0,0,0,0,0,105,61,5
Mahmoud Dahoud,de GER,"MF,FW",Frankfurt,29,GER-Bundesliga,716,2,3,0,0,8,10,8,2,,,
David Daiber,pt POR,FW,Bayern Munich,18,GER-Bundesliga,29,0,0,0,0,0,0,0,0,,,
Ameen Al-Dakhil,be BEL,DF,Stuttgart,23,GER-Bundesliga,380,0,0,1,0,3,5,0,0,,,
Muhammed Damar,de GER,"MF,FW",Hoffenheim,21,GER-Bundesliga,277,0,0,0,0,3,1,33,8,,,
Bence Dárdai,hu HUN,MF,Wolfsburg,19,GER-Bundesliga,35,0,0,0,0,1,1,0,0,,,
Aiman Dardari,lu LUX,MF,Augsburg,20,GER-Bundesliga,34,0,0,1,0,0,0,0,0,,,
Alphonso Davies,ca CAN,DF,Bayern Munich,24,GER-Bundesliga,525,1,3,1,0,6,3,6,1,,,
Olivier Deman,be BEL,"DF,MF",Werder Bremen,25,GER-Bundesliga,1254,1,2,3,0,26,10,63,3,,,
Ermedin Demirović,ba BIH,FW,Stuttgart,27,GER-Bundesliga,1497,12,3,5,0,10,2,1,22,,,
Rav van den Berg,nl NED,DF,Köln,21,GER-Bundesliga,1131,0,1,0,1,8,14,1,0,,,
Luis Díaz,co COL,MF,Bayern Munich,28,GER-Bundesliga,2447,15,14,7,1,13,17,45,37,,,
Kevin Diks,id IDN,DF,Gladbach,28,GER-Bundesliga,2464,5,0,6,0,30,24,5,13,,,
Eren Dinkçi,de GER,"MF,FW",Heidenheim,23,GER-Bundesliga,1131,3,1,3,0,13,5,22,9,,,
Eren Dinkçi,de GER,MF,Freiburg,23,GER-Bundesliga,248,0,0,1,0,4,4,10,0,,,
Yan Diomandé,ci CIV,"FW,MF",RB Leipzig,18,GER-Bundesliga,2472,12,8,2,0,19,16,45,26,,,
Ritsu Doan,jp JPN,MF,Frankfurt,27,GER-Bundesliga,2364,5,5,5,0,23,17,111,15,,,
Danilho Doekhi,nl NED,DF,Union Berlin,27,GER-Bundesliga,3060,5,0,4,0,31,42,6,11,,,
Jean-Luc Dompé,fr FRA,"FW,MF",Hamburger SV,29,GER-Bundesliga,1138,3,0,0,0,5,0,82,12,,,
Niklas Dorsch,de GER,MF,Heidenheim,27,GER-Bundesliga,2258,0,1,2,0,31,19,33,3,,,
Damion Downs,us USA,FW,Hamburger SV,21,GER-Bundesliga,536,0,0,0,0,2,0,0,4,,,
Adam Dźwigała,pl POL,DF,St Pauli,29,GER-Bundesliga,1288,1,1,5,0,27,25,2,2,,,
Younes Ebnoutalib,de GER,FW,Frankfurt,21,GER-Bundesliga,133,1,0,0,0,0,1,0,2,,,
Claudio Echeverri,ar ARG,MF,Leverkusen,19,GER-Bundesliga,134,0,0,0,0,1,1,6,0,,,
Yannick Eduardo,cz CZE,FW,Hoffenheim,19,GER-Bundesliga,1,0,0,0,0,0,0,0,0,,,
Maximilian Eggestein,de GER,MF,Freiburg,28,GER-Bundesliga,3060,3,1,4,0,34,31,14,13,,,
Daniel Elfadli,ly LBY,DF,Hamburger SV,28,GER-Bundesliga,1253,0,0,6,1,14,20,0,1,,,
Nico Elvedi,ch SUI,DF,Gladbach,28,GER-Bundesliga,2966,0,2,5,0,32,40,1,0,,,
Yannik Engelhardt,de GER,MF,Gladbach,24,GER-Bundesliga,2487,2,2,7,0,23,36,6,5,,,
Christian Eriksen,dk DEN,MF,Wolfsburg,33,GER-Bundesliga,2410,3,9,4,0,20,18,131,14,,,
Samuel Essende,cd COD,"MF,FW",Augsburg,27,GER-Bundesliga,414,1,0,2,0,2,1,3,4,,,
Frank Feller,de GER,GK,Heidenheim,21,GER-Bundesliga,270,0,0,0,0,1,0,0,0,15,5,0
Robin Fellhauer,de GER,MF,Augsburg,27,GER-Bundesliga,2799,3,2,2,0,43,22,92,9,,,
Ezequiél Fernández,ar ARG,MF,Leverkusen,23,GER-Bundesliga,984,0,1,4,1,17,14,4,1,,,
Max Finkgräfe,de GER,DF,RB Leipzig,21,GER-Bundesliga,504,1,1,2,0,12,8,37,2,,,
Kilian Fischer,de GER,DF,Wolfsburg,24,GER-Bundesliga,800,0,0,0,0,13,12,16,0,,,
Mark Flekken,nl NED,GK,Leverkusen,32,GER-Bundesliga,2129,0,0,2,0,0,0,0,0,79,38,5
Jonas Föhrenbach,de GER,"DF,MF",Heidenheim,29,GER-Bundesliga,2325,1,1,3,0,27,33,78,1,,,
Oscar Fraulo,dk DEN,MF,Gladbach,21,GER-Bundesliga,43,1,0,0,0,0,1,0,1,,,
Marco Friedl,at AUT,DF,Werder Bremen,27,GER-Bundesliga,2546,1,0,9,1,24,35,15,2,,,
Marvin Friedrich,de GER,DF,Gladbach,29,GER-Bundesliga,152,0,0,0,0,3,1,0,0,,,
Chris Führich,de GER,MF,Stuttgart,27,GER-Bundesliga,1698,7,7,2,0,9,3,86,23,,,
Joel Fujita,jp JPN,MF,St Pauli,23,GER-Bundesliga,2665,1,3,6,0,36,34,28,7,,,
Aleix García,es ESP,MF,Leverkusen,28,GER-Bundesliga,2667,3,8,6,0,20,22,123,5,,,
Jusuf Gazibegović,ba BIH,DF,Köln,25,GER-Bundesliga,23,0,0,0,0,0,0,1,0,,,
Valentin Gendrey,fr FRA,DF,Hoffenheim,25,GER-Bundesliga,59,1,1,0,0,0,1,2,1,,,
Yannick Gerhardt,de GER,MF,Wolfsburg,31,GER-Bundesliga,1068,1,0,1,0,8,10,8,1,,,
Ismaël Gharbi,tn TUN,MF,Augsburg,21,GER-Bundesliga,94,0,0,0,0,1,0,4,0,,,
Dimitris Giannoulis,gr GRE,MF,Augsburg,29,GER-Bundesliga,1888,2,5,8,0,20,21,99,6,,,
Benedikt Gimber,de GER,DF,Heidenheim,28,GER-Bundesliga,1436,0,0,6,0,21,15,5,1,,,
Matthias Ginter,de GER,DF,Freiburg,31,GER-Bundesliga,2833,3,3,3,0,14,22,15,7,,,
Robert Glatzel,de GER,FW,Hamburger SV,31,GER-Bundesliga,612,3,2,0,0,1,0,1,7,,,
Serge Gnabry,de GER,MF,Bayern Munich,30,GER-Bundesliga,1219,8,6,1,0,10,4,21,17,,,
Giorgi Gocholeishvili,ge GEO,MF,Hamburger SV,24,GER-Bundesliga,940,0,2,3,1,14,7,20,2,,,
Tidiam Gomis,fr FRA,FW,RB Leipzig,18,GER-Bundesliga,348,1,0,1,0,2,0,6,3,,,
Leon Goretzka,de GER,MF,Bayern Munich,30,GER-Bundesliga,1947,5,3,4,0,19,26,7,11,,,
Mario Götze,de GER,MF,Frankfurt,33,GER-Bundesliga,886,0,0,1,0,8,4,22,0,,,
Jeffrey Gouweleeuw,nl NED,DF,Augsburg,34,GER-Bundesliga,848,0,1,3,0,10,13,5,3,,,
Kamil Grabara,pl POL,GK,Wolfsburg,26,GER-Bundesliga,3060,0,0,1,0,1,1,0,0,120,69,2
Michael Gregoritsch,at AUT,FW,Augsburg,31,GER-Bundesliga,913,6,2,2,0,4,5,6,10,,,
Vincenzo Grifo,it ITA,MF,Freiburg,32,GER-Bundesliga,1710,7,4,0,0,5,16,111,12,,,
Álex Grimaldo,es ESP,MF,Leverkusen,29,GER-Bundesliga,2521,8,7,5,0,25,18,174,21,,,
Pascal Groß,de GER,MF,Dortmund,34,GER-Bundesliga,613,0,1,0,0,6,5,23,1,,,
Brajan Gruda,de GER,"MF,FW",RB Leipzig,21,GER-Bundesliga,753,3,3,1,0,8,0,25,10,,,
Marco Grüll,at AUT,"MF,FW",Werder Bremen,27,GER-Bundesliga,2006,3,1,5,0,20,14,69,13,,,
Albert Grønbaek,dk DEN,MF,Hamburger SV,24,GER-Bundesliga,492,1,2,0,0,10,11,6,4,,,
Raphaël Guerreiro,pt POR,MF,Bayern Munich,31,GER-Bundesliga,784,5,2,0,0,7,1,5,5,,,
Serhou Guirassy,gn GUI,FW,Dortmund,29,GER-Bundesliga,2337,17,1,3,0,1,0,4,40,,,
Péter Gulácsi,hu HUN,GK,RB Leipzig,35,GER-Bundesliga,2008,0,0,1,0,0,0,0,0,52,32,9
Christian Günter,de GER,DF,Freiburg,32,GER-Bundesliga,1547,0,3,3,0,12,10,73,0,,,
Linus Güther,de GER,MF,Union Berlin,15,GER-Bundesliga,7,0,0,1,0,0,0,0,0,,,
Janik Haberer,de GER,MF,Union Berlin,31,GER-Bundesliga,1646,0,1,8,0,19,10,67,1,,,
Robin Hack,de GER,MF,Gladbach,26,GER-Bundesliga,320,1,0,1,0,2,1,14,4,,,
Albian Hajdari,xk KVX,DF,Hoffenheim,22,GER-Bundesliga,2434,1,2,10,0,38,42,19,4,,,
Andreas Hanche-Olsen,no NOR,DF,Mainz 05,28,GER-Bundesliga,851,0,1,3,0,5,13,0,3,,,
Isak Hansen-Aarøen,no NOR,MF,Werder Bremen,20,GER-Bundesliga,2,0,0,0,0,2,0,0,0,,,
Taichi Hara,jp JPN,FW,St Pauli,26,GER-Bundesliga,27,0,0,0,0,0,0,0,0,,,
Conrad Harder,dk DEN,FW,RB Leipzig,20,GER-Bundesliga,932,3,3,3,0,6,7,13,13,,,
Dominique Heintz,de GER,DF,Köln,31,GER-Bundesliga,382,0,0,0,0,1,5,1,0,,,
Ramon Hendriks,nl NED,DF,Stuttgart,24,GER-Bundesliga,2025,0,3,3,0,15,22,20,0,,,
Benjamin Henrichs,de GER,DF,RB Leipzig,28,GER-Bundesliga,305,1,0,0,0,6,4,0,2,,,
Pharell Hensel,de GER,MF,Wolfsburg,18,GER-Bundesliga,69,0,0,0,0,1,0,0,0,,,
Charles Herrmann,de GER,FW,Gladbach,19,GER-Bundesliga,5,0,1,0,0,0,1,1,0,,,
Daniel Heuer Fernandes,pt POR,GK,Hamburger SV,32,GER-Bundesliga,2970,0,0,3,0,0,0,0,0,105,53,6
Piero Hincapié,ec ECU,DF,Leverkusen,23,GER-Bundesliga,90,0,0,0,0,0,2,0,1,,,
Adam Hložek,cz CZE,"FW,MF",Hoffenheim,23,GER-Bundesliga,41,0,0,0,0,0,0,0,1,,,
Nicolas Höfler,de GER,MF,Freiburg,35,GER-Bundesliga,291,0,0,0,0,6,2,0,2,,,
Jonas Hofmann,de GER,MF,Leverkusen,33,GER-Bundesliga,1013,2,2,3,0,10,2,37,7,,,
Lucas Höler,de GER,"FW,MF",Freiburg,31,GER-Bundesliga,2037,3,1,4,0,12,11,8,15,,,
Benedict Hollerbach,de GER,"FW,MF",Mainz 05,24,GER-Bundesliga,872,1,3,0,0,8,1,20,6,,,
Franck Honorat,fr FRA,"MF,FW",Gladbach,28,GER-Bundesliga,1977,2,6,0,0,13,5,134,5,,,
Mathias Honsak,at AUT,"MF,FW",Heidenheim,28,GER-Bundesliga,1249,2,1,1,0,12,17,25,8,,,
Andreas Hountondji,bj BEN,FW,St Pauli,23,GER-Bundesliga,1067,4,0,2,0,0,0,20,13,,,
Robin Hranáč,cz CZE,DF,Hoffenheim,25,GER-Bundesliga,2251,1,0,5,0,15,20,6,3,,,
Timo Hübers,de GER,DF,Köln,29,GER-Bundesliga,675,0,0,0,0,9,10,1,0,,,
Denis Huseinbasic,ba BIH,MF,Köln,24,GER-Bundesliga,726,0,0,1,0,9,5,1,0,,,
Oscar Højlund,dk DEN,MF,Frankfurt,20,GER-Bundesliga,1089,1,1,4,1,17,7,2,3,,,
Arijon Ibrahimović,de GER,"MF,FW",Heidenheim,19,GER-Bundesliga,2169,2,4,2,0,18,23,127,19,,,
Andrej Ilic,rs SRB,FW,Union Berlin,25,GER-Bundesliga,2257,5,10,5,0,3,2,18,26,,,
Samuele Inácio,it ITA,MF,Dortmund,17,GER-Bundesliga,384,1,0,2,0,2,2,11,5,,,
Cyriaque Irié,bf BFA,MF,Freiburg,20,GER-Bundesliga,347,0,0,3,0,6,3,3,2,,,
Jackson Irvine,au AUS,MF,St Pauli,32,GER-Bundesliga,1624,0,1,2,1,17,28,13,4,,,
Hiroki Ito,jp JPN,DF,Bayern Munich,26,GER-Bundesliga,920,1,2,0,0,3,13,7,3,,,
Nicolas Jackson,sn SEN,FW,Bayern Munich,24,GER-Bundesliga,1007,8,1,2,1,4,4,7,21,,,
Lee Jae-sung,kr KOR,"MF,FW",Mainz 05,32,GER-Bundesliga,2185,4,2,4,0,21,25,31,9,,,
Kristijan Jakić,hr CRO,"MF,DF",Augsburg,28,GER-Bundesliga,1653,2,1,5,0,25,17,4,6,,,
Karl Jakob Hein,ee EST,GK,Werder Bremen,23,GER-Bundesliga,180,0,0,0,0,0,0,0,0,11,4,1
Luca Jaquez,ch SUI,DF,Stuttgart,22,GER-Bundesliga,898,0,1,1,0,7,11,1,0,,,
Bakery Jatta,gm GAM,MF,Hamburger SV,27,GER-Bundesliga,911,1,1,1,0,11,8,19,4,,,
Finn Jeltsch,de GER,DF,Stuttgart,19,GER-Bundesliga,1511,0,1,3,0,14,19,3,0,,,
Moritz Jenz,de GER,DF,Wolfsburg,26,GER-Bundesliga,1787,1,0,8,1,22,12,1,1,,,
Ísak Jóhannesson,is ISL,MF,Köln,22,GER-Bundesliga,1809,1,2,6,0,15,8,65,5,,,
Ricky-Jade Jones,eng ENG,FW,St Pauli,24,GER-Bundesliga,351,2,0,1,0,2,2,8,6,,,
Lazar Jovanović,rs SRB,FW,Stuttgart,18,GER-Bundesliga,40,0,0,0,0,0,0,0,0,,,
Anthony Jung,de GER,DF,Freiburg,33,GER-Bundesliga,526,0,0,2,0,1,10,0,0,,,
Josip Juranović,hr CRO,MF,Union Berlin,29,GER-Bundesliga,330,1,1,1,0,4,0,40,1,,,
Martijn Kaars,nl NED,FW,St Pauli,26,GER-Bundesliga,1348,3,1,2,0,5,0,15,10,,,
Ozan Kabak,tr TUR,DF,Hoffenheim,25,GER-Bundesliga,1751,4,0,5,0,17,26,2,12,,,
Almugera Kabar,de GER,DF,Dortmund,19,GER-Bundesliga,16,0,0,0,0,1,0,2,0,,,
Anton Kade,de GER,"MF,FW",Augsburg,21,GER-Bundesliga,1743,6,0,3,0,14,13,22,21,,,
Florian Kainz,at AUT,MF,Köln,32,GER-Bundesliga,279,1,1,1,0,2,3,21,4,,,
Arnaud Kalimuendo,fr FRA,"FW,MF",Frankfurt,23,GER-Bundesliga,1417,6,1,4,0,4,3,15,16,,,
Jakub Kamiński,pl POL,"MF,FW",Köln,23,GER-Bundesliga,3016,7,3,4,0,27,25,115,25,,,
Kevin Kampl,si SVN,MF,RB Leipzig,34,GER-Bundesliga,3,0,0,0,0,0,0,0,0,,,
Harry Kane,eng ENG,"FW,MF",Bayern Munich,32,GER-Bundesliga,2377,36,5,1,0,13,8,12,67,,,
Atakan Karazor,tr TUR,MF,Stuttgart,28,GER-Bundesliga,1884,0,1,5,1,27,15,7,2,,,
Lennart Karl,de GER,MF,Bayern Munich,17,GER-Bundesliga,1281,5,5,1,0,15,11,29,21,,,
Silas Katompa,cd COD,FW,Mainz 05,26,GER-Bundesliga,334,1,0,1,0,0,0,11,7,,,
Mikkel Kaufmann,dk DEN,FW,Heidenheim,24,GER-Bundesliga,537,1,1,2,0,2,1,1,3,,,
Sota Kawasaki,jp JPN,"MF,DF",Mainz 05,24,GER-Bundesliga,309,0,0,1,0,5,3,3,0,,,
Yannik Keitel,de GER,"MF,DF",Augsburg,25,GER-Bundesliga,248,0,0,2,0,4,2,0,0,,,
Thomas Keller,de GER,DF,Heidenheim,25,GER-Bundesliga,188,0,0,1,0,1,0,1,0,,,
Aljoscha Kemlein,de GER,MF,Union Berlin,20,GER-Bundesliga,1959,0,2,4,0,25,18,9,2,,,
Luca Kerber,de GER,MF,Heidenheim,23,GER-Bundesliga,682,2,0,3,0,11,3,4,3,,,
Bilal El Khannouss,ma MAR,"MF,FW",Stuttgart,21,GER-Bundesliga,1630,4,5,6,0,21,10,65,15,,,
Rani Khedira,tn TUN,MF,Union Berlin,31,GER-Bundesliga,2830,5,1,7,0,35,37,26,10,,,
Cassiano Kiala,de GER,DF,Bayern Munich,16,GER-Bundesliga,1,0,0,0,0,0,0,0,0,,,
Joshua Kimmich,de GER,MF,Bayern Munich,30,GER-Bundesliga,2280,2,8,4,0,26,24,126,10,,,
Carl Klaus,de GER,GK,Union Berlin,31,GER-Bundesliga,330,0,0,0,0,0,0,0,0,9,4,1
Tim Kleindienst,de GER,FW,Gladbach,29,GER-Bundesliga,7,0,0,0,0,1,1,0,0,,,
Lukas Klostermann,de GER,DF,RB Leipzig,29,GER-Bundesliga,95,0,1,0,0,0,1,0,1,,,
Ansgar Knauff,de GER,"MF,FW",Frankfurt,23,GER-Bundesliga,1326,4,1,3,0,10,9,39,14,,,
Gregor Kobel,ch SUI,GK,Dortmund,27,GER-Bundesliga,3060,0,0,3,0,0,0,0,0,88,34,15
Robin Koch,de GER,DF,Frankfurt,29,GER-Bundesliga,2833,3,1,3,1,27,47,2,5,,,
Christian Kofane,cm CMR,FW,Leverkusen,19,GER-Bundesliga,1239,5,4,3,0,7,2,0,19,,,
Derrick Köhn,gh GHA,"MF,DF",Union Berlin,26,GER-Bundesliga,1899,1,2,5,1,22,8,114,5,,,
Dominik Kohr,de GER,DF,Mainz 05,31,GER-Bundesliga,2338,2,0,11,2,35,44,17,4,,,
Adam Kölle,de GER,DF,Heidenheim,19,GER-Bundesliga,93,1,0,1,0,1,1,1,1,,,
Mert Kömür,de GER,"MF,FW",Augsburg,20,GER-Bundesliga,1464,2,4,1,0,13,8,60,16,,,
Samba Konaté,fr FRA,FW,RB Leipzig,16,GER-Bundesliga,4,0,0,0,0,0,0,0,0,,,
Ransford Königsdörffer,gh GHA,"FW,MF",Hamburger SV,23,GER-Bundesliga,2329,5,1,2,0,4,6,21,22,,,
Konstantinos Koulierakis,gr GRE,DF,Wolfsburg,21,GER-Bundesliga,2482,4,1,5,0,25,35,20,12,,,
Alex Král,cz CZE,MF,Union Berlin,27,GER-Bundesliga,459,0,0,1,0,5,2,13,3,,,
Andrej Kramarić,hr CRO,"MF,FW",Hoffenheim,34,GER-Bundesliga,2207,14,6,2,0,5,7,82,33,,,
Tom Krauß,de GER,"MF,DF",Köln,24,GER-Bundesliga,1780,0,2,4,0,43,26,14,2,,,
Rasmus Kristensen,dk DEN,"DF,MF",Frankfurt,28,GER-Bundesliga,1538,2,0,6,1,33,19,33,6,,,
Lukas Kübler,de GER,DF,Freiburg,32,GER-Bundesliga,1587,2,2,3,0,25,31,30,5,,,
Sael Kumbedi,fr FRA,"DF,MF",Wolfsburg,20,GER-Bundesliga,1804,0,5,2,0,33,14,41,0,,,
Jonah Kusi-Asare,se SWE,FW,Bayern Munich,18,GER-Bundesliga,5,0,0,0,0,0,0,0,0,,,
Konrad Laimer,at AUT,DF,Bayern Munich,28,GER-Bundesliga,1994,3,9,9,0,25,17,38,8,,,
Hugo Larsson,se SWE,MF,Frankfurt,21,GER-Bundesliga,1812,2,2,0,0,9,27,9,6,,,
Diogo Leite,pt POR,DF,Union Berlin,26,GER-Bundesliga,1963,0,0,4,0,15,44,7,1,,,
Maxim Leitsch,de GER,DF,Mainz 05,27,GER-Bundesliga,162,0,0,0,0,1,5,2,0,,,
Louis Lemke,de GER,DF,Hamburger SV,15,GER-Bundesliga,1,0,0,0,0,0,0,0,0,,,
Tim Lemperle,de GER,FW,Hoffenheim,23,GER-Bundesliga,1944,8,2,3,1,16,6,27,21,,,
Jamie Leweling,de GER,MF,Stuttgart,24,GER-Bundesliga,2367,7,9,4,0,12,13,123,18,,,
Philipp Lienhart,at AUT,DF,Freiburg,29,GER-Bundesliga,1302,1,0,4,1,13,13,13,2,,,
Jesper Lindstrøm,dk DEN,MF,Wolfsburg,25,GER-Bundesliga,379,0,0,2,0,6,0,7,5,,,
Marin Ljubicic,hr CRO,FW,Union Berlin,23,GER-Bundesliga,22,2,0,0,0,0,0,0,2,,,
Castello Lukeba,fr FRA,DF,RB Leipzig,22,GER-Bundesliga,2176,1,0,3,0,14,31,3,2,,,
Kristoffer Lund,us USA,"DF,MF",Köln,23,GER-Bundesliga,2276,0,2,2,0,26,28,83,3,,,
Senne Lynen,be BEL,MF,Werder Bremen,26,GER-Bundesliga,2752,0,0,4,0,33,77,14,4,,,
Koki Machida,jp JPN,DF,Hoffenheim,27,GER-Bundesliga,44,0,0,1,0,0,1,0,0,,,
Shuto Machino,jp JPN,"FW,MF",Gladbach,25,GER-Bundesliga,1076,3,1,2,0,5,3,10,11,,,
Arne Maier,de GER,MF,Augsburg,26,GER-Bundesliga,4,0,0,0,0,1,1,1,0,,,
Linton Maina,de GER,"MF,FW",Köln,26,GER-Bundesliga,1023,2,0,0,0,6,4,25,8,,,
Patrick Mainka,de GER,DF,Heidenheim,30,GER-Bundesliga,3060,2,2,1,0,30,36,0,9,,,
Lovro Majer,hr CRO,MF,Wolfsburg,27,GER-Bundesliga,1371,2,3,5,0,18,8,28,6,,,
Jordy Makengo,fr FRA,DF,Freiburg,23,GER-Bundesliga,1178,0,1,1,0,10,14,32,0,,,
Andrija Maksimović,rs SRB,FW,RB Leipzig,18,GER-Bundesliga,93,0,0,0,0,0,0,2,0,,,
Said El Mala,de GER,"FW,MF",Köln,18,GER-Bundesliga,1956,13,4,4,0,14,8,39,30,,,
Julián Malatini,ar ARG,DF,Werder Bremen,24,GER-Bundesliga,516,0,0,3,0,6,6,5,0,,,
Lennard Maloney,us USA,"DF,MF",Mainz 05,25,GER-Bundesliga,485,0,0,1,0,8,8,2,1,,,
Filippo Mane,it ITA,DF,Dortmund,20,GER-Bundesliga,131,0,0,0,1,0,2,1,0,,,
Johan Manzambi,ch SUI,MF,Freiburg,19,GER-Bundesliga,2077,5,4,4,2,14,27,35,13,,,
Eric Martel,de GER,"MF,DF",Köln,23,GER-Bundesliga,2559,2,2,12,1,32,35,11,4,,,
Han-Noah Massengo,fr FRA,MF,Augsburg,24,GER-Bundesliga,2427,2,1,5,0,18,36,17,6,,,
Igor Matanović,hr CRO,FW,Freiburg,22,GER-Bundesliga,1571,11,2,0,0,11,9,0,19,,,
Chrislain Matsima,fr FRA,DF,Augsburg,23,GER-Bundesliga,1489,1,1,5,0,11,30,4,1,,,
Jean Mattéo Bahoya,fr FRA,"MF,FW",Frankfurt,20,GER-Bundesliga,1331,3,4,2,0,14,12,33,9,,,
Ibrahim Maza,dz ALG,MF,Leverkusen,19,GER-Bundesliga,1849,3,4,2,0,24,16,64,17,,,
Samuel Mbangula,be BEL,"MF,FW",Werder Bremen,21,GER-Bundesliga,1171,3,2,0,0,10,3,23,8,,,
Jonas Meffert,de GER,MF,Hamburger SV,30,GER-Bundesliga,145,0,0,0,0,3,1,0,0,,,
Connor Metcalfe,au AUS,"MF,FW",St Pauli,25,GER-Bundesliga,592,0,2,2,0,9,6,24,4,,,
Karol Mets,ee EST,DF,St Pauli,32,GER-Bundesliga,1932,1,0,3,0,22,22,6,1,,,
Wisdom Mike,de GER,FW,Bayern Munich,16,GER-Bundesliga,30,0,0,0,0,0,1,1,1,,,
William Mikelbrencis,fr FRA,"MF,DF",Hamburger SV,21,GER-Bundesliga,1372,0,4,3,0,22,6,54,6,,,
Jovan Milošević,rs SRB,FW,Werder Bremen,20,GER-Bundesliga,488,3,1,2,0,2,0,3,4,,,
Kim Min-jae,kr KOR,DF,Bayern Munich,28,GER-Bundesliga,1602,1,1,1,0,19,38,1,3,,,
Maximilian Mittelstädt,de GER,"DF,MF",Stuttgart,28,GER-Bundesliga,2186,6,4,4,0,42,35,122,16,,,
Max Moerstedt,de GER,FW,Hoffenheim,19,GER-Bundesliga,420,2,0,2,0,3,0,4,4,,,
Wael Mohya,de GER,"MF,FW",Gladbach,16,GER-Bundesliga,552,2,1,1,0,7,2,8,5,,,
Fabio Moreno Fell,de GER,FW,Mainz 05,25,GER-Bundesliga,77,0,0,0,0,0,0,0,0,,,
Miro Muheim,ch SUI,"MF,DF",Hamburger SV,27,GER-Bundesliga,2435,0,4,7,1,35,27,148,7,,,
Salim Musah,de GER,FW,Werder Bremen,19,GER-Bundesliga,198,1,0,0,0,1,2,1,4,,,
Jamal Musiala,de GER,"MF,FW",Bayern Munich,22,GER-Bundesliga,683,3,4,1,0,5,3,4,9,,,
Phillipp Mwene,at AUT,MF,Mainz 05,31,GER-Bundesliga,2069,1,2,4,0,20,14,75,2,,,
Joakim Mæhle,dk DEN,"MF,DF",Wolfsburg,28,GER-Bundesliga,1222,1,2,1,0,22,20,21,3,,,
Stanley N'Soki,fr FRA,"DF,MF",Union Berlin,26,GER-Bundesliga,816,1,2,2,0,9,18,12,1,,,
Shafiq Nandja,de GER,DF,Hamburger SV,18,GER-Bundesliga,15,0,0,0,0,0,0,0,0,,,
Nikolas Nartey,dk DEN,MF,Stuttgart,25,GER-Bundesliga,1256,4,3,2,0,12,10,14,12,,,
Paul Nebel,de GER,MF,Mainz 05,22,GER-Bundesliga,2073,5,2,2,2,30,12,129,8,,,
Kosta Nedeljković,rs SRB,DF,RB Leipzig,19,GER-Bundesliga,251,0,0,0,0,1,1,6,0,,,
Luca Netz,de GER,"MF,DF",Gladbach,22,GER-Bundesliga,940,0,2,1,0,10,7,26,0,,,
Manuel Neuer,de GER,GK,Bayern Munich,39,GER-Bundesliga,1859,0,0,0,0,0,0,0,0,31,20,7
Florian Neuhaus,de GER,"MF,FW",Gladbach,28,GER-Bundesliga,930,0,1,0,0,7,9,9,6,,,
Cenny Neumann,de GER,DF,Köln,18,GER-Bundesliga,74,0,0,0,0,1,1,0,0,,,
Jessic Ngankam,de GER,FW,Frankfurt,25,GER-Bundesliga,62,0,0,0,0,0,0,0,0,,,
Youssoupha Niang,de GER,MF,Köln,19,GER-Bundesliga,194,0,0,0,0,1,0,2,1,,,
Moritz Nicolas,de GER,GK,Gladbach,27,GER-Bundesliga,3060,0,0,1,0,1,0,0,0,136,53,13
Julian Niehues,de GER,MF,Heidenheim,24,GER-Bundesliga,1383,3,0,1,0,10,23,3,5,,,
Justin Njinmah,de GER,"FW,MF",Werder Bremen,24,GER-Bundesliga,1947,5,0,2,0,14,6,34,23,,,
Felix Nmecha,de GER,MF,Dortmund,24,GER-Bundesliga,2176,2,3,0,0,23,25,7,7,,,
Arnaud Nordin,fr FRA,"MF,FW",Mainz 05,27,GER-Bundesliga,469,0,0,0,0,6,3,15,2,,,
Alexander Nübel,de GER,GK,Stuttgart,28,GER-Bundesliga,3060,0,1,0,0,0,1,0,0,107,49,11
Antonio Nusa,no NOR,"FW,MF",RB Leipzig,20,GER-Bundesliga,2027,4,3,0,0,14,7,68,20,,,
Tim Oermann,de GER,DF,Leverkusen,21,GER-Bundesliga,18,0,0,0,0,1,0,0,0,,,
Deniz Ofli,tr TUR,DF,Bayern Munich,18,GER-Bundesliga,6,0,0,0,0,0,0,0,0,,,
Ifechukwu Ogbus,ch SUI,DF,Freiburg,19,GER-Bundesliga,1177,0,0,1,0,16,13,3,2,,,
Uchenna Ogundu,ng NGA,FW,Augsburg,19,GER-Bundesliga,47,0,0,0,0,0,0,1,0,,,
Michael Olise,fr FRA,MF,Bayern Munich,23,GER-Bundesliga,2316,15,19,8,0,11,14,146,50,,,
Warmed Omari,km COM,DF,Hamburger SV,25,GER-Bundesliga,1605,0,1,0,0,19,28,4,1,,,
Loïs Openda,be BEL,FW,RB Leipzig,25,GER-Bundesliga,51,0,0,0,0,0,0,1,0,,,
Louis Oppie,de GER,MF,St Pauli,23,GER-Bundesliga,1620,1,0,0,0,19,11,58,4,,,
Willi Orban,hu HUN,DF,RB Leipzig,32,GER-Bundesliga,2949,2,0,4,0,33,45,8,9,,,
Erblin Osmani,de GER,MF,Bayern Munich,16,GER-Bundesliga,4,0,0,0,0,0,1,0,0,,,
Patrick Osterhage,de GER,MF,Freiburg,25,GER-Bundesliga,1189,1,0,4,0,7,15,9,2,,,
Philip Otele,ng NGA,"MF,FW",Hamburger SV,26,GER-Bundesliga,471,1,1,3,1,2,3,12,3,,,
Assan Ouédraogo,de GER,MF,RB Leipzig,19,GER-Bundesliga,948,4,3,0,0,6,3,4,13,,,
Salih Özcan,tr TUR,MF,Dortmund,27,GER-Bundesliga,81,0,0,0,0,2,0,2,0,,,
Cenk Özkacar,tr TUR,DF,Köln,24,GER-Bundesliga,1791,0,0,2,0,26,24,3,4,,,
Exequiel Palacios,ar ARG,MF,Leverkusen,26,GER-Bundesliga,1099,0,1,3,0,9,10,2,2,,,
Leart Paqarada,xk KVX,DF,Heidenheim,30,GER-Bundesliga,6,0,0,0,0,0,0,0,0,,,
Kevin Paredes,us USA,MF,Wolfsburg,22,GER-Bundesliga,164,0,0,1,0,3,2,7,1,,,
Aleksandar Pavlovic,de GER,MF,Bayern Munich,21,GER-Bundesliga,1462,3,1,2,0,15,13,15,5,,,
Mads Pedersen,dk DEN,MF,Augsburg,28,GER-Bundesliga,210,0,0,0,0,2,1,11,0,,,
Dženan Pejčinović,de GER,FW,Wolfsburg,20,GER-Bundesliga,1460,8,0,1,0,9,5,5,23,,,
Mathias Pereira Lage,pt POR,"MF,FW",St Pauli,28,GER-Bundesliga,2018,2,2,3,0,23,16,58,15,,,
Immanuel Pherai,sr SUR,"FW,MF",Hamburger SV,24,GER-Bundesliga,35,0,0,2,1,1,0,4,0,,,
Maximilian Philipp,de GER,"FW,MF",Freiburg,31,GER-Bundesliga,29,0,0,0,0,1,0,0,0,,,
Rayan Philippe,fr FRA,"FW,MF",Hamburger SV,24,GER-Bundesliga,1285,5,0,2,0,13,3,31,16,,,
Amos Pieper,de GER,DF,Werder Bremen,27,GER-Bundesliga,1502,0,0,4,0,24,26,8,2,,,
Marvin Pieringer,de GER,"FW,MF",Heidenheim,25,GER-Bundesliga,1650,4,1,2,0,14,11,20,8,,,
Ernest Poku,nl NED,MF,Leverkusen,21,GER-Bundesliga,1482,5,5,0,0,9,8,13,9,,,
Stefan Posch,at AUT,DF,Mainz 05,28,GER-Bundesliga,1395,0,0,4,0,22,21,11,3,,,
Kacper Potulski,pl POL,DF,Mainz 05,17,GER-Bundesliga,1065,1,0,3,0,15,19,2,5,,,
Yussuf Poulsen,dk DEN,FW,Hamburger SV,31,GER-Bundesliga,334,1,0,4,0,2,2,2,3,,,
Alexander Prass,at AUT,MF,Hoffenheim,24,GER-Bundesliga,1308,3,2,4,0,22,6,47,11,,,
Grischa Prömel,de GER,MF,Hoffenheim,30,GER-Bundesliga,1758,7,2,5,0,16,15,11,14,,,
Cameron Puertas,ch SUI,MF,Werder Bremen,26,GER-Bundesliga,1846,1,2,6,0,37,19,77,8,,,
Arkadiusz Pyrka,pl POL,MF,St Pauli,22,GER-Bundesliga,2576,0,1,3,0,24,23,47,3,,,
Jarell Quansah,eng ENG,DF,Leverkusen,22,GER-Bundesliga,2299,4,0,9,0,22,26,22,8,,,
Leopold Querfeld,at AUT,DF,Union Berlin,21,GER-Bundesliga,2705,3,0,7,0,27,35,3,10,,,
Matheo Raab,de GER,GK,Union Berlin,26,GER-Bundesliga,90,0,0,0,0,0,0,0,0,6,0,1
Diant Ramaj,de GER,GK,Heidenheim,23,GER-Bundesliga,2790,0,1,2,0,0,0,0,0,100,67,1
Guilherme Ramos,pt POR,DF,Hamburger SV,27,GER-Bundesliga,48,0,0,0,0,0,0,0,1,,,
Grant Ranos,am ARM,FW,Gladbach,22,GER-Bundesliga,119,1,0,1,0,1,1,5,2,,,
Mathias Rasmussen,no NOR,MF,St Pauli,27,GER-Bundesliga,694,0,0,0,0,6,8,6,2,,,
David Raum,de GER,DF,RB Leipzig,27,GER-Bundesliga,2553,3,7,6,0,35,33,250,8,,,
Luca Reggiani,it ITA,DF,Dortmund,17,GER-Bundesliga,511,1,0,2,0,10,2,1,1,,,
Rocco Reitz,de GER,MF,Gladbach,23,GER-Bundesliga,2627,0,4,8,1,42,49,86,14,,,
Nicolai Remberg,de GER,MF,Hamburger SV,25,GER-Bundesliga,2880,0,2,11,0,27,43,5,8,,,
Elvis Rexhbeçaj,xk KVX,MF,Augsburg,27,GER-Bundesliga,1118,2,0,4,0,8,4,16,5,,,
Gio Reyna,us USA,MF,Gladbach,22,GER-Bundesliga,520,1,0,1,0,6,4,9,2,,,
Rodrigo Ribeiro,pt POR,FW,Augsburg,20,GER-Bundesliga,636,2,0,1,0,3,4,3,7,,,
Fabian Rieder,ch SUI,MF,Augsburg,23,GER-Bundesliga,2343,6,3,4,0,20,13,116,13,,,
Lasse Rieß,de GER,GK,Mainz 05,24,GER-Bundesliga,292,0,0,0,0,0,0,0,0,15,12,0
Lars Ritzka,de GER,"MF,DF",St Pauli,27,GER-Bundesliga,966,0,0,1,0,26,13,18,1,,,
Merlin Röhl,de GER,MF,Freiburg,23,GER-Bundesliga,66,0,0,0,0,1,0,1,0,,,
Rômulo,br BRA,FW,RB Leipzig,23,GER-Bundesliga,2188,9,4,3,0,19,11,0,27,,,
Max Rosenfelder,de GER,DF,Freiburg,22,GER-Bundesliga,492,0,0,0,0,5,5,0,0,,,
Tom Rothe,de GER,"MF,DF",Union Berlin,20,GER-Bundesliga,1029,2,0,1,1,15,21,35,5,,,
Julian Ryerson,no NOR,MF,Dortmund,27,GER-Bundesliga,2266,0,15,8,0,21,12,250,1,,,
Frederik Rønnow,dk DEN,GK,Union Berlin,32,GER-Bundesliga,2640,0,0,2,0,1,1,0,0,75,54,5
Alexander Røssing-Lelesiit,no NOR,"FW,MF",Hamburger SV,18,GER-Bundesliga,321,0,1,3,1,2,1,4,2,,,
Elias Saad,tn TUN,"MF,FW",Augsburg,25,GER-Bundesliga,497,0,0,1,0,8,1,9,3,,,
Marcel Sabitzer,at AUT,MF,Dortmund,31,GER-Bundesliga,1817,1,2,3,0,19,20,37,4,,,
Emir Sahiti,xk KVX,FW,Hamburger SV,26,GER-Bundesliga,120,0,0,0,0,0,0,1,0,,,
Manolis Saliakas,gr GRE,MF,St Pauli,28,GER-Bundesliga,1106,1,3,3,0,20,13,44,3,,,
Albert Sambi Lokonga,be BEL,MF,Hamburger SV,25,GER-Bundesliga,1710,5,0,3,0,13,13,13,11,,,
Philipp Sander,de GER,"DF,MF",Gladbach,27,GER-Bundesliga,2445,2,0,4,0,42,50,28,8,,,
James Sands,us USA,MF,St Pauli,25,GER-Bundesliga,1934,1,0,4,0,23,41,9,4,,,
Kaishū Sano,jp JPN,MF,Mainz 05,24,GER-Bundesliga,3059,1,2,1,0,31,67,18,6,,,
Kauã Santos,br BRA,GK,Frankfurt,22,GER-Bundesliga,1084,0,0,0,0,1,0,0,0,37,32,2
Bara Sapoko Ndiaye,sn SEN,MF,Bayern Munich,17,GER-Bundesliga,143,0,0,0,0,5,2,1,0,,,
Alejo Sarco,ar ARG,FW,Gladbach,19,GER-Bundesliga,53,0,0,0,0,0,0,0,0,,,
Alejo Sarco,ar ARG,FW,Leverkusen,19,GER-Bundesliga,74,0,0,0,0,0,0,0,0,,,
Joe Scally,us USA,"DF,MF",Gladbach,22,GER-Bundesliga,2608,2,3,8,0,27,18,47,10,,,
András Schäfer,hu HUN,MF,Union Berlin,26,GER-Bundesliga,1421,2,1,2,1,22,20,18,10,,,
Fynn Schenten,de GER,FW,Köln,17,GER-Bundesliga,100,0,0,0,0,0,0,3,0,,,
Derry Scherhant,de GER,MF,Freiburg,22,GER-Bundesliga,1301,5,1,2,0,9,7,72,13,,,
Patrik Schick,cz CZE,FW,Leverkusen,29,GER-Bundesliga,1988,16,3,2,0,4,3,0,34,,,
Stefan Schimmer,de GER,FW,Heidenheim,31,GER-Bundesliga,820,5,1,1,0,4,4,10,12,,,
Xaver Schlager,at AUT,MF,RB Leipzig,27,GER-Bundesliga,1837,3,1,6,0,25,7,11,7,,,
Keven Schlotterbeck,de GER,DF,Augsburg,28,GER-Bundesliga,2031,0,1,7,1,25,33,6,3,,,
Nico Schlotterbeck,de GER,DF,Dortmund,25,GER-Bundesliga,2520,5,1,8,0,38,24,31,9,,,
Mick Schmetgens,de GER,MF,Werder Bremen,17,GER-Bundesliga,37,0,0,0,0,0,1,2,0,,,
Romano Schmid,at AUT,"MF,FW",Werder Bremen,25,GER-Bundesliga,2982,4,8,4,0,28,13,154,21,,,
Isaac Schmidt,ch SUI,"MF,DF",Werder Bremen,25,GER-Bundesliga,682,1,0,2,0,10,11,8,2,,,
Joël Schmied,ch SUI,DF,Köln,26,GER-Bundesliga,1078,0,0,5,0,9,11,5,0,,,
Tim Schnitzer,de GER,MF,Augsburg,17,GER-Bundesliga,6,0,0,0,0,0,0,0,0,,,
Jan Schöppner,de GER,MF,Heidenheim,26,GER-Bundesliga,2252,3,3,5,0,17,32,14,7,,,
Marvin Schwäbe,de GER,GK,Köln,30,GER-Bundesliga,3060,0,0,2,0,1,3,0,0,92,63,3
Léo Scienza,br BRA,MF,Heidenheim,26,GER-Bundesliga,180,1,0,0,0,2,0,13,1,,,
Sebastian Sebulonsen,no NOR,"DF,MF",Köln,25,GER-Bundesliga,2498,0,0,5,0,26,17,67,5,,,
Jenson Seelt,nl NED,DF,Wolfsburg,22,GER-Bundesliga,681,0,0,0,0,9,5,0,0,,,
Nicolas Seiwald,at AUT,MF,RB Leipzig,24,GER-Bundesliga,2694,0,2,2,0,47,60,6,7,,,
Kento Shiogai,jp JPN,MF,Wolfsburg,20,GER-Bundesliga,318,1,0,3,0,4,3,1,6,,,
Armindo Sieb,de GER,FW,Mainz 05,22,GER-Bundesliga,548,2,0,1,0,4,0,13,6,,,
Tim Siersleben,de GER,DF,Heidenheim,25,GER-Bundesliga,1081,0,0,2,0,16,21,13,3,,,
Fábio Silva,pt POR,"FW,MF",Dortmund,23,GER-Bundesliga,817,2,6,3,0,2,2,12,8,,,
Xavi Simons,nl NED,MF,RB Leipzig,22,GER-Bundesliga,90,0,0,0,0,0,1,2,0,,,
Jahmai Simpson-Pusey,eng ENG,DF,Köln,19,GER-Bundesliga,863,0,0,2,1,8,12,2,3,,,
Danel Sinani,lu LUX,"MF,FW",St Pauli,28,GER-Bundesliga,2069,5,3,4,0,16,5,135,18,,,
Tim Skarke,de GER,"MF,FW",Union Berlin,28,GER-Bundesliga,623,1,1,0,0,4,1,13,5,,,
Ellyes Skhiri,tn TUN,"MF,DF",Frankfurt,30,GER-Bundesliga,1444,0,0,3,1,8,25,3,0,,,
Andreas Skov Olsen,dk DEN,MF,Wolfsburg,25,GER-Bundesliga,362,1,0,1,0,1,1,6,2,,,
Robert Skov,dk DEN,"DF,MF",Union Berlin,29,GER-Bundesliga,220,0,0,0,0,5,2,12,0,,,
Eric Smith,se SWE,"DF,MF",St Pauli,28,GER-Bundesliga,2311,2,2,4,1,23,24,64,5,,,
Aboubaka Soumahoro,fr FRA,"MF,DF",Hamburger SV,20,GER-Bundesliga,136,0,0,1,0,0,0,1,0,,,
Vinicius Souza,br BRA,MF,Wolfsburg,26,GER-Bundesliga,1764,0,0,5,0,32,25,4,2,,,
Jens Stage,dk DEN,MF,Werder Bremen,28,GER-Bundesliga,2460,10,2,5,0,32,18,14,21,,,
Otto Stange,de GER,FW,Hamburger SV,18,GER-Bundesliga,293,0,0,0,0,3,0,6,1,,,
Josip Stanišić,hr CRO,DF,Bayern Munich,25,GER-Bundesliga,1857,2,3,1,0,21,18,36,4,,,
Niklas Stark,de GER,DF,Werder Bremen,30,GER-Bundesliga,697,0,0,8,2,12,13,1,1,,,
Pascal Stenzel,de GER,MF,Stuttgart,29,GER-Bundesliga,106,0,0,2,0,0,2,5,1,,,
Leonidas Stergiou,ch SUI,DF,Heidenheim,23,GER-Bundesliga,206,0,0,0,0,3,1,1,0,,,
Leonidas Stergiou,ch SUI,DF,Stuttgart,23,GER-Bundesliga,1,0,0,0,0,0,0,0,0,,,
Finley Stevens,wls WAL,DF,St Pauli,22,GER-Bundesliga,27,0,0,0,0,0,0,1,0,,,
Angelo Stiller,de GER,MF,Stuttgart,24,GER-Bundesliga,2743,2,5,1,0,23,28,105,8,,,
Kevin Stöger,at AUT,MF,Gladbach,31,GER-Bundesliga,1324,1,1,3,0,20,13,61,7,,,
Yukinari Sugawara,jp JPN,"DF,MF",Werder Bremen,25,GER-Bundesliga,2428,0,6,2,1,22,15,74,11,,,
Niklas Süle,de GER,DF,Dortmund,29,GER-Bundesliga,486,0,1,3,0,5,6,6,1,,,
Yuito Suzuki,jp JPN,MF,Freiburg,23,GER-Bundesliga,1632,4,2,3,0,12,10,21,14,,,
Mattias Svanberg,se SWE,MF,Wolfsburg,26,GER-Bundesliga,861,3,1,6,1,7,10,8,8,,,
Daniel Svensson,se SWE,MF,Dortmund,23,GER-Bundesliga,2454,2,2,0,0,26,20,129,4,,,
Haris Tabaković,ba BIH,FW,Gladbach,31,GER-Bundesliga,2382,13,3,5,0,6,0,2,27,,,
Jonathan Tah,de GER,DF,Bayern Munich,29,GER-Bundesliga,2018,2,1,7,0,18,25,1,5,,,
Kōta Takai,jp JPN,DF,Gladbach,20,GER-Bundesliga,342,0,0,1,0,4,4,0,2,,,
Sander Tangvik,no NOR,GK,Hamburger SV,22,GER-Bundesliga,90,0,0,0,0,0,0,0,0,6,1,0
Axel Tapé,fr FRA,"MF,DF",Leverkusen,17,GER-Bundesliga,222,0,0,1,0,1,1,0,1,,,
Edmond Tapsoba,bf BFA,DF,Leverkusen,26,GER-Bundesliga,2575,5,3,7,0,15,21,13,10,,,
Rouven Tarnutzer,ch SUI,FW,Freiburg,18,GER-Bundesliga,7,0,0,0,0,0,0,0,0,,,
Nathan Tella,ng NGA,MF,Leverkusen,26,GER-Bundesliga,868,1,4,2,0,6,4,31,8,,,
Martin Terrier,fr FRA,"MF,FW",Leverkusen,28,GER-Bundesliga,675,4,1,1,0,4,1,5,6,,,
Arthur Theate,be BEL,DF,Frankfurt,25,GER-Bundesliga,2141,1,0,8,0,21,34,13,7,,,
Jan Thielmann,de GER,"MF,FW",Köln,23,GER-Bundesliga,1540,3,1,4,0,12,13,36,10,,,
Phillip Tietz,de GER,FW,Mainz 05,28,GER-Bundesliga,1610,5,2,2,0,4,7,4,21,,,
Phillip Tietz,de GER,FW,Augsburg,28,GER-Bundesliga,198,1,0,2,0,1,0,0,3,,,
Malik Tillman,us USA,MF,Leverkusen,23,GER-Bundesliga,1674,6,1,2,0,30,19,18,13,,,
Umut Tohumcu,de GER,MF,Hoffenheim,20,GER-Bundesliga,136,0,0,2,0,1,0,1,0,,,
Tiago Tomás,pt POR,"MF,FW",Stuttgart,23,GER-Bundesliga,1020,5,3,4,0,8,5,12,10,,,
Keke Topp,de GER,FW,Werder Bremen,21,GER-Bundesliga,638,1,1,4,0,5,1,5,3,,,
Jordan Torunarigha,de GER,DF,Hamburger SV,27,GER-Bundesliga,1962,0,0,3,0,22,30,3,1,,,
Bazoumana Touré,ci CIV,"MF,FW",Hoffenheim,19,GER-Bundesliga,2308,5,9,2,0,22,6,118,13,,,
Omar Traoré,de GER,"DF,MF",Heidenheim,27,GER-Bundesliga,1501,0,2,2,0,11,17,37,2,,,
Philipp Treu,de GER,"DF,MF",Freiburg,24,GER-Bundesliga,2186,1,2,2,0,27,7,32,5,,,
Christopher Trimmel,at AUT,"MF,DF",Union Berlin,38,GER-Bundesliga,1861,0,3,8,0,24,10,177,1,,,
Lukas Ullrich,de GER,"DF,MF",Gladbach,21,GER-Bundesliga,1305,0,0,2,0,17,21,38,2,,,
Sven Ulreich,de GER,GK,Bayern Munich,36,GER-Bundesliga,90,0,0,1,0,0,0,0,0,6,1,0
Deniz Undav,de GER,"FW,MF",Stuttgart,29,GER-Bundesliga,2241,19,7,5,0,14,4,16,46,,,
Dayot Upamecano,fr FRA,DF,Bayern Munich,26,GER-Bundesliga,1794,1,1,4,0,26,21,7,2,,,
Jan Urbich,de GER,DF,Gladbach,21,GER-Bundesliga,39,0,0,0,0,0,0,0,0,,,
Jonas Urbig,de GER,GK,Bayern Munich,21,GER-Bundesliga,1111,0,0,0,0,0,0,0,0,32,15,6
Can Uzun,tr TUR,MF,Frankfurt,19,GER-Bundesliga,1156,8,4,3,0,9,3,24,19,,,
Josha Vagnoman,de GER,"DF,MF",Stuttgart,24,GER-Bundesliga,1587,1,3,3,0,19,3,33,11,,,
Maarten Vandevoordt,be BEL,GK,RB Leipzig,23,GER-Bundesliga,1052,0,0,0,0,0,0,0,0,30,15,2
Nikola Vasilj,ba BIH,GK,St Pauli,29,GER-Bundesliga,3060,0,0,0,0,1,1,0,0,123,60,5
Denis Vavro,sk SVK,DF,Wolfsburg,29,GER-Bundesliga,1176,1,0,2,0,5,14,4,5,,,
Lucas Vázquez,es ESP,MF,Leverkusen,34,GER-Bundesliga,481,1,2,2,0,4,2,20,1,,,
Nikolas Veratschnig,at AUT,"MF,DF",Mainz 05,22,GER-Bundesliga,660,0,1,3,0,13,10,21,1,,,
Fabio Vieira,pt POR,"MF,FW",Hamburger SV,25,GER-Bundesliga,2206,7,5,4,2,9,15,59,19,,,
Luka Vušković,hr CRO,DF,Hamburger SV,18,GER-Bundesliga,2442,6,0,6,0,17,40,2,10,,,
Yannik Wagner,de GER,FW,Heidenheim,18,GER-Bundesliga,49,0,0,0,0,0,0,2,0,,,
Elye Wahi,ci CIV,FW,Frankfurt,22,GER-Bundesliga,324,0,1,1,0,1,0,5,3,,,
Hauke Wahl,de GER,DF,St Pauli,31,GER-Bundesliga,2592,2,1,1,0,32,31,12,4,,,
Luca Waldschmidt,de GER,"FW,MF",Köln,29,GER-Bundesliga,677,5,4,1,0,3,4,22,13,,,
Tobias Weigel,de GER,FW,Heidenheim,18,GER-Bundesliga,2,0,0,0,0,0,0,0,0,,,
Nelson Weiper,de GER,FW,Mainz 05,20,GER-Bundesliga,558,0,0,1,0,2,3,6,6,,,
Timo Werner,de GER,"FW,MF",RB Leipzig,29,GER-Bundesliga,14,0,0,0,0,0,0,2,0,,,
Silvan Widmer,ch SUI,MF,Mainz 05,32,GER-Bundesliga,1810,2,1,5,0,27,18,37,4,,,
Patrick Wimmer,at AUT,MF,Wolfsburg,24,GER-Bundesliga,1621,4,3,4,0,20,23,25,8,,,
Jonas Wind,dk DEN,FW,Wolfsburg,26,GER-Bundesliga,481,1,0,1,0,0,0,0,6,,,
Maximilian Wöber,at AUT,DF,Werder Bremen,27,GER-Bundesliga,37,0,0,0,0,1,2,1,0,,,
Marius Wolf,de GER,MF,Augsburg,30,GER-Bundesliga,1019,1,1,4,0,10,13,43,5,,,
Nick Woltemade,de GER,MF,Stuttgart,23,GER-Bundesliga,90,0,0,0,0,0,0,0,0,,,
Jeong Woo-yeong,kr KOR,"MF,FW",Union Berlin,25,GER-Bundesliga,1197,4,1,0,0,7,8,31,8,,,
Dan-Axel Zagadou,fr FRA,DF,Stuttgart,26,GER-Bundesliga,209,0,0,0,0,4,5,0,1,,,
Aaron Zehnter,de GER,"DF,MF",Wolfsburg,20,GER-Bundesliga,1456,2,0,0,0,10,16,36,5,,,
Robin Zentner,de GER,GK,Mainz 05,30,GER-Bundesliga,876,0,0,2,1,0,0,0,0,31,14,0
Cedric Zesiger,ch SUI,DF,Augsburg,27,GER-Bundesliga,1816,0,0,7,0,24,17,34,3,,,
Michael Zetterer,de GER,GK,Frankfurt,30,GER-Bundesliga,1976,0,0,1,0,1,1,0,0,62,33,6
Budu Zivzivadze,ge GEO,FW,Heidenheim,31,GER-Bundesliga,1142,6,0,2,1,10,1,6,14,,,
Luka Đurić,rs SRB,MF,Hoffenheim,22,GER-Bundesliga,10,0,0,0,0,0,0,0,0,,,
Himad Abdelli,dz ALG,MF,Marseille,25,FRA-Ligue 1,138,0,0,1,0,1,2,1,1,,,
Himad Abdelli,dz ALG,MF,Angers,25,FRA-Ligue 1,943,2,0,1,0,17,13,9,5,,,
Ali Abdi,tn TUN,"MF,DF",Nice,31,FRA-Ligue 1,1187,3,0,4,1,11,10,33,4,,,
Salis Abdul Samed,gh GHA,MF,Nice,25,FRA-Ligue 1,911,0,0,3,0,7,11,2,0,,,
Saud Abdulhamid,sa KSA,MF,Lens,26,FRA-Ligue 1,1352,2,4,4,1,22,9,47,3,,,
Laurent Abergel,fr FRA,MF,Lorient,32,FRA-Ligue 1,2318,1,0,7,0,23,28,9,5,,,
Matthis Abline,fr FRA,"FW,MF",Nantes,22,FRA-Ligue 1,2494,6,4,6,0,13,9,62,22,,,
Abner,br BRA,"DF,MF",Lyon,25,FRA-Ligue 1,2150,3,2,4,1,24,8,61,7,,,
Francis Abu,gh GHA,MF,Toulouse,24,FRA-Ligue 1,526,0,0,2,0,12,8,0,0,,,
Giorgi Abuashvili,ge GEO,"MF,FW",Metz,22,FRA-Ligue 1,698,2,0,1,0,8,5,38,9,,,
Mathieu Acapandié,mg MAD,"DF,MF",Nantes,20,FRA-Ligue 1,261,0,0,0,0,1,3,11,0,,,
Simon Adingra,ci CIV,"MF,FW",Monaco,23,FRA-Ligue 1,855,3,2,0,0,9,6,29,6,,,
Nathaniel Adjei,gh GHA,DF,Lorient,22,FRA-Ligue 1,835,0,0,0,0,7,9,1,2,,,
Nayef Aguerd,ma MAR,DF,Marseille,29,FRA-Ligue 1,1396,1,0,4,0,16,21,2,2,,,
Ruben Aguilar,fr FRA,MF,Lens,32,FRA-Ligue 1,1720,2,2,6,1,24,24,86,3,,,
Naouirou Ahamada,fr FRA,MF,Auxerre,23,FRA-Ligue 1,682,0,1,0,0,10,5,6,1,,,
Abdelhamid Ait Boudlal,ma MAR,DF,Rennes,19,FRA-Ligue 1,1403,2,1,3,1,11,18,2,4,,,
Tosin Aiyegun,bj BEN,"FW,MF",Lorient,27,FRA-Ligue 1,1073,5,0,1,0,5,1,6,12,,,
Ludovic Ajorque,fr FRA,FW,Brest,31,FRA-Ligue 1,2820,8,9,9,1,20,11,9,17,,,
Maghnes Akliouche,fr FRA,"MF,FW",Monaco,23,FRA-Ligue 1,2400,6,6,3,0,26,18,53,19,,,
Clément Akpa,ci CIV,DF,Auxerre,23,FRA-Ligue 1,1944,0,0,4,1,19,23,30,0,,,
Mohamed Ali Cho,fr FRA,"FW,MF",Nice,21,FRA-Ligue 1,1667,4,3,1,0,9,4,39,14,,,
Jim Allevinah,ga GAB,MF,Angers,30,FRA-Ligue 1,133,1,0,0,0,1,0,1,1,,,
Kelvin Amian,fr FRA,DF,Nantes,27,FRA-Ligue 1,1961,0,1,3,0,18,8,29,2,,,
Michael Amir Murillo,pa PAN,"DF,MF",Marseille,29,FRA-Ligue 1,989,2,1,4,0,13,6,28,2,,,
Samuel Amo-Ameyaw,eng ENG,"MF,DF",Strasbourg,19,FRA-Ligue 1,1047,2,2,2,0,12,3,50,5,,,
Mathis Amougou,fr FRA,MF,Strasbourg,19,FRA-Ligue 1,409,0,0,1,0,11,2,2,2,,,
Benjamin André,fr FRA,MF,Lille,34,FRA-Ligue 1,2332,2,2,9,0,40,31,22,6,,,
Aaron Anselmino,ar ARG,DF,Strasbourg,20,FRA-Ligue 1,16,0,0,0,0,0,1,0,0,,,
Kyllian Antonio,fr FRA,DF,Lens,17,FRA-Ligue 1,190,0,1,1,0,4,5,2,0,,,
Youssef El-Arabi,ma MAR,FW,Nantes,38,FRA-Ligue 1,941,3,0,0,0,9,4,2,9,,,
Carlens Arcus,ht HAI,DF,Angers,29,FRA-Ligue 1,2040,0,3,7,0,29,29,38,1,,,
Paul Argney,fr FRA,GK,Le Havre,19,FRA-Ligue 1,90,0,0,0,0,0,0,0,0,2,1,0
Joel Asoro,se SWE,FW,Metz,26,FRA-Ligue 1,227,0,0,0,0,0,0,1,1,,,
Dehmaine Assoumani,fr FRA,MF,Nantes,20,FRA-Ligue 1,1276,1,0,5,0,18,16,88,7,,,
Otavio Ataide,br BRA,DF,Paris FC,23,FRA-Ligue 1,1901,1,0,6,1,29,27,6,3,,,
Pierre-Emerick Aubameyang,ga GAB,FW,Marseille,36,FRA-Ligue 1,2039,10,5,1,0,6,7,30,34,,,
Arthur Avom,cm CMR,MF,Lorient,20,FRA-Ligue 1,2119,2,1,3,0,31,28,45,6,,,
Chidozie Awaziem,ng NGA,DF,Nantes,28,FRA-Ligue 1,2231,1,2,7,0,20,20,2,4,,,
Ilyas Azizi,fr FRA,FW,Toulouse,17,FRA-Ligue 1,29,0,0,0,0,1,0,2,0,,,
Oussama El Azzouzi,ma MAR,"MF,DF",Auxerre,24,FRA-Ligue 1,807,1,0,1,1,15,16,0,1,,,
Samson Baidoo,at AUT,DF,Lens,21,FRA-Ligue 1,1827,2,1,2,0,23,25,0,4,,,
Theo Bair,ca CAN,FW,Auxerre,25,FRA-Ligue 1,10,0,0,0,0,0,0,0,0,,,
Darryl Bakola,fr FRA,MF,Marseille,17,FRA-Ligue 1,75,0,0,0,0,1,0,1,1,,,
Dilane Bakwa,fr FRA,"FW,MF",Strasbourg,22,FRA-Ligue 1,107,1,2,0,0,1,1,8,1,,,
Leonardo Balerdi,ar ARG,DF,Marseille,26,FRA-Ligue 1,2001,0,1,5,0,28,27,2,5,,,
Fodé Ballo-Touré,sn SEN,"DF,MF",Metz,28,FRA-Ligue 1,836,0,0,2,0,16,5,16,1,,,
Folarin Balogun,us USA,FW,Monaco,24,FRA-Ligue 1,2230,13,4,4,1,6,4,14,32,,,
Abdoulaye Bamba,ci CIV,DF,Angers,35,FRA-Ligue 1,255,0,0,1,0,6,6,1,1,,,
Aladji Bamba,fr FRA,MF,Monaco,19,FRA-Ligue 1,816,0,2,2,0,20,8,4,1,,,
Mohamed Bamba,ci CIV,FW,Lorient,23,FRA-Ligue 1,682,1,2,3,0,2,2,3,6,,,
Valentín Barco,ar ARG,MF,Strasbourg,21,FRA-Ligue 1,2168,2,4,5,1,33,14,103,10,,,
Bradley Barcola,fr FRA,FW,PSG,22,FRA-Ligue 1,1743,11,1,2,0,16,12,26,30,,,
Melvin Bard,fr FRA,"DF,MF",Nice,24,FRA-Ligue 1,2394,2,1,4,0,29,41,77,5,,,
Haris Belkebla,dz ALG,MF,Angers,31,FRA-Ligue 1,2875,0,0,7,0,44,30,5,0,,,
Yassin Belkhdim,fr FRA,MF,Angers,23,FRA-Ligue 1,2135,2,2,5,0,43,32,42,14,,,
Eliesse Ben Seghir,ma MAR,MF,Monaco,20,FRA-Ligue 1,45,0,0,0,0,0,0,1,0,,,
Yassine Benhattab,fr FRA,"MF,FW",Nantes,22,FRA-Ligue 1,477,0,0,0,0,6,0,25,1,,,
Mohamed Benoit Dao,fr FRA,FW,Paris FC,18,FRA-Ligue 1,2,0,0,0,0,0,0,1,0,,,
Nabil Bentaleb,dz ALG,MF,Lille,30,FRA-Ligue 1,1287,2,2,3,0,12,15,24,6,,,
Lucas Beraldo,br BRA,"DF,MF",PSG,21,FRA-Ligue 1,1567,2,1,2,0,21,18,2,4,,,
Anthony Bermont,fr FRA,FW,Lens,20,FRA-Ligue 1,104,0,0,0,0,1,3,11,2,,,
Gabin Bernardeau,fr FRA,MF,Nice,19,FRA-Ligue 1,95,0,0,0,0,4,0,5,1,,,
Mika Biereth,dk DEN,FW,Monaco,22,FRA-Ligue 1,1074,2,2,0,0,7,0,9,7,,,
Emmanuel Biumla,fr FRA,DF,Angers,20,FRA-Ligue 1,387,0,0,0,0,5,2,1,0,,,
Ludovic Blas,fr FRA,"MF,FW",Rennes,27,FRA-Ligue 1,1546,5,4,1,0,10,15,93,14,,,
Arnaud Bodart,be BEL,GK,Lille,27,FRA-Ligue 1,226,0,0,0,0,0,0,0,0,4,3,0
Jeremie Boga,ci CIV,"MF,FW",Nice,28,FRA-Ligue 1,646,2,2,0,0,5,3,12,5,,,
Morgan Bokelé Mputu,cm CMR,MF,Metz,21,FRA-Ligue 1,227,0,0,0,0,4,1,5,1,,,
Moïse Bombito,ca CAN,DF,Nice,25,FRA-Ligue 1,145,0,0,1,0,1,2,0,0,,,
Jean-Baptiste Bosey,fr FRA,FW,Strasbourg,17,FRA-Ligue 1,1,0,0,0,0,0,0,0,0,,,
Ayyoub Bouaddi,ma MAR,MF,Lille,17,FRA-Ligue 1,2321,0,1,7,1,40,27,20,5,,,
Badredine Bouanani,dz ALG,MF,Nice,20,FRA-Ligue 1,93,0,0,0,0,0,1,5,0,,,
Kaïl Boudache,fr FRA,"MF,FW",Nice,19,FRA-Ligue 1,531,1,0,1,0,9,6,8,2,,,
Hicham Boudaoui,dz ALG,MF,Nice,25,FRA-Ligue 1,1694,1,2,5,0,16,18,19,9,,,
Sofiane Boufal,ma MAR,"MF,FW",Le Havre,31,FRA-Ligue 1,1019,1,4,2,0,17,3,59,4,,,
Justin Bourgault,fr FRA,FW,Brest,19,FRA-Ligue 1,16,0,0,0,0,0,1,0,0,,,
Bilal Brahimi,dz ALG,"FW,MF",Nice,25,FRA-Ligue 1,1,0,0,0,0,0,0,2,0,,,
Lilian Brassier,fr FRA,DF,Rennes,25,FRA-Ligue 1,2250,0,1,2,0,13,38,23,2,,,
Marius Broholm,no NOR,MF,Lille,20,FRA-Ligue 1,279,1,1,0,0,6,2,14,3,,,
Paris Brunner,de GER,FW,Monaco,19,FRA-Ligue 1,132,0,0,1,0,2,1,1,1,,,
Andrija Bulatović,me MNE,MF,Lens,18,FRA-Ligue 1,762,0,4,2,0,21,8,56,5,,,
Vincent Burlet,be BEL,DF,Lille,19,FRA-Ligue 1,19,0,0,0,0,0,0,1,0,,,
Rémy Cabella,fr FRA,"MF,FW",Nantes,35,FRA-Ligue 1,572,2,0,1,0,7,6,37,5,,,
Pape Cabral,fr FRA,MF,Monaco,18,FRA-Ligue 1,77,0,0,0,0,1,1,0,2,,,
Noah Cadiou,gp GLP,MF,Lorient,26,FRA-Ligue 1,1879,3,1,2,0,16,24,3,9,,,
Mathieu Cafaro,fr FRA,FW,Paris FC,28,FRA-Ligue 1,152,0,0,0,0,0,0,7,1,,,
Adama Camara,fr FRA,"MF,DF",Paris FC,28,FRA-Ligue 1,2159,1,0,8,0,30,38,14,5,,,
Amady Camara,ml MLI,FW,Nantes,20,FRA-Ligue 1,171,0,0,0,0,3,1,17,0,,,
Lamine Camara,sn SEN,MF,Monaco,21,FRA-Ligue 1,1847,3,4,6,0,33,38,101,4,,,
Mahdi Camara,fr FRA,MF,Rennes,27,FRA-Ligue 1,2653,3,1,5,1,33,27,28,12,,,
Ousmane Camara,ml MLI,DF,Angers,22,FRA-Ligue 1,2718,1,0,4,0,29,34,3,5,,,
Axel Camblan,fr FRA,FW,Brest,21,FRA-Ligue 1,12,0,0,0,0,0,0,0,0,,,
Jaydee Canvot,fr FRA,"MF,DF",Toulouse,19,FRA-Ligue 1,180,0,0,1,0,1,0,0,0,,,
Pierrick Capelle,fr FRA,MF,Angers,38,FRA-Ligue 1,651,0,1,2,0,13,7,12,1,,,
Igor Carioca,br BRA,DF,Lorient,28,FRA-Ligue 1,1213,1,0,1,0,19,13,21,1,,,
Patrik Carlgren,se SWE,GK,Nantes,33,FRA-Ligue 1,182,0,0,0,0,0,0,0,0,11,2,1
Kevin Carlos,es ESP,FW,Nice,24,FRA-Ligue 1,880,0,0,3,0,1,1,3,7,,,
Josué Casimir,ht HAI,"MF,FW",Auxerre,23,FRA-Ligue 1,1522,1,0,6,1,17,11,54,12,,,
Cristian Cásseres Jr.,ve VEN,MF,Toulouse,25,FRA-Ligue 1,2495,2,3,6,0,42,37,98,6,,,
Nidal Čelik,ba BIH,DF,Lens,19,FRA-Ligue 1,616,0,0,2,0,10,9,1,1,,,
Fabien Centonze,fr FRA,"MF,DF",Nantes,29,FRA-Ligue 1,736,3,0,4,0,18,20,30,3,,,
Brendan Chardonnet,fr FRA,DF,Brest,30,FRA-Ligue 1,2546,1,3,6,0,18,34,7,6,,,
Samir Chergui,dz ALG,DF,Paris FC,26,FRA-Ligue 1,1154,1,0,1,0,12,13,6,4,,,
Sidiki Cherif,fr FRA,"FW,MF",Angers,18,FRA-Ligue 1,1157,4,0,3,0,3,6,6,12,,,
Lucas Chevalier,fr FRA,GK,PSG,23,FRA-Ligue 1,1530,0,0,0,0,0,0,0,0,32,13,9
Ben Chilwell,eng ENG,"DF,MF",Strasbourg,28,FRA-Ligue 1,1598,0,2,4,0,17,22,30,3,,,
Joris Chotard,fr FRA,MF,Brest,23,FRA-Ligue 1,2773,2,1,2,0,34,48,51,8,,,
Amadou Cissé,gn GUI,DF,Strasbourg,19,FRA-Ligue 1,90,0,0,0,0,2,0,0,0,,,
Djaoui Cissé,fr FRA,MF,Rennes,21,FRA-Ligue 1,981,0,0,3,0,22,5,27,6,,,
Mamoudou Cissokho,fr FRA,FW,Auxerre,17,FRA-Ligue 1,2,0,0,0,0,0,0,0,0,,,
Jonathan Clauss,fr FRA,"MF,DF",Nice,32,FRA-Ligue 1,2530,1,6,0,0,38,47,223,6,,,
Maxime Colin,fr FRA,DF,Metz,33,FRA-Ligue 1,1692,0,0,1,0,30,24,12,2,,,
Diego Coppola,it ITA,DF,Paris FC,21,FRA-Ligue 1,1170,0,2,1,0,9,7,0,3,,,
Francis Coquelin,fr FRA,MF,Nantes,34,FRA-Ligue 1,655,0,1,2,0,13,5,1,1,,,
Derek Cornelius,ca CAN,"DF,FW",Marseille,27,FRA-Ligue 1,58,0,0,0,0,0,1,0,0,,,
Félix Correia,pt POR,MF,Lille,24,FRA-Ligue 1,2053,4,5,2,0,13,21,84,8,,,
Grégoire Coudert,fr FRA,GK,Brest,26,FRA-Ligue 1,2192,0,0,2,0,0,0,0,0,76,40,6
Djibril Coulibaly,fr FRA,MF,Nice,16,FRA-Ligue 1,13,0,0,0,0,0,0,0,0,,,
Lasso Coulibaly,ci CIV,MF,Auxerre,22,FRA-Ligue 1,321,0,0,1,0,5,6,18,0,,,
Mamadou Coulibaly,fr FRA,MF,Monaco,21,FRA-Ligue 1,1381,3,3,7,1,21,21,15,5,,,
Soumaïla Coulibaly,fr FRA,DF,Brest,21,FRA-Ligue 1,1338,0,0,3,0,12,13,1,2,,,
Marius Courcoul,fr FRA,MF,Angers,18,FRA-Ligue 1,374,0,0,0,0,9,3,0,1,,,
Nicolas Cozza,fr FRA,DF,Nantes,26,FRA-Ligue 1,2301,0,1,2,0,27,21,22,3,,,
Charlie Cresswell,eng ENG,DF,Toulouse,22,FRA-Ligue 1,2533,3,2,8,0,14,30,2,12,,,
Kévin Danois,fr FRA,MF,Auxerre,21,FRA-Ligue 1,2830,3,1,3,0,48,38,130,8,,,
Dante,br BRA,DF,Nice,41,FRA-Ligue 1,849,0,1,1,0,5,11,0,1,,,
David Datro Fofana,ci CIV,FW,Strasbourg,22,FRA-Ligue 1,171,0,0,0,0,1,1,0,1,,,
Mathys De Carvalho,fr FRA,MF,Lyon,20,FRA-Ligue 1,295,0,0,1,0,6,4,2,2,,,
Jeffrey De Lange,nl NED,GK,Marseille,27,FRA-Ligue 1,450,0,0,0,0,0,0,0,0,13,11,1
Théo De Percin,mq MTQ,GK,Auxerre,24,FRA-Ligue 1,598,0,0,0,0,0,0,0,0,15,9,1
Thibault De Smet,be BEL,DF,Paris FC,27,FRA-Ligue 1,1144,0,1,6,2,11,10,26,0,,,
Romain Del Castillo,fr FRA,"MF,FW",Brest,29,FRA-Ligue 1,2625,9,3,2,1,36,28,198,13,,,
Thomas Delaine,fr FRA,"MF,DF",Le Havre,33,FRA-Ligue 1,201,0,0,1,0,0,3,18,0,,,
Pape Demba Diop,sn SEN,MF,Toulouse,21,FRA-Ligue 1,1181,1,2,2,0,20,29,14,11,,,
Ousmane Dembélé,fr FRA,FW,PSG,28,FRA-Ligue 1,1063,10,7,0,0,3,0,49,18,,,
Jessy Deminguet,fr FRA,MF,Metz,27,FRA-Ligue 1,1995,2,0,4,0,21,22,19,7,,,
Branco van den Boomen,nl NED,MF,Angers,30,FRA-Ligue 1,1238,0,1,3,0,15,7,69,5,,,
Rémy Descamps,fr FRA,GK,Lyon,29,FRA-Ligue 1,450,0,0,0,0,0,0,0,0,14,3,4
Bahmed Deuff,mr MTN,MF,Nantes,19,FRA-Ligue 1,250,0,0,1,0,3,2,1,3,,,
Tidiane Devernois,fr FRA,MF,Auxerre,17,FRA-Ligue 1,10,0,0,0,0,0,0,3,0,,,
Habib Diallo,sn SEN,FW,Metz,30,FRA-Ligue 1,1909,4,1,0,0,5,2,4,12,,,
Zoumana Diallo,fr FRA,FW,Nice,20,FRA-Ligue 1,10,0,0,0,0,0,0,0,0,,,
Soriba Diaoune,fr FRA,MF,Lille,17,FRA-Ligue 1,185,1,1,0,0,2,1,5,4,,,
Bane Diatta,fr FRA,MF,Angers,17,FRA-Ligue 1,5,0,0,0,0,1,0,0,0,,,
Krépin Diatta,sn SEN,"MF,DF",Monaco,26,FRA-Ligue 1,1013,0,1,2,0,16,15,39,1,,,
Mory Diaw,sn SEN,GK,Le Havre,32,FRA-Ligue 1,2655,0,1,1,0,0,2,0,0,80,41,7
Junior Diaz,ci CIV,DF,Brest,22,FRA-Ligue 1,1562,0,0,4,0,18,25,1,1,,,
Nouha Dicko,ml MLI,"FW,MF",Paris FC,33,FRA-Ligue 1,72,1,1,0,0,0,0,2,2,,,
Yaya Diémé,sn SEN,FW,Strasbourg,17,FRA-Ligue 1,154,0,0,2,0,0,0,1,1,,,
Bamba Dieng,sn SEN,FW,Lorient,25,FRA-Ligue 1,1212,10,1,2,0,2,2,2,24,,,
Eric Dier,eng ENG,DF,Monaco,31,FRA-Ligue 1,688,1,0,0,0,2,10,2,2,,,
Junior Dina Ebimbe,cm CMR,MF,Brest,24,FRA-Ligue 1,1165,5,0,3,0,16,6,4,9,,,
Sinaly Diomande,ci CIV,DF,Auxerre,24,FRA-Ligue 1,2131,2,2,4,1,17,33,0,4,,,
Sérigné Diop,sn SEN,FW,Brest,20,FRA-Ligue 1,12,0,0,0,0,0,0,1,0,,,
Sofiane Diop,ma MAR,"MF,FW",Nice,25,FRA-Ligue 1,2130,8,2,5,0,9,18,37,17,,,
Andy Diouf,fr FRA,MF,Lens,22,FRA-Ligue 1,90,0,0,0,0,0,0,0,1,,,
Yehvann Diouf,sn SEN,GK,Nice,25,FRA-Ligue 1,2340,0,0,1,0,0,2,0,0,91,45,5
Assane Dioussé,sn SEN,MF,Auxerre,27,FRA-Ligue 1,219,0,0,3,0,1,6,6,1,,,
Harouna Djibrin,cm CMR,MF,Angers,18,FRA-Ligue 1,336,2,1,2,0,4,5,8,3,,,
Henrick Do Marcolino,fr FRA,FW,Rennes,19,FRA-Ligue 1,3,0,0,0,0,1,2,0,0,,,
Lohann Doucet,bf BFA,MF,Paris FC,22,FRA-Ligue 1,121,1,0,2,0,0,0,0,1,,,
Fodé Doucouré,ml MLI,"MF,FW",Le Havre,24,FRA-Ligue 1,1239,3,1,2,0,26,9,78,8,,,
Sékou Doucoure,fr FRA,DF,Nantes,20,FRA-Ligue 1,45,0,0,0,0,0,3,0,0,,,
Désiré Doué,fr FRA,"FW,MF",PSG,20,FRA-Ligue 1,1348,7,4,0,0,20,12,56,19,,,
Guéla Doué,ci CIV,"DF,MF",Strasbourg,22,FRA-Ligue 1,2061,2,6,3,0,38,27,52,5,,,
Ismaël Doukouré,fr FRA,"DF,MF",Strasbourg,22,FRA-Ligue 1,2072,0,2,4,2,11,24,3,3,,,
Kamory Doumbia,ml MLI,MF,Brest,22,FRA-Ligue 1,1750,5,4,6,0,30,20,20,14,,,
Maxime Dupé,fr FRA,GK,Nice,32,FRA-Ligue 1,720,0,0,0,0,0,0,0,0,20,15,1
Aron Dønnum,no NOR,MF,Toulouse,27,FRA-Ligue 1,2419,4,4,10,1,29,29,140,14,,,
Simon Ebonog,cm CMR,MF,Le Havre,20,FRA-Ligue 1,1759,1,0,8,0,21,24,16,4,,,
Noah Edjouma,fr FRA,FW,Toulouse,19,FRA-Ligue 1,256,0,0,0,0,3,3,12,3,,,
Noah Edjouma,fr FRA,MF,Lille,19,FRA-Ligue 1,92,0,0,0,0,4,0,6,0,,,
Odsonne Édouard,fr FRA,FW,Lens,27,FRA-Ligue 1,1796,12,3,2,0,4,4,1,31,,,
CJ Egan-Riley,eng ENG,"DF,MF",Marseille,22,FRA-Ligue 1,624,0,0,1,1,7,2,1,0,,,
Jacques Ekomie,ga GAB,"DF,MF",Angers,21,FRA-Ligue 1,2239,0,0,3,0,32,31,65,3,,,
Breel Embolo,ch SUI,FW,Rennes,28,FRA-Ligue 1,1872,8,3,3,0,14,4,7,18,,,
Emanuel Emegha,nl NED,FW,Strasbourg,22,FRA-Ligue 1,443,4,2,3,0,0,0,0,8,,,
Emersonn,br BRA,FW,Toulouse,21,FRA-Ligue 1,1499,6,2,5,1,8,7,8,19,,,
Julio Enciso,py PAR,"MF,FW",Strasbourg,21,FRA-Ligue 1,1883,3,6,2,0,10,7,61,22,,,
Endrick,br BRA,"FW,MF",Lyon,19,FRA-Ligue 1,1215,5,7,4,1,9,2,52,26,,,
Wout Faes,be BEL,DF,Monaco,27,FRA-Ligue 1,1141,0,0,3,0,12,14,1,1,,,
Romain Faivre,fr FRA,"MF,FW",Auxerre,27,FRA-Ligue 1,581,0,2,0,0,4,6,14,3,,,
Ansu Fati,es ESP,"MF,FW",Monaco,22,FRA-Ligue 1,1093,11,0,1,0,9,2,8,24,,,
Abdoulaye Faye,sn SEN,DF,Lorient,20,FRA-Ligue 1,1444,0,0,8,0,24,28,4,2,,,
Dro Fernández,es ESP,MF,PSG,17,FRA-Ligue 1,682,1,0,0,0,5,9,4,3,,,
Matias Fernandez-Pardo,be BEL,"FW,MF",Lille,20,FRA-Ligue 1,2370,8,5,5,0,14,8,57,30,,,
Jonathan Fischer,dk DEN,GK,Metz,23,FRA-Ligue 1,2354,0,0,0,0,0,0,0,0,92,56,5
Malick Fofana,be BEL,"MF,FW",Lyon,20,FRA-Ligue 1,749,2,1,1,0,5,3,29,9,,,
Rayan Fofana,fr FRA,"FW,MF",Lens,19,FRA-Ligue 1,798,5,0,0,0,4,1,6,12,,,
Seko Fofana,ci CIV,MF,Rennes,30,FRA-Ligue 1,655,1,0,0,0,2,3,7,3,,,
Przemysław Frankowski,pl POL,"MF,DF",Rennes,30,FRA-Ligue 1,1210,1,2,5,0,25,9,82,3,,,
Ignatius Ganago,cm CMR,FW,Nantes,26,FRA-Ligue 1,839,3,1,1,0,3,2,9,7,,,
Ismaëlo Ganiou,fr FRA,DF,Lens,20,FRA-Ligue 1,2014,3,0,4,1,27,29,17,4,,,
Ulisses Garcia,ch SUI,"MF,DF",Marseille,29,FRA-Ligue 1,211,0,0,1,1,2,0,1,1,,,
Erawan Garnier,th THA,DF,Lens,19,FRA-Ligue 1,7,0,0,0,0,1,0,2,0,,,
Jean-Philippe Gbamin,ci CIV,"DF,MF",Metz,29,FRA-Ligue 1,2485,1,1,2,1,27,27,5,7,,,
Yann Gboho,fr FRA,"MF,FW",Toulouse,24,FRA-Ligue 1,2601,8,3,1,1,19,13,33,16,,,
Willem Geubbels,fr FRA,FW,Paris FC,23,FRA-Ligue 1,1013,5,0,0,0,2,6,9,9,,,
Rachid Ghezzal,dz ALG,"MF,FW",Lyon,33,FRA-Ligue 1,225,0,0,0,0,4,1,15,1,,,
Olivier Giroud,fr FRA,FW,Lille,38,FRA-Ligue 1,1609,7,1,2,0,8,4,2,16,,,
Martial Godo,ci CIV,MF,Strasbourg,22,FRA-Ligue 1,1584,10,1,2,0,13,15,31,17,,,
Maxima Goffi,fr FRA,DF,Lille,17,FRA-Ligue 1,39,0,0,0,0,1,0,1,0,,,
Aleksandr Golovin,ru RUS,MF,Monaco,29,FRA-Ligue 1,1649,5,5,4,1,18,21,37,18,,,
André Gomes,pt POR,MF,Lille,32,FRA-Ligue 1,8,0,0,0,0,0,0,0,0,,,
Angel Gomes,eng ENG,MF,Marseille,24,FRA-Ligue 1,888,3,0,4,0,5,4,7,5,,,
Georges Gomis,sn SEN,DF,Le Havre,17,FRA-Ligue 1,1,0,0,0,0,0,0,0,0,,,
Rafael Gonçalves,pt POR,"MF,DF",Strasbourg,20,FRA-Ligue 1,588,0,1,0,0,10,4,4,3,,,
Mathieu Gorgelin,fr FRA,GK,Lens,34,FRA-Ligue 1,90,0,0,0,0,0,0,0,0,4,0,1
Alimami Gory,ml MLI,"MF,DF",Paris FC,28,FRA-Ligue 1,982,5,1,3,0,11,8,10,6,,,
Amine Gouiri,dz ALG,"FW,MF",Marseille,25,FRA-Ligue 1,1326,8,3,1,0,9,3,37,17,,,
Lucas Gourna-Douath,fr FRA,MF,Le Havre,21,FRA-Ligue 1,1272,0,0,5,0,12,15,5,2,,,
Tiago Gouveia,pt POR,MF,Nice,24,FRA-Ligue 1,532,0,0,3,0,3,9,4,4,,,
Jonathan Gradit,fr FRA,DF,Lens,32,FRA-Ligue 1,807,0,0,2,1,12,16,3,0,,,
Mason Greenwood,eng ENG,MF,Marseille,23,FRA-Ligue 1,2462,16,7,4,0,13,4,112,48,,,
Dominik Greif,sk SVK,GK,Lyon,28,FRA-Ligue 1,2610,0,1,1,0,0,0,0,0,77,37,11
Ismaël Guerti,fr FRA,FW,Metz,21,FRA-Ligue 1,27,0,0,0,0,1,1,1,0,,,
Idrissa Guèye,sn SEN,FW,Metz,18,FRA-Ligue 1,132,0,0,0,0,2,0,0,0,,,
Morgan Guilavogui,gn GUI,MF,Lens,27,FRA-Ligue 1,491,1,0,3,1,10,3,4,2,,,
Frederic Guilbert,fr FRA,"DF,MF",Nantes,30,FRA-Ligue 1,607,0,0,1,0,12,19,17,2,,,
Daouda Guindo,ml MLI,DF,Brest,22,FRA-Ligue 1,1686,1,1,4,1,30,30,38,5,,,
Bahereba Guirassy,fr FRA,"FW,MF",Nantes,18,FRA-Ligue 1,821,2,1,2,0,13,5,24,7,,,
Amadou Haidara,ml MLI,MF,Lens,27,FRA-Ligue 1,259,1,1,0,0,0,2,0,2,,,
Achraf Hakimi,ma MAR,DF,PSG,26,FRA-Ligue 1,1375,2,2,3,1,13,11,43,9,,,
Adil Hamdani,fr FRA,MF,Lyon,16,FRA-Ligue 1,27,0,0,0,0,0,0,4,0,,,
Pierre-Yves Hamel,fr FRA,FW,Paris FC,31,FRA-Ligue 1,78,0,0,0,0,0,1,0,0,,,
Hilan Hamzaoui,fr FRA,DF,Marseille,19,FRA-Ligue 1,3,0,0,0,0,0,0,0,0,,,
Florent Hanin,dz ALG,"DF,MF",Angers,35,FRA-Ligue 1,865,0,0,0,0,8,13,26,0,,,
Hákon Haraldsson,is ISL,MF,Lille,22,FRA-Ligue 1,2460,8,2,6,0,15,12,75,17,,,
Hans Hateboer,nl NED,"DF,MF",Rennes,31,FRA-Ligue 1,22,0,0,0,0,0,0,0,0,,,
Hans Hateboer,nl NED,"DF,MF",Lyon,31,FRA-Ligue 1,740,0,0,0,1,10,10,22,1,,,
Kjetil Haug,no NOR,GK,Toulouse,27,FRA-Ligue 1,31,0,0,0,0,0,0,0,0,1,1,0
Gauthier Hein,fr FRA,"MF,FW",Metz,28,FRA-Ligue 1,2351,8,7,3,1,10,9,147,13,,,
Caio Henrique,br BRA,"DF,MF",Monaco,28,FRA-Ligue 1,1536,0,2,2,0,11,12,90,0,,,
Lucas Hernández,fr FRA,DF,PSG,29,FRA-Ligue 1,1747,0,3,4,0,14,21,16,3,,,
Santiago Hidalgo,ar ARG,"MF,FW",Toulouse,20,FRA-Ligue 1,1306,4,6,4,0,20,8,12,13,,,
Rémi Himbert,fr FRA,FW,Lyon,17,FRA-Ligue 1,131,1,0,0,0,3,0,2,1,,,
Lukáš Hrádecký,fi FIN,GK,Monaco,35,FRA-Ligue 1,1439,0,0,1,0,1,0,0,0,45,27,2
Kwon Hyeokkyu,kr KOR,MF,Nantes,24,FRA-Ligue 1,753,0,0,2,0,6,6,1,0,,,
Hong Hyunseok,kr KOR,MF,Nantes,26,FRA-Ligue 1,284,0,0,0,0,7,2,14,2,,,
Lucas Høgsberg,dk DEN,DF,Strasbourg,19,FRA-Ligue 1,1792,0,0,4,1,9,13,0,1,,,
Pierre Højbjerg,dk DEN,MF,Marseille,29,FRA-Ligue 1,2712,4,5,4,0,24,26,10,14,,,
Stanis Idumbo,be BEL,MF,Monaco,20,FRA-Ligue 1,171,1,1,0,0,3,0,1,2,,,
Hamza Igamane,ma MAR,FW,Lille,22,FRA-Ligue 1,432,5,1,2,0,4,2,5,9,,,
Jonathan Ikone,fr FRA,"MF,FW",Paris FC,27,FRA-Ligue 1,1100,3,1,2,0,15,5,7,6,,,
George Ilenikhena,ng NGA,FW,Monaco,18,FRA-Ligue 1,385,2,0,0,0,0,0,0,7,,,
Ciro Immobile,it ITA,FW,Paris FC,35,FRA-Ligue 1,705,2,2,2,0,0,1,3,5,,,
Jérémy Jacquet,fr FRA,DF,Rennes,20,FRA-Ligue 1,1671,0,0,6,1,17,22,0,3,,,
Mathis Jangeal,fr FRA,FW,PSG,17,FRA-Ligue 1,11,0,0,0,0,0,0,0,0,,,
Isak Jansson,se SWE,"FW,MF",Nice,23,FRA-Ligue 1,644,1,0,3,0,8,5,16,11,,,
Karl-Johan Johnsson,se SWE,GK,Strasbourg,35,FRA-Ligue 1,90,0,0,0,0,0,0,0,0,2,0,1
Abdulai Juma Bah,sl SLE,DF,Nice,19,FRA-Ligue 1,1958,0,0,7,0,18,30,0,2,,,
Hamed Junior Traorè,ci CIV,MF,Marseille,25,FRA-Ligue 1,619,2,1,1,0,7,5,33,6,,,
Mohamed Kaba,gn GUI,MF,Nantes,23,FRA-Ligue 1,918,0,2,2,0,15,14,2,6,,,
Justin-Noël Kalumba,fr FRA,"FW,MF",Angers,20,FRA-Ligue 1,224,0,0,0,0,3,1,15,0,,,
Warren Kamanzi,no NOR,MF,Toulouse,24,FRA-Ligue 1,870,1,1,1,0,11,7,12,2,,,
Bingourou Kamara,sn SEN,GK,Lorient,28,FRA-Ligue 1,270,0,0,0,0,0,0,0,0,8,8,1
Glen Kamara,fi FIN,MF,Rennes,29,FRA-Ligue 1,61,0,0,0,0,0,0,0,0,,,
Noham Kamara,fr FRA,DF,Lyon,18,FRA-Ligue 1,7,0,0,0,0,0,0,0,0,,,
Nouhoum Kamissoko,ml MLI,MF,Marseille,20,FRA-Ligue 1,24,0,0,0,0,1,0,0,0,,,
Lee Kang-in,kr KOR,"MF,FW",PSG,24,FRA-Ligue 1,1519,3,4,3,0,9,1,113,15,,,
Steeve Kango,fr FRA,DF,Lyon,18,FRA-Ligue 1,80,0,0,0,0,1,0,7,0,,,
Ibrahim Kanté,fr FRA,MF,Brest,18,FRA-Ligue 1,9,0,0,0,0,0,0,0,0,,,
Adam Karabec,cz CZE,"MF,FW",Lyon,22,FRA-Ligue 1,922,1,0,3,0,3,1,80,5,,,
Dermane Karim,tg TOG,MF,Lorient,21,FRA-Ligue 1,1365,1,2,3,0,17,10,17,2,,,
Panos Katseris,gr GRE,"MF,DF",Lorient,24,FRA-Ligue 1,747,1,2,3,0,9,11,43,4,,,
Ilan Kebbal,dz ALG,"MF,FW",Paris FC,27,FRA-Ligue 1,2222,9,4,7,0,15,7,110,20,,,
Yassine Kechta,ma MAR,MF,Le Havre,23,FRA-Ligue 1,1332,2,1,3,0,18,18,26,9,,,
Thilo Kehrer,de GER,DF,Monaco,28,FRA-Ligue 1,2353,0,0,8,2,39,31,5,1,,,
Reda Khadra,de GER,FW,Le Havre,24,FRA-Ligue 1,229,0,0,0,0,4,0,20,3,,,
Ruben Kluivert,nl NED,DF,Lyon,24,FRA-Ligue 1,772,1,2,4,0,10,8,1,1,,,
Hervé Koffi,bf BFA,GK,Angers,28,FRA-Ligue 1,2658,0,0,1,0,2,0,0,0,120,36,10
Enzo Koffi Vinette,fr FRA,DF,Le Havre,19,FRA-Ligue 1,385,0,0,2,0,10,10,24,2,,,
Philipp Köhn,ch SUI,GK,Monaco,27,FRA-Ligue 1,1621,0,0,1,0,0,1,0,0,48,27,5
Luca Koleosho,it ITA,MF,Paris FC,20,FRA-Ligue 1,554,3,1,0,0,15,3,15,10,,,
Timothée Kolodziejczak,fr FRA,DF,Paris FC,33,FRA-Ligue 1,662,0,0,2,0,6,7,0,1,,,
Geoffrey Kondogbia,cf CTA,"MF,DF",Marseille,32,FRA-Ligue 1,587,0,0,3,0,9,11,1,1,,,
Koffi Kouao,ci CIV,"DF,MF",Metz,27,FRA-Ligue 1,2265,2,1,10,0,46,28,59,10,,,
Arsène Kouassi,bf BFA,MF,Lorient,20,FRA-Ligue 1,2605,2,6,4,0,18,24,119,5,,,
Seny Koumbassa,fr FRA,DF,Toulouse,18,FRA-Ligue 1,444,1,0,0,0,6,4,0,1,,,
Hamza Koutoune,ma MAR,DF,Nice,18,FRA-Ligue 1,1,0,0,0,0,0,0,1,0,,,
Goduine Koyalipou,cf CTA,FW,Angers,25,FRA-Ligue 1,668,2,1,0,0,2,1,3,9,,,
Jean-Philippe Krasso,ci CIV,FW,Paris FC,28,FRA-Ligue 1,1092,2,2,0,0,8,1,4,10,,,
Sael Kumbedi,fr FRA,DF,Lyon,20,FRA-Ligue 1,65,0,0,1,0,0,1,1,0,,,
Khvicha Kvaratskhelia,ge GEO,FW,PSG,24,FRA-Ligue 1,1479,8,4,1,0,13,10,43,29,,,
Giorgi Kvilitaia,ge GEO,FW,Metz,31,FRA-Ligue 1,495,2,0,1,0,6,0,0,7,,,
Godson Kyeremeh,fr FRA,FW,Le Havre,25,FRA-Ligue 1,381,1,1,0,0,6,0,15,2,,,
Rémy Labeau Lascary,gp GLP,"MF,FW",Brest,22,FRA-Ligue 1,1200,5,1,2,0,11,4,12,16,,,
Emmanuel Lago,ci CIV,FW,Marseille,20,FRA-Ligue 1,49,0,0,1,0,3,1,1,2,,,
Mayckel Lahdo,se SWE,"FW,MF",Nantes,22,FRA-Ligue 1,415,1,1,0,0,2,0,1,1,,,
Kenny Lala,mg MAD,DF,Brest,33,FRA-Ligue 1,2791,0,3,4,0,26,26,106,1,,,
Ugo Lamare,fr FRA,FW,Marseille,18,FRA-Ligue 1,17,0,0,0,0,0,0,0,0,,,
Théo Le Bris,fr FRA,MF,Lorient,22,FRA-Ligue 1,1893,2,2,0,0,28,17,81,7,,,
Julien Le Cardinal,fr FRA,DF,Brest,27,FRA-Ligue 1,328,1,0,1,0,5,3,0,2,,,
Raphael Le Guen,fr FRA,DF,Brest,18,FRA-Ligue 1,375,0,0,0,0,3,11,0,1,,,
Pierre Lees-Melou,fr FRA,MF,Brest,32,FRA-Ligue 1,180,0,0,0,0,4,0,5,0,,,
Pierre Lees-Melou,fr FRA,MF,Paris FC,32,FRA-Ligue 1,1782,1,3,7,1,35,20,13,6,,,
Jordan Lefort,mr MTN,DF,Angers,31,FRA-Ligue 1,3060,0,2,2,0,33,47,23,2,,,
Alexander Legendre,ec ECU,MF,Rennes,17,FRA-Ligue 1,45,0,0,0,0,0,0,3,0,,,
Félix Lemaréchal,fr FRA,"MF,FW",Strasbourg,21,FRA-Ligue 1,555,0,2,1,0,6,3,15,2,,,
Donovan Léon,gf GUF,GK,Auxerre,32,FRA-Ligue 1,2460,0,0,1,2,2,0,0,0,95,35,9
Esteban Lepaul,fr FRA,FW,Angers,25,FRA-Ligue 1,174,1,0,0,0,0,0,0,1,,,
Esteban Lepaul,fr FRA,FW,Rennes,25,FRA-Ligue 1,2511,20,5,3,0,5,3,17,37,,,
Johann Lepenant,fr FRA,MF,Nantes,22,FRA-Ligue 1,2173,0,1,4,0,47,26,73,7,,,
Louis Leroux,fr FRA,"MF,DF",Nantes,19,FRA-Ligue 1,1441,1,1,2,0,23,5,30,3,,,
Pol Lirola,es ESP,"DF,MF",Marseille,27,FRA-Ligue 1,34,0,0,0,0,0,1,2,0,,,
Gautier Lloris,fr FRA,DF,Le Havre,30,FRA-Ligue 1,2398,1,1,2,1,24,43,2,4,,,
Danny Loader,cm CMR,"MF,FW",Auxerre,24,FRA-Ligue 1,2517,3,3,9,0,25,9,32,17,,,
Bradley Locko,fr FRA,DF,Brest,23,FRA-Ligue 1,1286,0,2,0,0,28,10,34,1,,,
Anthony Lopes,pt POR,GK,Nantes,34,FRA-Ligue 1,2788,0,0,4,0,1,1,0,0,97,50,6
Julien López,dz ALG,"FW,MF",Paris FC,33,FRA-Ligue 1,45,0,0,0,0,0,1,1,0,,,
Maxime Lopez,fr FRA,MF,Paris FC,27,FRA-Ligue 1,1960,0,3,11,0,17,11,83,6,,,
Tom Louchet,fr FRA,MF,Nice,22,FRA-Ligue 1,1367,3,2,1,1,17,9,51,6,,,
Marius Louer,fr FRA,DF,Angers,18,FRA-Ligue 1,543,0,0,1,0,16,2,9,0,,,
Dimitri Lucea,fr FRA,DF,PSG,18,FRA-Ligue 1,60,0,0,0,0,2,2,0,0,,,
Deiver Machado,co COL,MF,Lens,31,FRA-Ligue 1,273,0,0,1,0,1,3,4,1,,,
Deiver Machado,co COL,"DF,MF",Nantes,31,FRA-Ligue 1,907,0,1,2,0,16,8,22,1,,,
Lanroy Machine,fr FRA,FW,Angers,19,FRA-Ligue 1,519,1,0,1,0,4,0,5,4,,,
Brian Madjo,lu LUX,FW,Metz,16,FRA-Ligue 1,157,0,0,0,0,0,0,0,1,,,
Hugo Magnetti,fr FRA,MF,Brest,27,FRA-Ligue 1,2688,1,1,4,1,45,44,26,5,,,
Frank Magri,cm CMR,"FW,MF",Toulouse,25,FRA-Ligue 1,1253,5,1,3,0,3,3,15,12,,,
Ainsley Maitland-Niles,eng ENG,"DF,MF",Lyon,27,FRA-Ligue 1,2483,1,4,7,1,36,33,44,7,,,
Radosław Majecki,pl POL,GK,Brest,25,FRA-Ligue 1,864,0,0,0,1,0,0,0,0,26,18,3
Hamidou Makalou,ml MLI,MF,Brest,19,FRA-Ligue 1,341,0,0,0,0,5,5,14,1,,,
Jean-Victor Makengo,fr FRA,MF,Lorient,27,FRA-Ligue 1,1800,4,2,2,0,16,14,18,14,,,
Pape Mamadou Sy,sn SEN,GK,Metz,28,FRA-Ligue 1,706,0,0,0,0,0,0,0,0,29,20,2
Felix Mambimbi,ch SUI,"FW,MF",Le Havre,24,FRA-Ligue 1,530,1,0,1,0,10,4,5,2,,,
Aïssa Mandi,dz ALG,DF,Lille,33,FRA-Ligue 1,2424,1,0,8,0,21,44,10,4,,,
Orel Mangala,be BEL,MF,Lyon,27,FRA-Ligue 1,414,0,0,0,0,5,5,3,1,,,
Brad Mantsounga,cg CGO,DF,Nice,17,FRA-Ligue 1,90,0,0,0,0,3,0,0,0,,,
Sekou Mara,fr FRA,FW,Auxerre,23,FRA-Ligue 1,1226,3,2,0,0,7,3,0,12,,,
Vincent Marchetti,fr FRA,MF,Paris FC,28,FRA-Ligue 1,825,2,1,1,0,13,5,1,7,,,
Renato Marin,it ITA,GK,PSG,19,FRA-Ligue 1,180,0,0,0,0,0,0,0,0,3,2,1
Marquinhos,br BRA,DF,PSG,31,FRA-Ligue 1,1052,0,0,0,0,9,7,3,0,,,
Arthur Masuaku,cd COD,"DF,MF",Lens,31,FRA-Ligue 1,227,0,0,1,0,3,1,7,1,,,
Clinton Mata,ao ANG,DF,Lyon,32,FRA-Ligue 1,2833,0,0,5,0,21,26,20,0,,,
Rudy Matondo,fr FRA,MF,Paris FC,17,FRA-Ligue 1,743,2,0,1,1,14,5,8,5,,,
Rudy Matondo,fr FRA,MF,Auxerre,17,FRA-Ligue 1,614,0,0,3,0,7,7,5,0,,,
Neal Maupay,fr FRA,"FW,MF",Marseille,28,FRA-Ligue 1,2,0,0,0,0,0,0,0,0,,,
Christian Mawissa,fr FRA,"DF,MF",Monaco,20,FRA-Ligue 1,1191,0,0,4,0,25,15,5,1,,,
Senny Mayulu,fr FRA,"MF,FW",PSG,19,FRA-Ligue 1,1672,4,4,3,0,31,12,27,11,,,
Nathan Mbala,,"MF,FW",Metz,17,FRA-Ligue 1,441,2,2,0,0,6,1,36,4,,,
Ethan Mbappé,fr FRA,"MF,FW",Lille,18,FRA-Ligue 1,567,3,1,1,0,7,2,34,7,,,
Ibrahim Mbaye,sn SEN,"FW,MF",PSG,17,FRA-Ligue 1,1006,3,2,0,0,7,4,16,10,,,
Malick Mbaye,sn SEN,MF,Metz,21,FRA-Ligue 1,300,0,0,1,0,8,3,8,1,,,
Chancel Mbemba,cd COD,DF,Lille,30,FRA-Ligue 1,954,0,0,3,0,8,13,0,3,,,
Michel Mboula,ga GAB,"DF,MF",Metz,22,FRA-Ligue 1,746,0,0,2,0,10,15,8,1,,,
Pathé Mboup,sn SEN,MF,Brest,21,FRA-Ligue 1,1054,1,0,6,0,18,12,11,10,,,
Moustapha Mbow,sn SEN,DF,Paris FC,25,FRA-Ligue 1,2717,0,1,5,0,33,38,2,3,,,
Mark McKenzie,us USA,DF,Toulouse,26,FRA-Ligue 1,2404,0,2,7,1,30,25,4,1,,,
Facundo Medina,ar ARG,DF,Marseille,26,FRA-Ligue 1,1365,0,1,7,0,16,24,13,1,,,
Bamo Meïté,ci CIV,DF,Lorient,23,FRA-Ligue 1,1979,0,3,5,0,15,13,12,1,,,
Kader Meïté,fr FRA,FW,Rennes,17,FRA-Ligue 1,535,3,2,0,0,2,1,3,7,,,
Cléo Melieres,fr FRA,FW,Metz,20,FRA-Ligue 1,31,0,0,1,0,0,0,3,0,,,
Nuno Mendes,pt POR,DF,PSG,23,FRA-Ligue 1,1256,4,5,1,0,20,14,44,15,,,
Antoine Mendy,sn SEN,DF,Nice,21,FRA-Ligue 1,2097,1,0,5,0,35,19,21,7,,,
Formose Mendy,sn SEN,DF,Lorient,24,FRA-Ligue 1,135,0,0,1,0,1,3,1,0,,,
Gideon Mensah,gh GHA,DF,Auxerre,27,FRA-Ligue 1,2327,0,2,8,0,37,23,64,0,,,
Khalis Merah,fr FRA,"MF,FW",Lyon,18,FRA-Ligue 1,1130,0,1,2,0,19,6,13,3,,,
Quentin Merlin,fr FRA,"DF,MF",Rennes,23,FRA-Ligue 1,2533,1,5,2,0,38,29,156,7,,,
Rafik Messali,fr FRA,MF,Toulouse,22,FRA-Ligue 1,502,0,0,2,0,6,12,9,0,,,
Dayann Methalie,fr FRA,MF,Toulouse,19,FRA-Ligue 1,1871,2,1,9,0,30,23,43,7,,,
Thomas Meunier,be BEL,DF,Lille,33,FRA-Ligue 1,1909,2,2,3,0,18,17,51,5,,,
Lucas Michal,fr FRA,FW,Monaco,20,FRA-Ligue 1,59,0,0,0,0,0,0,3,0,,,
Lucas Michal,fr FRA,MF,Metz,20,FRA-Ligue 1,212,0,0,1,0,0,0,1,2,,,
Georges Mikautadze,ge GEO,FW,Lyon,24,FRA-Ligue 1,179,1,0,0,0,0,1,0,4,,,
Takumi Minamino,jp JPN,MF,Monaco,30,FRA-Ligue 1,944,3,2,4,0,3,3,8,7,,,
Tadjidine Mmadi,fr FRA,FW,Marseille,18,FRA-Ligue 1,45,0,0,0,0,1,2,2,0,,,
Terem Moffi,ng NGA,FW,Nice,26,FRA-Ligue 1,488,2,0,0,0,1,0,0,8,,,
Mostafa Mohamed,eg EGY,FW,Nantes,27,FRA-Ligue 1,1152,4,0,1,0,7,7,9,8,,,
Enzo Molebe,fr FRA,FW,Lyon,17,FRA-Ligue 1,10,0,0,0,0,0,0,0,0,,,
Afonso Moreira,pt POR,"MF,FW",Lyon,20,FRA-Ligue 1,1722,4,7,3,0,22,12,119,14,,,
Diego Moreira,be BEL,MF,Strasbourg,20,FRA-Ligue 1,2034,4,6,4,0,25,20,89,11,,,
Tyler Morton,eng ENG,MF,Lyon,22,FRA-Ligue 1,2517,2,2,6,1,29,24,83,8,,,
Daren Mosengo,fr FRA,MF,Le Havre,18,FRA-Ligue 1,108,0,0,0,0,0,1,0,0,,,
Pierre Mounguengue,fr FRA,FW,PSG,17,FRA-Ligue 1,16,0,0,0,0,0,0,0,1,,,
Samir El Mourabet,ma MAR,MF,Strasbourg,19,FRA-Ligue 1,2128,1,2,4,0,37,27,18,1,,,
Louis Mouton,fr FRA,MF,Angers,23,FRA-Ligue 1,1891,2,1,2,1,26,12,31,8,,,
Lionel Mpasi,cd COD,GK,Le Havre,30,FRA-Ligue 1,315,0,0,1,0,0,0,0,0,15,2,1
Ngal'Ayel Mukau,cd COD,MF,Lille,20,FRA-Ligue 1,1534,1,0,3,0,18,14,5,5,,,
Nordan Mukiele,fr FRA,MF,Rennes,19,FRA-Ligue 1,96,1,0,0,0,0,0,2,1,,,
Marshall Munetsi,zw ZIM,MF,Paris FC,29,FRA-Ligue 1,975,4,1,0,0,8,3,0,9,,,
Believe Munongo,fr FRA,MF,Metz,15,FRA-Ligue 1,431,0,0,1,0,7,6,2,1,,,
Yvon Mvogo,ch SUI,GK,Lorient,31,FRA-Ligue 1,2790,0,0,0,0,1,1,0,0,76,43,6
Joel Mvuka,no NOR,"MF,DF",Lorient,22,FRA-Ligue 1,560,0,0,0,0,13,6,12,1,,,
Junior Mwanga,fr FRA,"DF,MF",Strasbourg,22,FRA-Ligue 1,377,0,0,0,0,8,1,4,0,,,
Junior Mwanga,fr FRA,MF,Nantes,22,FRA-Ligue 1,1260,1,1,2,1,14,8,5,3,,,
Bilal Nadir,ma MAR,MF,Marseille,21,FRA-Ligue 1,598,0,4,6,1,9,6,10,1,,,
Mahamadou Nagida,cm CMR,DF,Rennes,20,FRA-Ligue 1,805,0,0,2,0,12,20,20,3,,,
Younes Namli,dk DEN,"FW,MF",Le Havre,31,FRA-Ligue 1,327,0,1,2,0,5,5,21,0,,,
Sebastian Nanasi,se SWE,MF,Strasbourg,23,FRA-Ligue 1,1050,7,2,0,0,4,5,24,11,,,
Noah Nartey,dk DEN,"MF,FW",Lyon,19,FRA-Ligue 1,545,2,0,0,0,6,2,5,2,,,
Youssouf Ndayishimiye,bi BDI,MF,Nice,26,FRA-Ligue 1,72,0,0,0,1,0,2,0,0,,,
Rassoul Ndiaye,sn SEN,MF,Le Havre,23,FRA-Ligue 1,2566,4,4,2,0,32,17,92,9,,,
Quentin Ndjantou,fr FRA,MF,PSG,18,FRA-Ligue 1,360,1,1,1,0,1,2,4,3,,,
Tanguy Ndombele,fr FRA,MF,Nice,28,FRA-Ligue 1,275,0,1,0,0,1,1,1,1,,,
Joseph Nduquidi,fr FRA,MF,Metz,20,FRA-Ligue 1,7,0,0,0,0,0,0,1,0,,,
Loïc Nego,hu HUN,"DF,MF",Le Havre,34,FRA-Ligue 1,2339,0,0,3,0,36,32,78,3,,,
João Neves,pt POR,MF,PSG,20,FRA-Ligue 1,1287,5,1,0,0,14,6,4,6,,,
Mikayil Ngor Faye,sn SEN,MF,Rennes,21,FRA-Ligue 1,8,0,0,0,0,0,0,0,0,,,
Nathan Ngoy,be BEL,DF,Lille,22,FRA-Ligue 1,2405,1,2,10,1,21,38,6,6,,,
Bernard Nguene,cm CMR,FW,Nice,18,FRA-Ligue 1,138,0,0,1,0,1,3,1,0,,,
Moussa Niakhaté,sn SEN,DF,Lyon,29,FRA-Ligue 1,2759,0,2,3,0,22,32,6,0,,,
Samuel Nibombé,be BEL,DF,Monaco,17,FRA-Ligue 1,1,0,0,0,0,0,0,0,0,,,
Rasmus Nicolaisen,dk DEN,DF,Toulouse,28,FRA-Ligue 1,2564,1,0,4,0,16,40,2,5,,,
Obed Nkambadio,fr FRA,GK,Paris FC,22,FRA-Ligue 1,1080,0,0,0,0,0,0,0,0,26,21,1
Tochukwu Nnadi,ng NGA,"MF,DF",Marseille,22,FRA-Ligue 1,351,0,1,1,0,3,3,6,1,,,
Martin Nogoto Bley,bf BFA,MF,Lorient,19,FRA-Ligue 1,1,0,0,0,0,0,0,0,0,,,
Arnaud Nordin,fr FRA,"FW,MF",Rennes,27,FRA-Ligue 1,570,1,2,1,0,6,0,18,5,,,
Tyrese Noubissié,fr FRA,MF,Strasbourg,16,FRA-Ligue 1,58,0,0,1,0,0,2,1,0,,,
Noah Nsoki,fr FRA,MF,PSG,18,FRA-Ligue 1,8,0,0,0,0,1,0,0,0,,,
Ernest Nuamah,gh GHA,"FW,MF",Lyon,21,FRA-Ligue 1,35,0,0,0,0,0,0,2,0,,,
Ethan Nwaneri,eng ENG,MF,Marseille,18,FRA-Ligue 1,324,2,1,1,0,1,3,9,3,,,
Rabby Nzingoula,fr FRA,MF,Strasbourg,19,FRA-Ligue 1,51,0,0,0,1,1,1,2,0,,,
Matt O'Riley,dk DEN,MF,Marseille,24,FRA-Ligue 1,741,1,2,2,0,8,6,7,3,,,
Noam Obougou Jacquet,fr FRA,FW,Le Havre,19,FRA-Ligue 1,104,1,0,0,0,0,1,2,3,,,
Bryan Okoh,ch SUI,DF,Auxerre,22,FRA-Ligue 1,1005,3,0,2,0,9,26,0,3,,,
Tuomas Ollila,fi FIN,DF,Paris FC,25,FRA-Ligue 1,308,0,0,0,0,1,4,9,1,,,
Andrew Omobamidele,ie IRL,DF,Strasbourg,23,FRA-Ligue 1,1357,1,0,4,0,4,16,0,3,,,
Fredrik Oppegard,no NOR,"MF,DF",Auxerre,22,FRA-Ligue 1,1246,0,0,1,1,20,14,48,2,,,
Gabriel Osho,ng NGA,DF,Auxerre,26,FRA-Ligue 1,134,0,0,0,0,3,0,2,0,,,
Ibrahim Osman,gh GHA,"MF,FW",Auxerre,20,FRA-Ligue 1,625,0,2,0,0,7,6,10,6,,,
Abdoul Ouattara,fr FRA,"MF,DF",Strasbourg,19,FRA-Ligue 1,1768,2,0,2,0,13,20,19,11,,,
Kassoum Ouattara,fr FRA,"MF,DF",Monaco,20,FRA-Ligue 1,967,0,3,3,0,19,19,50,0,,,
Elisha Owusu,gh GHA,MF,Auxerre,27,FRA-Ligue 1,2344,0,0,7,0,51,21,1,0,,,
Max Oyedele,pl POL,"MF,DF",Strasbourg,20,FRA-Ligue 1,446,1,0,3,0,8,5,0,1,,,
Berke Özer,tr TUR,GK,Lille,25,FRA-Ligue 1,2834,0,1,5,0,2,0,0,0,70,34,13
Willian Pacho,ec ECU,DF,PSG,23,FRA-Ligue 1,1914,0,0,0,0,26,26,0,1,,,
Kendry Páez,ec ECU,"MF,FW",Strasbourg,18,FRA-Ligue 1,424,1,0,0,0,4,3,18,4,,,
Pablo Pagis,fr FRA,"MF,FW",Lorient,22,FRA-Ligue 1,1756,10,5,1,0,17,18,99,19,,,
Igor Paixão,br BRA,MF,Marseille,25,FRA-Ligue 1,1975,6,5,3,0,12,17,57,23,,,
Emerson Palmieri,it ITA,"DF,MF",Marseille,30,FRA-Ligue 1,2114,0,3,3,0,32,33,122,2,,,
Jahyann Pandore,fr FRA,MF,Metz,17,FRA-Ligue 1,88,1,0,0,0,4,0,3,1,,,
Joaquín Panichelli,ar ARG,FW,Strasbourg,22,FRA-Ligue 1,2193,16,1,3,0,10,13,0,31,,,
Benjamin Pavard,fr FRA,DF,Marseille,29,FRA-Ligue 1,1928,1,2,6,0,12,24,17,3,,,
Timothee Pembele,fr FRA,"MF,DF",Le Havre,22,FRA-Ligue 1,381,0,0,1,0,5,3,6,2,,,
Mike Penders,be BEL,GK,Strasbourg,20,FRA-Ligue 1,2970,0,0,3,0,0,0,0,0,107,47,8
Kojo Peprah Oppong,gh GHA,DF,Nice,21,FRA-Ligue 1,2425,1,0,4,0,28,30,5,3,,,
Everton Pereira,fr FRA,MF,Nice,18,FRA-Ligue 1,135,0,0,0,0,0,3,0,0,,,
Romain Perraud,fr FRA,DF,Lille,27,FRA-Ligue 1,2241,3,4,4,1,31,23,127,12,,,
Gaëtan Perrin,fr FRA,"MF,FW",Lille,29,FRA-Ligue 1,338,1,0,2,0,8,2,35,4,,,
Prosper Peter,ng NGA,FW,Angers,17,FRA-Ligue 1,1273,5,0,0,0,3,4,0,14,,,
Damián Pizarro,cl CHI,FW,Le Havre,20,FRA-Ligue 1,28,0,0,0,0,0,0,0,0,,,
Paul Pogba,fr FRA,MF,Monaco,32,FRA-Ligue 1,119,0,0,0,0,3,1,1,0,,,
Oumar Pona,fr FRA,GK,Angers,19,FRA-Ligue 1,180,0,0,1,0,0,0,0,0,6,7,0
Kenny Quetant,fr FRA,FW,Le Havre,19,FRA-Ligue 1,372,1,0,1,0,0,1,1,2,,,
Adrien Rabiot,fr FRA,MF,Marseille,30,FRA-Ligue 1,90,0,0,1,0,0,0,9,0,,,
Uroš Radaković,rs SRB,DF,Nantes,31,FRA-Ligue 1,101,0,0,0,0,2,4,0,0,,,
Ugo Raghouber,fr FRA,MF,Lille,22,FRA-Ligue 1,3,0,0,0,0,0,0,0,0,,,
Gonçalo Ramos,pt POR,FW,PSG,24,FRA-Ligue 1,1318,6,1,4,1,14,5,1,25,,,
Lilian Raolisoa,fr FRA,"MF,DF",Angers,25,FRA-Ligue 1,1966,2,4,3,0,31,14,99,5,,,
Guillaume Restes,fr FRA,GK,Toulouse,20,FRA-Ligue 1,2939,0,0,3,0,0,1,0,0,84,45,9
Alexsandro Ribeiro,br BRA,DF,Lille,25,FRA-Ligue 1,509,0,0,0,1,9,11,1,2,,,
Fabian Rieder,ch SUI,MF,Rennes,23,FRA-Ligue 1,133,0,0,0,0,2,2,1,0,,,
Robin Risser,fr FRA,GK,Lens,20,FRA-Ligue 1,2970,0,1,2,0,0,0,0,0,76,35,11
Ryan Rodin,fr FRA,MF,Auxerre,19,FRA-Ligue 1,26,0,0,0,0,0,0,0,0,,,
Valentin Rongier,fr FRA,MF,Rennes,30,FRA-Ligue 1,2745,2,5,6,0,48,36,21,10,,,
Pablo Rosario,do DOM,"DF,MF",Nice,28,FRA-Ligue 1,28,0,0,0,0,0,0,0,1,,,
Lucas Rosier,fr FRA,FW,Rennes,18,FRA-Ligue 1,2,0,0,0,0,0,0,0,0,,,
Anthony Rouault,fr FRA,DF,Rennes,24,FRA-Ligue 1,1724,1,0,4,0,13,18,0,3,,,
Jonathan Rowe,eng ENG,FW,Marseille,22,FRA-Ligue 1,62,0,0,0,0,0,1,4,0,,,
Fabián Ruiz Peña,es ESP,MF,PSG,29,FRA-Ligue 1,1131,1,4,2,0,11,17,21,4,,,
Gerónimo Rulli,ar ARG,GK,Marseille,33,FRA-Ligue 1,2610,0,0,3,0,0,0,0,0,76,34,8
Jacen Russell-Rowe,ca CAN,FW,Toulouse,22,FRA-Ligue 1,472,1,0,0,0,3,1,3,4,,,
Idrissa Sabaly,fr FRA,MF,Strasbourg,17,FRA-Ligue 1,56,0,0,0,0,1,1,2,0,,,
Matvei Safonov,ru RUS,GK,PSG,26,FRA-Ligue 1,1350,0,0,0,0,0,0,0,0,40,14,8
Osame Sahraoui,ma MAR,MF,Lille,24,FRA-Ligue 1,505,1,2,0,0,3,4,3,4,,,
Wesley Saïd,fr FRA,MF,Lens,30,FRA-Ligue 1,1991,12,2,2,0,15,9,22,27,,,
Allan Saint-Maximin,fr FRA,MF,Lens,28,FRA-Ligue 1,410,3,3,0,0,0,0,24,3,,,
Mathis Saka,fr FRA,FW,Toulouse,18,FRA-Ligue 1,8,0,0,0,0,0,0,0,0,,,
Ibrahim Salah,ma MAR,MF,Rennes,23,FRA-Ligue 1,35,0,0,0,0,1,0,0,0,,,
Mohammed Salisu,gh GHA,DF,Monaco,26,FRA-Ligue 1,1080,1,0,3,0,11,19,0,2,,,
Mbwana Samatta,tz TAN,FW,Le Havre,32,FRA-Ligue 1,1542,2,1,4,0,6,4,7,16,,,
Mama Samba Baldé,gw GNB,"FW,MF",Brest,29,FRA-Ligue 1,716,2,2,0,0,7,5,3,5,,,
Brice Samba,fr FRA,GK,Rennes,31,FRA-Ligue 1,2880,0,0,5,0,1,0,0,0,84,44,10
Ibou Sané,sn SEN,"FW,MF",Metz,20,FRA-Ligue 1,541,1,1,2,0,3,1,14,3,,,
Sadibou Sané,sn SEN,DF,Metz,21,FRA-Ligue 1,1940,2,1,5,2,34,39,4,2,,,
Arouna Sangante,sn SEN,DF,Le Havre,23,FRA-Ligue 1,2324,1,1,4,2,25,36,8,5,,,
Mamadou Sangare,ml MLI,MF,Lens,23,FRA-Ligue 1,2323,3,4,5,0,54,40,7,14,,,
Nhoa Sangui,fr FRA,DF,Paris FC,19,FRA-Ligue 1,1737,0,0,0,0,14,21,37,1,,,
Morgan Sanson,fr FRA,MF,Nice,30,FRA-Ligue 1,1772,0,2,4,0,25,24,39,4,,,
Tiago Santos,pt POR,DF,Lille,23,FRA-Ligue 1,709,0,0,0,0,8,5,32,0,,,
Bouna Sarr,sn SEN,"MF,DF",Metz,33,FRA-Ligue 1,895,0,0,1,0,13,11,31,3,,,
Malang Sarr,fr FRA,DF,Lens,26,FRA-Ligue 1,2925,0,1,4,0,44,76,10,5,,,
Mamadou Sarr,sn SEN,DF,Strasbourg,19,FRA-Ligue 1,1305,0,0,3,0,13,5,0,0,,,
Martin Satriano,uy URU,FW,Lyon,24,FRA-Ligue 1,692,2,1,1,0,3,5,5,7,,,
Mario Sauer,sk SVK,MF,Toulouse,21,FRA-Ligue 1,651,1,0,4,0,6,10,7,3,,,
Amine Sbai,ma MAR,"MF,FW",Angers,24,FRA-Ligue 1,1818,3,1,3,1,10,4,59,16,,,
Alidu Seidu,gh GHA,DF,Rennes,25,FRA-Ligue 1,1186,0,1,1,0,22,17,11,1,,,
Ayumu Seko,jp JPN,"MF,DF",Le Havre,25,FRA-Ligue 1,2625,0,0,6,0,24,35,5,6,,,
Marvin Senaya,gh GHA,"DF,MF",Auxerre,24,FRA-Ligue 1,1780,1,0,5,0,31,34,42,5,,,
Djibril Sidibé,fr FRA,"MF,DF",Toulouse,33,FRA-Ligue 1,2141,3,4,1,0,32,18,57,5,,,
Francisco Sierralta,cl CHI,DF,Auxerre,28,FRA-Ligue 1,861,1,0,2,0,6,9,0,2,,,
Mathys Silestrie,fr FRA,GK,Rennes,19,FRA-Ligue 1,180,0,0,0,0,0,0,0,0,8,6,0
Abdallah Sima,sn SEN,"MF,FW",Lens,24,FRA-Ligue 1,718,2,2,3,0,5,1,14,9,,,
Moses Simon,ng NGA,"MF,FW",Paris FC,30,FRA-Ligue 1,2001,3,3,1,0,11,8,143,11,,,
Dan Sinaté,fr FRA,DF,Angers,19,FRA-Ligue 1,33,0,0,0,0,0,0,1,0,,,
Lassine Sinayoko,ml MLI,"FW,MF",Auxerre,25,FRA-Ligue 1,2770,12,4,8,0,26,26,32,39,,,
Ibrahima Sissoko,ml MLI,"MF,DF",Nantes,27,FRA-Ligue 1,803,0,0,4,0,7,16,6,0,,,
Telli Siwe,fr FRA,DF,Auxerre,20,FRA-Ligue 1,315,0,0,0,0,4,5,0,1,,,
Mezian Soares,pt POR,MF,Lens,15,FRA-Ligue 1,12,1,0,0,0,0,0,0,1,,,
Florian Sotoca,fr FRA,"MF,FW",Lens,34,FRA-Ligue 1,507,1,0,1,0,4,7,11,1,,,
Sambou Soumano,sn SEN,FW,Lorient,24,FRA-Ligue 1,941,4,2,2,0,4,4,0,10,,,
Issa Soumaré,sn SEN,"FW,MF",Le Havre,24,FRA-Ligue 1,2948,8,5,3,0,20,12,61,28,,,
Benjamin Stambouli,fr FRA,MF,Metz,34,FRA-Ligue 1,960,0,0,0,0,16,9,8,1,,,
Pavel Šulc,cz CZE,"FW,MF",Lyon,24,FRA-Ligue 1,1566,11,3,3,0,13,6,13,18,,,
Lamine Sy,mr MTN,DF,Auxerre,22,FRA-Ligue 1,1536,0,0,1,0,29,26,47,2,,,
Abakar Sylla,ci CIV,DF,Strasbourg,22,FRA-Ligue 1,2,0,0,0,0,0,0,0,0,,,
Abakar Sylla,ci CIV,DF,Nantes,22,FRA-Ligue 1,65,0,0,0,0,0,0,0,0,,,
Fodé Sylla,fr FRA,MF,Lens,19,FRA-Ligue 1,99,0,0,0,0,6,3,0,0,,,
Sebastian Szymański,pl POL,MF,Rennes,26,FRA-Ligue 1,776,1,3,2,0,10,3,56,5,,,
Musa Al-Taamari,jo JOR,"MF,FW",Rennes,28,FRA-Ligue 1,2212,6,6,4,0,16,11,86,23,,,
Nicolás Tagliafico,ar ARG,DF,Lyon,32,FRA-Ligue 1,1310,0,3,5,2,14,17,20,1,,,
Montassar Talbi,tn TUN,DF,Lorient,27,FRA-Ligue 1,2610,0,1,3,0,19,27,5,2,,,
Tylel Tati,fr FRA,DF,Nantes,17,FRA-Ligue 1,1721,0,0,5,1,13,14,1,0,,,
Tanner Tessmann,us USA,MF,Lyon,23,FRA-Ligue 1,1953,1,0,2,0,21,13,17,8,,,
Jordan Teze,nl NED,"MF,DF",Monaco,25,FRA-Ligue 1,2489,1,2,8,0,45,30,64,5,,,
Florian Thauvin,fr FRA,MF,Lens,32,FRA-Ligue 1,2443,11,6,6,0,17,11,202,27,,,
Adrien Thomasson,fr FRA,MF,Lens,31,FRA-Ligue 1,2683,3,9,11,0,56,20,121,13,,,
Cheikh Tidiane Sabaly,sn SEN,"MF,FW",Metz,26,FRA-Ligue 1,967,0,2,2,0,13,3,14,4,,,
Quinten Timber,nl NED,MF,Marseille,24,FRA-Ligue 1,1105,0,0,4,0,17,9,7,2,,,
Corentin Tolisso,fr FRA,MF,Lyon,30,FRA-Ligue 1,2302,11,4,4,0,18,17,49,27,,,
Abdoulaye Touré,gn GUI,MF,Le Havre,31,FRA-Ligue 1,740,2,0,2,0,6,10,13,4,,,
Alpha Touré,sn SEN,MF,Metz,19,FRA-Ligue 1,1606,0,1,5,0,23,10,13,1,,,
Ilane Touré,fr FRA,MF,Monaco,18,FRA-Ligue 1,35,0,0,0,0,0,0,4,0,,,
Ousmane Toure,fr FRA,DF,Lille,20,FRA-Ligue 1,51,0,0,0,0,0,2,0,0,,,
Souleymane Touré,fr FRA,DF,Lorient,22,FRA-Ligue 1,29,0,0,0,0,0,0,0,0,,,
Lucas Tousart,fr FRA,"MF,DF",Brest,28,FRA-Ligue 1,834,1,0,0,0,12,9,3,3,,,
Boubacar Traoré,ml MLI,MF,Metz,23,FRA-Ligue 1,1387,1,0,4,0,26,15,2,3,,,
Hamari Traoré,ml MLI,DF,Paris FC,33,FRA-Ligue 1,1150,0,1,4,0,22,18,27,0,,,
Kevin Trapp,de GER,GK,Paris FC,35,FRA-Ligue 1,1980,0,0,2,0,0,1,0,0,56,29,7
Heorhii Tsitaishvili,ge GEO,"MF,DF",Metz,24,FRA-Ligue 1,2449,3,2,3,0,12,14,160,8,,,
Matthieu Udol,fr FRA,"MF,DF",Lens,29,FRA-Ligue 1,3002,1,7,2,0,21,51,115,17,,,
Vanderson,br BRA,"DF,MF",Monaco,24,FRA-Ligue 1,616,0,2,4,0,13,19,33,0,,,
Charles Vanhoutte,be BEL,MF,Nice,26,FRA-Ligue 1,1772,0,2,7,0,28,21,13,1,,,
Robinio Vaz,fr FRA,FW,Marseille,18,FRA-Ligue 1,379,4,2,2,0,4,3,4,6,,,
Calvin Verdonk,id IDN,DF,Lille,28,FRA-Ligue 1,790,0,0,3,1,10,15,30,1,,,
Arthur Vermeeren,be BEL,MF,Marseille,20,FRA-Ligue 1,828,0,1,1,1,11,11,3,1,,,
Julián Vignolo,ar ARG,MF,Toulouse,18,FRA-Ligue 1,195,2,0,0,0,3,0,10,7,,,
Vitinha,pt POR,MF,PSG,25,FRA-Ligue 1,2119,1,7,2,0,20,26,21,10,,,
Alexis Vossah,fr FRA,MF,Toulouse,17,FRA-Ligue 1,1092,1,1,5,1,7,7,6,2,,,
Elye Wahi,ci CIV,FW,Nice,22,FRA-Ligue 1,922,5,1,5,0,4,2,9,15,,,
Timothy Weah,us USA,"MF,DF",Marseille,25,FRA-Ligue 1,2253,2,2,5,0,35,15,62,10,,,
Christopher Wooh,cm CMR,DF,Rennes,23,FRA-Ligue 1,64,0,0,0,1,0,0,0,0,,,
Daniel Xavier Semedo,fr FRA,MF,Lorient,21,FRA-Ligue 1,11,0,0,0,0,0,1,0,0,,,
Roman Yaremchuk,ua UKR,FW,Lyon,29,FRA-Ligue 1,561,4,1,1,0,3,0,1,6,,,
Gessime Yassine,ma MAR,MF,Strasbourg,19,FRA-Ligue 1,510,0,1,0,0,9,1,18,1,,,
Terry Yegbe,gh GHA,DF,Metz,24,FRA-Ligue 1,1963,0,1,3,0,7,22,5,2,,,
Bertuğ Yıldırım,tr TUR,FW,Rennes,23,FRA-Ligue 1,3,0,0,0,0,0,0,0,0,,,
Darlin Yongwa,cm CMR,"DF,MF",Lorient,24,FRA-Ligue 1,1312,0,1,4,1,24,11,38,2,,,
Ali Yousuf,ly LBY,DF,Nantes,24,FRA-Ligue 1,969,0,0,4,0,7,18,1,1,,,
Etienne Youte Kinkoue,fr FRA,"DF,MF",Le Havre,23,FRA-Ligue 1,419,0,0,2,0,3,1,0,0,,,
Illia Zabarnyi,ua UKR,DF,PSG,22,FRA-Ligue 1,2387,1,0,6,0,20,20,0,3,,,
Yassir Zabiri,ma MAR,MF,Rennes,20,FRA-Ligue 1,48,0,0,0,0,1,0,1,2,,,
Yvan Zaddy,ci CIV,MF,Auxerre,19,FRA-Ligue 1,1,0,0,0,0,0,0,0,0,,,
Stephan Zagadou,fr FRA,DF,Le Havre,16,FRA-Ligue 1,495,1,0,0,1,5,1,0,1,,,
Warren Zaïre-Emery,fr FRA,"DF,MF",PSG,19,FRA-Ligue 1,2447,3,4,3,0,29,11,15,7,,,
Denis Zakaria,ch SUI,"DF,MF",Monaco,28,FRA-Ligue 1,2031,2,1,4,1,25,45,11,3,,,
Melvin Zinga,fr FRA,GK,Angers,23,FRA-Ligue 1,222,0,0,0,0,1,0,0,0,8,5,0
Luck Zogbé,ci CIV,DF,Brest,20,FRA-Ligue 1,288,0,0,0,0,5,3,11,0,,,
Yanis Zouaoui,dz ALG,"DF,MF",Le Havre,27,FRA-Ligue 1,2338,1,1,7,0,30,27,182,5,,,
Myenty Abena,sr SUR,DF,Gaziantep,30,TUR-Super Lig,1926,1,1,2,1,22,15,1,2,,,
Tammy Abraham,eng ENG,FW,Beşiktaş,27,TUR-Super Lig,1247,7,1,3,0,2,6,4,16,,,
Yaw Ackah,gh GHA,MF,Kayserispor,26,TUR-Super Lig,184,0,0,0,0,0,1,0,1,,,
Emmanuel Agbadou,ci CIV,DF,Beşiktaş,28,TUR-Super Lig,1091,1,1,4,0,15,17,3,4,,,
Dan Agyei,gh GHA,"MF,FW",Kocaelispor,28,TUR-Super Lig,2122,5,0,1,0,3,4,65,17,,,
Youssef Aït Bennasser,ma MAR,"MF,DF",Kayserispor,29,TUR-Super Lig,1468,0,0,7,0,14,17,7,0,,,
Samet Akaydın,tr TUR,DF,Rizespor,31,TUR-Super Lig,2566,3,1,11,1,25,61,1,7,,,
Emre Akbaba,tr TUR,"MF,FW",Eyüpspor,32,TUR-Super Lig,992,4,0,3,0,22,10,34,10,,,
Halil Akbunar,tr TUR,"MF,FW",Eyüpspor,31,TUR-Super Lig,507,2,0,1,0,9,2,9,3,,,
Yusuf Akçiçek,tr TUR,DF,Fenerbahçe,19,TUR-Super Lig,90,0,0,0,0,0,1,0,0,,,
Ümit Akdag,ro ROU,DF,Alanyaspor,21,TUR-Super Lig,2621,1,2,8,0,24,34,30,2,,,
Tuğbey Akgün,tr TUR,MF,Karagümrük,22,TUR-Super Lig,5,0,0,0,0,0,0,0,0,,,
Yunus Akgün,tr TUR,MF,Galatasaray,25,TUR-Super Lig,1813,7,9,1,0,13,10,41,11,,,
Gökhan Akkan,tr TUR,GK,Gençlerbirliği,30,TUR-Super Lig,360,0,0,1,0,0,0,0,0,7,8,0
Muhammet Akmelek,,FW,Gaziantep,16,TUR-Super Lig,13,0,0,1,0,0,0,0,0,,,
Fatih Aksoy,tr TUR,"DF,MF",Alanyaspor,27,TUR-Super Lig,840,0,0,3,0,8,14,5,2,,,
Kerem Aktürkoğlu,tr TUR,"MF,FW",Fenerbahçe,26,TUR-Super Lig,1950,8,7,3,0,14,9,126,22,,,
Kaan Akyazi,,FW,Konyaspor,19,TUR-Super Lig,25,0,0,0,0,2,0,1,0,,,
Ufuk Akyol,de GER,MF,Konyaspor,27,TUR-Super Lig,2,0,0,0,0,0,0,0,0,,,
Enes Albak,tr TUR,DF,Samsunspor,20,TUR-Super Lig,27,0,0,0,0,0,0,1,0,,,
Danijel Aleksić,rs SRB,MF,Konyaspor,34,TUR-Super Lig,195,1,0,0,0,2,1,1,2,,,
Ömer Ali Şahiner,tr TUR,DF,Başakşehir,33,TUR-Super Lig,1836,2,0,5,0,14,13,34,4,,,
Xusniddin Aliqulov,uz UZB,DF,Rizespor,26,TUR-Super Lig,426,0,0,4,0,2,13,3,1,,,
Fidan Aliti,xk KVX,DF,Alanyaspor,31,TUR-Super Lig,2672,0,1,10,0,23,39,12,3,,,
Jim Allevinah,ga GAB,MF,Kasımpaşa,30,TUR-Super Lig,248,1,0,2,0,6,3,7,2,,,
Barış Alper Yılmaz,tr TUR,"MF,FW",Galatasaray,25,TUR-Super Lig,2306,8,11,7,0,13,3,131,24,,,
Taha Altıkardeş,tr TUR,DF,Göztepe,21,TUR-Super Lig,1383,1,0,0,0,13,29,14,3,,,
Metehan Altunbaş,tr TUR,"MF,FW",Eyüpspor,22,TUR-Super Lig,1000,7,0,5,0,19,11,2,11,,,
Edson Álvarez,mx MEX,MF,Fenerbahçe,27,TUR-Super Lig,762,0,1,4,0,18,16,2,5,,,
Michael Amir Murillo,pa PAN,DF,Beşiktaş,29,TUR-Super Lig,958,1,1,4,0,8,6,29,4,,,
Sofyan Amrabat,ma MAR,MF,Fenerbahçe,28,TUR-Super Lig,97,0,0,0,0,0,2,2,0,,,
Charles André Raux,fr FRA,MF,Eyüpspor,23,TUR-Super Lig,503,2,0,3,0,7,3,6,4,,,
Yhoan Andzouana,cg CGO,"DF,MF",Konyaspor,28,TUR-Super Lig,2615,2,4,3,0,21,20,92,8,,,
Seyfettin Anıl Yaşar,tr TUR,DF,Eyüpspor,23,TUR-Super Lig,355,0,0,1,1,6,7,0,1,,,
Taylan Antalyalı,tr TUR,MF,Rizespor,30,TUR-Super Lig,1301,0,0,4,0,17,20,8,3,,,
Alexis Antunes,ch SUI,MF,Göztepe,25,TUR-Super Lig,690,1,1,2,0,11,7,33,8,,,
Aaron Appindangoyé,ga GAB,DF,Kocaelispor,33,TUR-Super Lig,315,0,0,0,0,1,5,0,1,,,
Adem Arous,tn TUN,DF,Kasımpaşa,21,TUR-Super Lig,1670,1,0,2,0,22,24,4,1,,,
Marco Asensio,es ESP,MF,Fenerbahçe,29,TUR-Super Lig,1871,11,12,2,0,8,11,125,26,,,
Kristjan Asllani,al ALB,MF,Beşiktaş,23,TUR-Super Lig,895,2,2,0,1,4,10,17,3,,,
Yaser Asprilla,co COL,MF,Galatasaray,21,TUR-Super Lig,159,0,0,0,0,0,2,6,1,,,
Kouadou Assoumou,fr FRA,"MF,FW",Samsunspor,22,TUR-Super Lig,366,1,0,0,0,3,4,8,2,,,
Felipe Augusto,br BRA,"MF,FW",Trabzonspor,21,TUR-Super Lig,2185,13,0,1,0,18,11,18,30,,,
Loide Augusto,ao ANG,"MF,FW",Rizespor,25,TUR-Super Lig,1160,3,2,5,0,5,1,43,8,,,
Furkan Ayaz,,,Gençlerbirliği,15,TUR-Super Lig,20,0,0,0,0,0,0,0,0,,,
Egemen Aydın,tr TUR,GK,Konyaspor,18,TUR-Super Lig,6,0,0,0,0,0,0,0,0,2,0,0
Eyüp Aydın,tr TUR,MF,Samsunspor,20,TUR-Super Lig,326,0,0,1,0,6,4,3,2,,,
Eyüp Aydın,tr TUR,MF,Kasımpaşa,20,TUR-Super Lig,76,0,0,0,0,4,1,3,0,,,
Oğuz Aydın,tr TUR,"MF,DF",Fenerbahçe,24,TUR-Super Lig,651,0,2,2,0,8,2,48,5,,,
Taylan Aydın,tr TUR,DF,Kasımpaşa,19,TUR-Super Lig,8,0,0,0,0,0,0,0,0,,,
Soner Aydoğdu,tr TUR,MF,Samsunspor,34,TUR-Super Lig,105,0,0,0,0,2,0,7,0,,,
Kaan Ayhan,tr TUR,"MF,DF",Galatasaray,30,TUR-Super Lig,394,1,0,1,0,9,4,5,1,,,
Ousseynou Ba,sn SEN,DF,Başakşehir,29,TUR-Super Lig,1094,0,0,7,1,5,20,0,1,,,
Mame Baba Thiam,sn SEN,"FW,MF",Eyüpspor,32,TUR-Super Lig,1178,2,0,4,0,9,6,10,11,,,
Shavy Babicka,ga GAB,"MF,FW",Karagümrük,25,TUR-Super Lig,856,1,1,0,0,7,5,7,4,,,
Juninho Bacuna,cw CUW,MF,Gaziantep,27,TUR-Super Lig,219,0,0,1,0,5,4,9,2,,,
Bünyamin Balcı,tr TUR,DF,Antalyaspor,25,TUR-Super Lig,2349,0,4,5,0,37,28,56,2,,,
Jure Balkovec,si SVN,DF,Karagümrük,30,TUR-Super Lig,1511,0,0,7,1,12,14,30,3,,,
Samuel Ballet,ch SUI,"MF,FW",Antalyaspor,24,TUR-Super Lig,1721,5,0,10,0,38,15,31,11,,,
Botond Balogh,hu HUN,DF,Kocaelispor,23,TUR-Super Lig,1657,0,0,6,0,21,23,1,0,,,
Metehan Baltacı,tr TUR,DF,Galatasaray,22,TUR-Super Lig,26,0,0,0,0,1,1,0,0,,,
Rayyan Baniya,,DF,Konyaspor,26,TUR-Super Lig,130,0,0,0,0,0,2,0,1,,,
Rayyan Baniya,,DF,Trabzonspor,26,TUR-Super Lig,218,0,0,0,0,1,2,0,0,,,
Yusuf Barasi,tr TUR,MF,Kasımpaşa,22,TUR-Super Lig,275,0,0,2,0,1,4,9,2,,,
Abdülkerim Bardakcı,tr TUR,DF,Galatasaray,30,TUR-Super Lig,2541,0,1,5,0,26,25,28,5,,,
Enis Bardhi,mk MKD,MF,Konyaspor,30,TUR-Super Lig,2052,5,4,5,1,17,11,102,19,,,
Boran Başkan,tr TUR,DF,Trabzonspor,19,TUR-Super Lig,93,0,0,0,0,1,1,3,0,,,
Arsenii Batahov,ua UKR,DF,Trabzonspor,23,TUR-Super Lig,2115,0,2,1,0,31,29,4,3,,,
Bilal Bayazit,nl NED,GK,Kayserispor,26,TUR-Super Lig,2520,0,0,5,0,1,0,0,0,102,49,7
Furkan Bayır,tr TUR,DF,Göztepe,25,TUR-Super Lig,338,0,0,2,0,2,3,0,1,,,
Ogün Bayrak,,"MF,DF",Göztepe,26,TUR-Super Lig,554,0,1,1,0,7,6,25,0,,,
Riechedly Bazoer,cw CUW,"DF,MF",Konyaspor,28,TUR-Super Lig,924,0,0,7,1,9,11,4,1,,,
Rodrigo Becão,br BRA,DF,Fenerbahçe,29,TUR-Super Lig,7,0,0,0,0,0,0,0,0,,,
Rodrigo Becão,br BRA,DF,Kasımpaşa,29,TUR-Super Lig,1112,0,1,4,1,9,8,1,0,,,
Efkan Bekiroğlu,,MF,Göztepe,29,TUR-Super Lig,1062,3,3,3,0,8,5,61,7,,,
Furkan Bekleviç,tr TUR,GK,Karagümrük,26,TUR-Super Lig,180,0,0,0,0,0,0,0,0,3,1,1
Mortadha Ben Ouanes,tn TUN,MF,Kasımpaşa,31,TUR-Super Lig,2272,2,6,8,1,13,26,66,4,,,
Adrian Benedyczak,pl POL,"FW,MF",Kasımpaşa,24,TUR-Super Lig,1155,10,1,1,0,9,4,11,18,,,
László Bénes,sk SVK,MF,Kayserispor,27,TUR-Super Lig,2577,7,2,3,1,14,27,126,27,,,
El Bilal Touré,ml MLI,"MF,FW",Beşiktaş,23,TUR-Super Lig,1647,5,4,4,1,10,2,10,24,,,
Tayfur Bingöl,tr TUR,"MF,FW",Kocaelispor,32,TUR-Super Lig,2121,5,2,7,0,23,15,22,18,,,
Davide Biraschi,it ITA,DF,Karagümrük,31,TUR-Super Lig,1144,0,0,1,0,7,19,2,1,,,
Morten Bjørlo,no NOR,MF,Konyaspor,29,TUR-Super Lig,1335,0,3,4,0,5,10,8,1,,,
Emmanuel Boateng,gh GHA,FW,Gaziantep,29,TUR-Super Lig,472,1,0,2,0,2,0,1,4,,,
Sacha Boey,fr FRA,DF,Galatasaray,24,TUR-Super Lig,561,1,0,0,0,12,2,9,2,,,
Malcom Bokélé,cm CMR,DF,Göztepe,25,TUR-Super Lig,2648,3,0,10,1,12,30,14,5,,,
Yohan Boli,ci CIV,FW,Antalyaspor,31,TUR-Super Lig,883,2,1,0,0,5,0,1,5,,,
Toni Borevkovic,hr CRO,DF,Samsunspor,28,TUR-Super Lig,1139,1,0,2,0,11,16,0,1,,,
Arif Boşluk,,DF,Trabzonspor,22,TUR-Super Lig,370,0,0,0,0,15,3,5,0,,,
Arif Boşluk,,DF,Konyaspor,22,TUR-Super Lig,772,0,0,3,0,20,11,7,0,,,
Melih Bostan,tr TUR,FW,Konyaspor,21,TUR-Super Lig,120,0,0,0,0,2,0,4,0,,,
Salem Bouajila,fi FIN,FW,Göztepe,17,TUR-Super Lig,17,0,0,1,0,0,0,0,0,,,
Benjamin Bouchouari,ma MAR,MF,Trabzonspor,23,TUR-Super Lig,620,0,0,1,1,8,4,3,3,,,
Umut Bozok,tr TUR,FW,Eyüpspor,28,TUR-Super Lig,2102,6,6,4,0,5,5,5,20,,,
Joshua Brenet,cw CUW,"DF,MF",Kayserispor,31,TUR-Super Lig,798,0,2,1,0,1,10,16,0,,,
Ivan Brnić,hr CRO,MF,Başakşehir,23,TUR-Super Lig,945,4,3,0,0,1,7,89,9,,,
Archie Brown,eng ENG,"DF,MF",Fenerbahçe,23,TUR-Super Lig,1533,3,2,5,0,24,7,85,7,,,
İsmail Buğa,,MF,Konyaspor,18,TUR-Super Lig,113,0,0,0,0,1,0,2,0,,,
Tahsin Bülbül,,MF,Samsunspor,19,TUR-Super Lig,84,0,0,1,0,1,1,2,0,,,
Muhamed Buljubasic,ba BIH,MF,Rizespor,21,TUR-Super Lig,796,0,0,1,0,8,8,7,3,,,
Emrecan Bulut,,"MF,FW",Rizespor,23,TUR-Super Lig,590,1,2,1,0,7,3,13,5,,,
Onur Bulut,tr TUR,DF,Başakşehir,31,TUR-Super Lig,979,0,1,1,0,12,9,26,1,,,
Taylan Bulut,de GER,DF,Beşiktaş,19,TUR-Super Lig,445,0,0,0,0,7,1,9,1,,,
Abdulsamet Burak,,DF,Kayserispor,29,TUR-Super Lig,375,0,0,3,0,3,6,5,0,,,
Mustafa Burak Bozan,,GK,Gaziantep,24,TUR-Super Lig,1233,0,1,2,1,0,1,0,0,45,24,3
Cafú,pt POR,MF,Kasımpaşa,32,TUR-Super Lig,1326,0,1,6,2,6,10,43,3,,,
Oğulcan Çağlayan,tr TUR,FW,Kocaelispor,29,TUR-Super Lig,196,0,0,1,0,0,0,2,0,,,
Uğurcan Çakır,tr TUR,GK,Galatasaray,29,TUR-Super Lig,2250,0,0,4,0,0,0,0,0,67,21,8
Uğurcan Çakır,tr TUR,GK,Trabzonspor,29,TUR-Super Lig,360,0,0,0,0,0,0,0,0,9,1,3
Onuralp Çakiroğlu,tr TUR,FW,Trabzonspor,17,TUR-Super Lig,26,0,0,0,0,0,0,2,0,,,
Lucas Calegari,br BRA,"DF,MF",Eyüpspor,23,TUR-Super Lig,1613,1,2,1,0,19,16,53,4,,,
Josip Čalušić,hr CRO,DF,Konyaspor,31,TUR-Super Lig,298,0,0,1,0,2,5,0,0,,,
João Camacho,pt POR,MF,Karagümrük,31,TUR-Super Lig,319,0,0,1,0,1,3,8,2,,,
Drissa Camara,ci CIV,MF,Gaziantep,23,TUR-Super Lig,1732,3,6,6,1,20,11,18,24,,,
İrfan Can Eğribayat,tr TUR,GK,Samsunspor,27,TUR-Super Lig,270,0,0,0,0,0,0,0,0,7,6,0
İrfan Can Eğribayat,tr TUR,GK,Fenerbahçe,27,TUR-Super Lig,270,0,0,0,0,0,0,0,0,2,3,1
İrfan Can Kahveci,tr TUR,MF,Fenerbahçe,30,TUR-Super Lig,285,0,0,0,0,3,1,21,2,,,
İrfan Can Kahveci,tr TUR,MF,Kasımpaşa,30,TUR-Super Lig,1365,2,3,5,0,15,8,78,8,,,
Mesut Can Tunalı,,MF,Kocaelispor,24,TUR-Super Lig,45,0,0,0,0,0,0,0,0,,,
Cihan Çanak,tr TUR,MF,Gençlerbirliği,20,TUR-Super Lig,443,0,0,0,0,4,4,10,1,,,
Cihan Çanak,tr TUR,MF,Trabzonspor,20,TUR-Super Lig,42,0,0,0,0,0,0,1,0,,,
Atakan Çankaya,tr TUR,DF,Karagümrük,27,TUR-Super Lig,1530,1,1,3,0,21,26,16,3,,,
Erdem Canpolat,de GER,GK,Rizespor,24,TUR-Super Lig,630,0,0,2,0,0,0,0,0,22,10,2
Miguel Cardoso,pt POR,"MF,FW",Kayserispor,31,TUR-Super Lig,2852,2,6,6,0,25,8,266,23,,,
Lionel Carole,fr FRA,DF,Kayserispor,34,TUR-Super Lig,1900,0,0,3,0,24,31,23,0,,,
Ebrima Ceesay,gm GAM,FW,Samsunspor,19,TUR-Super Lig,8,0,0,0,0,0,0,0,0,,,
Jesper Ceesay,gm GAM,MF,Antalyaspor,23,TUR-Super Lig,2143,0,0,4,0,32,34,5,2,,,
Cihat Çelik,nl NED,MF,Kocaelispor,29,TUR-Super Lig,13,0,0,0,0,0,0,0,0,,,
İzzet Çelik,tr TUR,MF,Alanyaspor,21,TUR-Super Lig,175,0,0,0,0,6,3,1,0,,,
Yiğit Çeltik,tr TUR,MF,Kayserispor,22,TUR-Super Lig,19,0,0,0,0,1,0,1,0,,,
Václav Černý,cz CZE,MF,Beşiktaş,27,TUR-Super Lig,1991,5,8,1,0,12,12,82,26,,,
Tarık Çetin,tr TUR,GK,Fenerbahçe,28,TUR-Super Lig,180,0,0,1,0,0,0,0,0,9,1,1
Onuralp Çevikkan,tr TUR,GK,Trabzonspor,19,TUR-Super Lig,90,0,0,0,0,0,0,0,0,3,3,0
Fyodor Chalov,ru RUS,"FW,MF",Kayserispor,27,TUR-Super Lig,854,2,1,1,0,2,3,6,7,,,
Muhammed Cham,at AUT,MF,Trabzonspor,24,TUR-Super Lig,5,0,0,0,0,0,0,1,0,,,
Sidiki Cherif,fr FRA,FW,Fenerbahçe,18,TUR-Super Lig,647,2,0,0,0,3,1,10,8,,,
Amine Cherni,tn TUN,MF,Göztepe,24,TUR-Super Lig,2996,0,4,1,0,29,21,222,6,,,
Darko Churlinov,mk MKD,"MF,FW",Kocaelispor,25,TUR-Super Lig,1059,0,3,2,0,8,5,37,4,,,
Kayra Cihan,tr TUR,DF,Kayserispor,17,TUR-Super Lig,96,0,0,0,0,4,5,0,0,,,
Mirza Cihan,,FW,Gaziantep,24,TUR-Super Lig,25,0,0,0,0,0,1,0,0,,,
Muharrem Cinan,,DF,Kocaelispor,27,TUR-Super Lig,404,0,0,2,0,8,4,36,0,,,
Anıl Çınar,,DF,Karagümrük,22,TUR-Super Lig,1103,2,0,4,0,10,14,0,2,,,
Ramazan Civelek,tr TUR,"DF,MF",Kayserispor,29,TUR-Super Lig,2141,0,2,7,0,21,25,37,1,,,
Luccas Claro,br BRA,DF,Eyüpspor,33,TUR-Super Lig,1417,1,0,3,0,8,16,0,1,,,
Omer Çobanoglu,,MF,Konyaspor,18,TUR-Super Lig,1,0,0,0,0,0,0,0,0,,,
Kamil Çörekçi,tr TUR,DF,Kasımpaşa,33,TUR-Super Lig,763,0,0,4,0,16,8,7,0,,,
Nuno da Costa,cv CPV,"MF,FW",Başakşehir,34,TUR-Super Lig,906,3,1,3,0,11,9,10,6,,,
Tanguy Coulibaly,fr FRA,MF,Samsunspor,24,TUR-Super Lig,741,2,0,4,0,12,3,13,7,,,
Crespo,pt POR,MF,Başakşehir,28,TUR-Super Lig,1100,0,5,3,0,11,9,14,3,,,
Kevin Csoboth,hu HUN,FW,Gençlerbirliği,25,TUR-Super Lig,50,0,0,0,0,0,0,3,1,,,
Yiğithan Çubukcu,,MF,Trabzonspor,16,TUR-Super Lig,11,0,0,0,0,0,0,0,0,,,
Julián Cuesta,es ESP,GK,Antalyaspor,34,TUR-Super Lig,1800,0,0,4,0,1,0,0,0,79,34,3
Tiago Çukur,tr TUR,"FW,MF",Karagümrük,22,TUR-Super Lig,1543,2,3,3,0,6,3,20,10,,,
Tomáš Čvančara,cz CZE,FW,Antalyaspor,24,TUR-Super Lig,525,1,0,1,0,2,0,4,6,,,
Ahmet Dağdevir,,MF,Konyaspor,18,TUR-Super Lig,25,0,0,0,0,0,1,0,0,,,
David Datro Fofana,ci CIV,FW,Karagümrük,22,TUR-Super Lig,982,6,0,0,0,2,2,5,8,,,
Gökhan Değirmenci,tr TUR,GK,Kocaelispor,36,TUR-Super Lig,855,0,0,1,0,0,1,0,0,21,14,3
Tom Dele-Bashiru,ng NGA,MF,Gençlerbirliği,25,TUR-Super Lig,2360,0,1,1,0,25,22,1,3,,,
Dilhan Demir,de GER,MF,Gençlerbirliği,22,TUR-Super Lig,102,0,0,1,0,1,0,0,0,,,
Mete-Kaan Demir,tr TUR,FW,Eyüpspor,27,TUR-Super Lig,1,0,0,0,0,1,0,0,0,,,
Yusuf Demir,at AUT,MF,Galatasaray,22,TUR-Super Lig,29,0,0,0,0,0,0,0,1,,,
Adil Demirbağ,tr TUR,DF,Konyaspor,27,TUR-Super Lig,2085,2,2,10,0,20,36,7,2,,,
Kerem Demirbay,de GER,MF,Kasımpaşa,32,TUR-Super Lig,762,1,0,5,2,15,6,25,3,,,
Kerem Demirbay,de GER,MF,Eyüpspor,32,TUR-Super Lig,1410,0,0,4,0,24,20,91,5,,,
Ali Demirbilek,tr TUR,FW,Antalyaspor,16,TUR-Super Lig,1,0,0,0,0,0,0,0,0,,,
Alper Demirol,se SWE,MF,Karagümrük,22,TUR-Super Lig,72,0,0,0,0,0,0,0,0,,,
Anthony Dennis,ng NGA,MF,Göztepe,21,TUR-Super Lig,2458,3,0,9,0,32,37,15,6,,,
Stefano Denswil,sr SUR,DF,Kayserispor,32,TUR-Super Lig,2721,1,0,3,0,14,25,5,2,,,
Halil Dervişoğlu,tr TUR,FW,Rizespor,25,TUR-Super Lig,859,1,0,4,0,5,4,0,2,,,
Ersin Destanoğlu,tr TUR,GK,Beşiktaş,24,TUR-Super Lig,2250,0,0,4,0,0,0,0,0,71,29,8
Ali Diabaté,ci CIV,DF,Samsunspor,18,TUR-Super Lig,210,0,1,2,0,5,9,0,1,,,
Fousseni Diabaté,ml MLI,MF,Kasımpaşa,29,TUR-Super Lig,1970,1,4,1,0,18,8,57,7,,,
Ousmane Dıabate,gn GUI,MF,Gençlerbirliği,17,TUR-Super Lig,207,0,0,1,0,2,2,0,0,,,
Anfernee Dijksteel,sr SUR,DF,Kocaelispor,28,TUR-Super Lig,2689,0,0,2,0,21,27,17,0,,,
Soner Dikmen,tr TUR,MF,Antalyaspor,31,TUR-Super Lig,2148,4,0,9,0,16,28,14,10,,,
Deniz Dilmen,tr TUR,GK,Başakşehir,20,TUR-Super Lig,90,0,0,0,0,0,0,0,0,1,0,1
Landry Dimata,be BEL,"MF,FW",Samsunspor,27,TUR-Super Lig,130,0,0,0,0,2,0,2,2,,,
Sokratis Dioudis,gr GRE,GK,Gaziantep,32,TUR-Super Lig,24,0,0,0,0,0,0,0,0,1,0,0
Novatus Dismas,tz TAN,MF,Göztepe,22,TUR-Super Lig,2256,2,2,10,0,32,46,17,6,,,
Tiago Djaló,pt POR,DF,Beşiktaş,25,TUR-Super Lig,1464,2,0,4,0,16,27,0,3,,,
Alexander Djiku,gh GHA,"DF,MF",Fenerbahçe,30,TUR-Super Lig,1,0,0,0,0,0,1,0,0,,,
Ahmet Doğan Yıldırım,,GK,Trabzonspor,18,TUR-Super Lig,84,0,0,1,0,0,0,0,0,2,1,0
Marius Doh,ci CIV,MF,Karagümrük,21,TUR-Super Lig,1013,0,0,2,1,16,22,13,3,,,
Deniz Donmezer,,GK,Kayserispor,16,TUR-Super Lig,180,0,0,0,0,0,0,0,0,4,3,0
Nene Dorgeles,ml MLI,MF,Fenerbahçe,22,TUR-Super Lig,1464,9,3,3,0,15,19,28,17,,,
Denis Drăguș,ro ROU,FW,Gaziantep,26,TUR-Super Lig,330,0,1,0,0,6,3,2,2,,,
Denis Drăguș,ro ROU,"MF,FW",Eyüpspor,26,TUR-Super Lig,873,0,0,3,0,16,5,8,7,,,
Rick van Drongelen,nl NED,DF,Samsunspor,26,TUR-Super Lig,2823,2,1,5,0,37,30,10,3,,,
Léo Duarte,br BRA,DF,Başakşehir,29,TUR-Super Lig,2303,0,1,5,0,23,22,5,2,,,
Tibet Durakçay,,FW,Göztepe,19,TUR-Super Lig,1,0,0,0,0,0,0,0,0,,,
Jáder Durán,co COL,FW,Fenerbahçe,21,TUR-Super Lig,542,3,2,2,0,3,0,3,6,,,
Abdurrahim Dursun,tr TUR,"DF,MF",Gençlerbirliği,26,TUR-Super Lig,667,0,1,2,0,16,7,27,1,,,
Serdar Dursun,tr TUR,FW,Kocaelispor,33,TUR-Super Lig,1531,6,2,3,0,4,0,2,11,,,
Georgi Dzhikiya,ru RUS,DF,Antalyaspor,31,TUR-Super Lig,1154,2,0,3,0,7,7,4,3,,,
Festy Ebosele,ie IRL,DF,Başakşehir,22,TUR-Super Lig,688,0,0,4,2,25,12,8,0,,,
Yiğit Efe Demir,tr TUR,DF,Fenerbahçe,20,TUR-Super Lig,678,0,0,3,0,17,10,3,0,,,
Demir Ege Tıknaz,tr TUR,MF,Beşiktaş,20,TUR-Super Lig,316,0,1,2,0,8,2,0,1,,,
Meschak Elia,cd COD,"MF,FW",Alanyaspor,27,TUR-Super Lig,819,3,0,1,0,5,5,36,9,,,
Eren Elmalı,tr TUR,"DF,MF",Galatasaray,25,TUR-Super Lig,1526,3,0,3,0,20,14,44,6,,,
Bartuğ Elmaz,tr TUR,MF,Fenerbahçe,22,TUR-Super Lig,100,0,0,1,0,4,0,3,2,,,
Bartuğ Elmaz,tr TUR,MF,Karagümrük,22,TUR-Super Lig,1044,1,0,1,0,8,10,7,4,,,
Emersonn,br BRA,FW,Göztepe,21,TUR-Super Lig,125,1,0,0,0,4,0,2,2,,,
Yunus Emre Çift,tr TUR,"MF,DF",Samsunspor,21,TUR-Super Lig,751,0,0,4,0,18,16,1,1,,,
Taha Emre İnce,tr TUR,DF,Trabzonspor,18,TUR-Super Lig,11,0,0,0,0,0,0,0,0,,,
Ali Emre Yanar,,GK,Kasımpaşa,27,TUR-Super Lig,90,0,0,0,0,0,0,0,0,5,0,1
Youssef En-Nesyri,ma MAR,FW,Fenerbahçe,28,TUR-Super Lig,1006,7,0,1,0,2,1,3,16,,,
Mehmet Eray Özbek,,MF,Kayserispor,22,TUR-Super Lig,134,0,0,1,0,3,0,3,0,,,
Erhan Erentürk,tr TUR,GK,Gençlerbirliği,30,TUR-Super Lig,630,0,0,2,0,0,0,0,0,24,8,1
Onur Ergün,tr TUR,MF,Başakşehir,32,TUR-Super Lig,372,0,1,1,0,8,3,1,2,,,
Muzaffer Eriş,,DF,Konyaspor,19,TUR-Super Lig,152,0,0,0,0,3,3,0,0,,,
Burhan Ersoy,,MF,Karagümrük,22,TUR-Super Lig,4,0,0,0,0,0,0,0,0,,,
Deniz Ertaş,tr TUR,GK,Konyaspor,20,TUR-Super Lig,1074,0,1,2,0,0,0,0,0,35,19,2
Oğuzhan Ertem,tr TUR,MF,Trabzonspor,17,TUR-Super Lig,25,0,0,0,0,1,0,1,0,,,
Ricardo Esgaio,pt POR,DF,Karagümrük,32,TUR-Super Lig,2179,0,0,3,0,44,20,34,1,,,
Mustafa Eskihellaç,tr TUR,"DF,MF",Trabzonspor,28,TUR-Super Lig,2315,0,4,7,1,33,18,34,7,,,
Jhon Espinoza,ec ECU,"DF,MF",Kasımpaşa,26,TUR-Super Lig,558,0,0,4,0,8,10,15,0,,,
Oghenekaro Etebo,ng NGA,MF,Gençlerbirliği,29,TUR-Super Lig,41,0,0,0,0,1,1,0,0,,,
Mamadou Fall,sn SEN,"MF,FW",Kasımpaşa,33,TUR-Super Lig,1165,0,0,1,0,10,7,22,2,,,
Andri Fannar Baldursson,is ISL,MF,Kasımpaşa,23,TUR-Super Lig,2713,0,1,8,0,48,39,4,2,,,
Ömer Faruk Beyaz,tr TUR,MF,Başakşehir,21,TUR-Super Lig,28,0,0,0,0,0,0,0,0,,,
Abbosbek Fayzullayev,uz UZB,MF,Başakşehir,21,TUR-Super Lig,1103,3,3,4,0,17,6,82,12,,,
Marcos Felipe,br BRA,GK,Eyüpspor,29,TUR-Super Lig,1710,0,0,0,0,0,0,0,0,60,26,3
Ohis Felix Uduokhai,de GER,DF,Beşiktaş,27,TUR-Super Lig,1126,0,0,4,0,17,23,0,3,,,
Yahia Fofana,ci CIV,GK,Rizespor,24,TUR-Super Lig,2430,0,1,2,0,0,1,0,0,88,42,6
Fred,br BRA,MF,Fenerbahçe,32,TUR-Super Lig,1478,3,4,3,0,23,22,33,16,,,
Godfried Frimpong,nl NED,DF,Kasımpaşa,26,TUR-Super Lig,2194,0,1,1,0,13,26,57,1,,,
Karamba Gassama,gm GAM,"MF,FW",Gaziantep,20,TUR-Super Lig,560,0,1,0,0,6,6,8,4,,,
Furkan Gedik,,MF,Kocaelispor,23,TUR-Super Lig,39,0,0,0,0,0,0,2,0,,,
Baran Gezek,tr TUR,MF,Eyüpspor,19,TUR-Super Lig,1385,0,0,1,0,25,26,1,2,,,
Lautaro Gianetti,ar ARG,DF,Antalyaspor,31,TUR-Super Lig,1800,1,1,6,0,25,17,1,4,,,
Andreas Gianniotis,gr GRE,GK,Kasımpaşa,32,TUR-Super Lig,2970,1,0,4,0,0,1,0,1,88,49,8
Victor Gidado,ng NGA,MF,Gaziantep,21,TUR-Super Lig,522,0,0,2,0,8,11,0,0,,,
Allan Godói,br BRA,DF,Göztepe,32,TUR-Super Lig,1858,0,2,2,0,29,34,2,2,,,
Diogo Gonçalves,pt POR,"MF,FW",Konyaspor,28,TUR-Super Lig,224,2,0,1,0,3,1,3,3,,,
Soner Gönül,,"DF,MF",Samsunspor,28,TUR-Super Lig,814,0,0,4,0,7,4,57,3,,,
Zafer Görgen,,GK,Gaziantep,25,TUR-Super Lig,1800,0,0,3,0,0,0,0,0,72,34,3
Dimitris Goutas,gr GRE,DF,Gençlerbirliği,31,TUR-Super Lig,2905,3,0,5,0,22,38,0,7,,,
Andre Gray,jm JAM,FW,Karagümrük,34,TUR-Super Lig,525,0,0,0,0,1,0,5,2,,,
Ivo Grbić,hr CRO,GK,Karagümrük,29,TUR-Super Lig,2880,0,0,3,0,5,1,0,0,116,53,6
Mattéo Guendouzi,fr FRA,MF,Fenerbahçe,26,TUR-Super Lig,1317,1,1,4,0,11,20,22,2,,,
Bachir Gueye,sn SEN,FW,Antalyaspor,22,TUR-Super Lig,90,2,0,1,0,1,0,1,3,,,
Semih Güler,,DF,Kayserispor,30,TUR-Super Lig,1381,0,0,2,0,19,21,4,2,,,
Semih Güler,,DF,Gaziantep,30,TUR-Super Lig,767,0,0,1,0,14,11,1,0,,,
Ömer Gümüş,,MF,Karagümrük,22,TUR-Super Lig,73,0,0,0,0,1,0,5,0,,,
İlkay Gündoğan,de GER,MF,Galatasaray,34,TUR-Super Lig,1387,2,3,1,0,15,12,16,2,,,
Can Güner,ar ARG,FW,Galatasaray,17,TUR-Super Lig,1,0,0,0,0,0,0,1,0,,,
Umut Güneş,tr TUR,MF,Başakşehir,25,TUR-Super Lig,1999,1,0,3,0,21,22,11,2,,,
Bahadır Güngördü,,GK,Konyaspor,27,TUR-Super Lig,1980,0,0,3,0,0,1,0,0,55,31,5
Mert Günok,tr TUR,GK,Beşiktaş,36,TUR-Super Lig,720,0,0,0,0,0,0,0,0,13,11,1
Mert Günok,tr TUR,GK,Fenerbahçe,36,TUR-Super Lig,386,0,0,0,0,0,0,0,0,11,8,1
Hamza Güreler,tr TUR,DF,Başakşehir,19,TUR-Super Lig,152,0,0,0,0,1,3,0,0,,,
Serdar Gürler,tr TUR,"MF,DF",Eyüpspor,33,TUR-Super Lig,1281,0,0,2,0,11,10,32,6,,,
Gökdeniz Gürpüz,tr TUR,MF,Galatasaray,19,TUR-Super Lig,1,0,0,0,0,1,0,0,0,,,
Göktan Gürpüz,de GER,MF,Gençlerbirliği,22,TUR-Super Lig,1920,0,5,2,0,18,13,103,3,,,
Günay Güvenç,tr TUR,GK,Galatasaray,34,TUR-Super Lig,737,0,0,2,1,1,0,0,0,14,7,4
Pape Habib Guèye,sn SEN,FW,Kasımpaşa,25,TUR-Super Lig,1554,5,0,5,1,15,3,8,14,,,
Florent Hadergjonaj,xk KVX,MF,Alanyaspor,31,TUR-Super Lig,2211,6,9,4,0,14,8,183,11,,,
Ianis Hagi,ro ROU,"MF,FW",Alanyaspor,26,TUR-Super Lig,1402,3,2,4,0,14,5,97,11,,,
Massadio Haïdara,ml MLI,DF,Kocaelispor,32,TUR-Super Lig,1813,0,1,5,0,14,19,72,3,,,
Haris Hajradinović,ba BIH,MF,Kasımpaşa,31,TUR-Super Lig,552,2,0,2,0,10,3,45,6,,,
Matěj Hanousek,cz CZE,DF,Gençlerbirliği,32,TUR-Super Lig,1356,0,0,1,0,12,10,30,0,,,
Amine Harit,ma MAR,MF,Başakşehir,28,TUR-Super Lig,1555,2,3,3,0,9,16,34,6,,,
Mustafa Hekimoğlu,tr TUR,FW,Beşiktaş,18,TUR-Super Lig,385,1,0,2,0,5,3,3,3,,,
Héliton,br BRA,DF,Göztepe,29,TUR-Super Lig,2870,0,1,10,1,16,30,0,8,,,
Carlo Holse,dk DEN,MF,Samsunspor,26,TUR-Super Lig,2600,8,3,1,0,38,21,30,22,,,
Majid Hosseini,ir IRN,DF,Kayserispor,29,TUR-Super Lig,270,0,0,1,0,4,8,0,0,,,
Oh Hyeon-gyu,kr KOR,FW,Beşiktaş,24,TUR-Super Lig,1084,6,1,2,0,2,3,3,13,,,
Casper Højer Nielsen,dk DEN,DF,Rizespor,30,TUR-Super Lig,2702,0,1,6,0,30,33,111,3,,,
Melih Ibrahimoglu,tr TUR,MF,Konyaspor,25,TUR-Super Lig,2274,1,1,2,0,41,17,23,5,,,
Mücahit Ibrahimoglu,at AUT,MF,Konyaspor,20,TUR-Super Lig,2,0,0,0,0,0,0,0,0,,,
Mauro Icardi,ar ARG,FW,Galatasaray,32,TUR-Super Lig,1327,14,1,1,0,0,1,8,25,,,
Hasan İlçin,tr TUR,MF,Antalyaspor,16,TUR-Super Lig,169,0,0,0,0,3,2,0,0,,,
Ahmed Ildiz,tr TUR,MF,Göztepe,28,TUR-Super Lig,50,0,0,1,0,1,1,0,0,,,
Christ Inao Oulaï,ci CIV,MF,Trabzonspor,19,TUR-Super Lig,2067,2,4,9,0,27,22,26,7,,,
Tim Jabol-Folcarelli,fr FRA,MF,Trabzonspor,25,TUR-Super Lig,2327,0,3,4,0,35,27,2,1,,,
Ismail Jakobs,sn SEN,DF,Galatasaray,25,TUR-Super Lig,1301,0,1,1,0,14,13,51,0,,,
Janderson,br BRA,FW,Göztepe,26,TUR-Super Lig,2451,6,3,8,0,19,4,25,25,,,
Nicolas Janvier,fr FRA,MF,Alanyaspor,26,TUR-Super Lig,1532,1,1,3,0,13,22,33,6,,,
Jeferson Jeh,br BRA,FW,Göztepe,25,TUR-Super Lig,488,2,0,3,0,1,0,11,10,,,
Marko Jevtović,rs SRB,"MF,DF",Konyaspor,32,TUR-Super Lig,1178,0,0,4,0,17,20,6,4,,,
Jo Jinho,kr KOR,"MF,DF",Konyaspor,22,TUR-Super Lig,1103,1,1,5,0,16,10,17,5,,,
Daniel Johnson,jm JAM,MF,Karagümrük,32,TUR-Super Lig,1014,1,3,4,0,2,8,33,2,,,
Aleksandar Jovanović,rs SRB,GK,Kocaelispor,32,TUR-Super Lig,1575,0,0,3,0,0,0,0,0,32,18,6
Gideon Jung,de GER,"MF,DF",Kayserispor,30,TUR-Super Lig,303,0,0,1,0,2,1,0,0,,,
David Jurásek,cz CZE,DF,Beşiktaş,24,TUR-Super Lig,638,0,0,0,0,6,6,38,0,,,
Václav Jurečka,cz CZE,"FW,MF",Rizespor,31,TUR-Super Lig,467,1,0,2,0,2,0,0,4,,,
Uğur Kaan Yıldız,tr TUR,DF,Göztepe,22,TUR-Super Lig,80,0,0,0,0,1,1,5,1,,,
Yusuf Kabadayı,de GER,"MF,FW",Gaziantep,21,TUR-Super Lig,612,1,0,6,0,6,8,4,5,,,
Melih Kabasakal,,"MF,DF",Gaziantep,29,TUR-Super Lig,1409,1,1,8,0,37,34,2,2,,,
Melih Kabasakal,,MF,Eyüpspor,29,TUR-Super Lig,105,0,0,0,0,4,3,0,0,,,
Muhammed Kadıoğlu,tr TUR,DF,Karagümrük,18,TUR-Super Lig,590,0,0,1,0,4,13,2,1,,,
Barış Kalayci,tr TUR,MF,Karagümrük,19,TUR-Super Lig,1311,1,3,4,0,9,12,24,10,,,
Ali Kalın,,FW,Gaziantep,17,TUR-Super Lig,47,0,0,0,0,1,2,1,0,,,
Tarık Kalpaklı,tr TUR,MF,Karagümrük,16,TUR-Super Lig,280,0,0,1,0,4,1,2,1,,,
Kubilay Kanatsızkuş,tr TUR,FW,Kasımpaşa,28,TUR-Super Lig,612,1,1,0,0,2,2,4,2,,,
N'Golo Kanté,fr FRA,MF,Fenerbahçe,34,TUR-Super Lig,1141,2,0,3,0,20,21,7,2,,,
Burak Kapacak,tr TUR,MF,Kayserispor,25,TUR-Super Lig,350,0,1,1,0,11,8,19,2,,,
Efecan Karaca,tr TUR,"FW,MF",Alanyaspor,35,TUR-Super Lig,513,0,0,3,0,4,1,19,0,,,
Samet Karakoç,az AZE,"MF,DF",Antalyaspor,22,TUR-Super Lig,604,0,3,1,0,4,6,30,0,,,
Haydar Karataş,tr TUR,MF,Fenerbahçe,18,TUR-Super Lig,2,0,0,0,0,0,0,0,0,,,
Kazımcan Karataş,tr TUR,DF,Başakşehir,22,TUR-Super Lig,704,0,2,2,0,12,10,19,4,,,
Kazımcan Karataş,tr TUR,DF,Galatasaray,22,TUR-Super Lig,441,0,1,3,0,10,1,10,0,,,
Ali Karimi,ir IRN,MF,Kayserispor,31,TUR-Super Lig,41,0,0,0,0,2,0,1,0,,,
Jadel Katongo,zm ZAM,DF,Kayserispor,20,TUR-Super Lig,636,0,0,1,0,9,5,5,1,,,
İbrahim Kaya,,"MF,FW",Alanyaspor,24,TUR-Super Lig,1163,6,1,2,0,7,5,53,14,,,
Kerem Kayaarası,tr TUR,FW,Antalyaspor,19,TUR-Super Lig,2,0,0,0,0,0,1,0,0,,,
Yalçın Kayan,tr TUR,MF,Samsunspor,26,TUR-Super Lig,834,0,3,5,0,12,9,33,2,,,
Yalçın Kayan,tr TUR,MF,Eyüpspor,26,TUR-Super Lig,876,0,2,3,0,5,5,28,6,,,
Jakub Kałuziński,pl POL,MF,Başakşehir,22,TUR-Super Lig,322,0,1,2,0,4,3,11,3,,,
Jakub Kałuziński,pl POL,MF,Antalyaspor,22,TUR-Super Lig,216,0,0,0,0,0,2,12,1,,,
Habib Keita,ml MLI,MF,Kocaelispor,23,TUR-Super Lig,2042,1,2,4,0,22,16,12,3,,,
Can Keles,at AUT,"FW,MF",Kocaelispor,23,TUR-Super Lig,861,0,1,2,1,7,8,39,4,,,
Thalisson Kelven,br BRA,DF,Gençlerbirliği,27,TUR-Super Lig,2526,2,0,7,2,26,34,6,6,,,
Ensar Kemaloğlu,,MF,Gençlerbirliği,26,TUR-Super Lig,1,0,0,0,0,0,0,0,0,,,
Olivier Kemen,cm CMR,MF,Başakşehir,29,TUR-Super Lig,2295,0,3,5,0,27,13,28,9,,,
Enes Keskin,,MF,Alanyaspor,24,TUR-Super Lig,754,0,1,1,0,16,14,11,4,,,
Abdou Khadre Sy,sn SEN,FW,Eyüpspor,17,TUR-Super Lig,21,0,0,0,0,0,0,0,0,,,
Emre Kılınç,tr TUR,"MF,FW",Samsunspor,30,TUR-Super Lig,1189,1,5,6,0,16,3,44,6,,,
Arda Kızıldağ,tr TUR,DF,Gaziantep,26,TUR-Super Lig,1764,1,0,8,0,20,28,2,4,,,
Arif Kocaman,,DF,Kayserispor,21,TUR-Super Lig,227,0,0,0,0,2,2,0,1,,,
Okan Kocuk,tr TUR,GK,Samsunspor,30,TUR-Super Lig,2790,0,0,2,0,1,0,0,0,70,39,9
Sekou Koita,ml MLI,"MF,FW",Gençlerbirliği,25,TUR-Super Lig,1719,6,0,3,2,14,7,13,14,,,
Orkun Kökçü,tr TUR,MF,Beşiktaş,24,TUR-Super Lig,2474,8,8,5,2,15,8,141,32,,,
Abdul Kone,ci CIV,FW,Karagümrük,17,TUR-Super Lig,43,0,0,0,0,0,0,0,1,,,
Nurettin Korkmaz,tr TUR,DF,Kayserispor,23,TUR-Super Lig,166,0,1,1,0,0,2,9,1,,,
İsmail Köybaşı,tr TUR,DF,Göztepe,36,TUR-Super Lig,74,0,0,2,1,2,0,5,1,,,
Kacper Kozłowski,pl POL,"MF,FW",Gaziantep,21,TUR-Super Lig,2645,6,2,6,0,26,4,35,17,,,
Blaž Kramer,si SVN,FW,Konyaspor,29,TUR-Super Lig,663,5,0,4,0,2,1,4,12,,,
Matías Kranevitter,ar ARG,MF,Karagümrük,32,TUR-Super Lig,1771,1,0,5,1,21,15,5,2,,,
Filip Krastev,bg BUL,MF,Göztepe,23,TUR-Super Lig,490,0,1,1,0,10,7,20,2,,,
Enver Kulasin,ba BIH,MF,Gaziantep,21,TUR-Super Lig,134,0,0,1,0,3,0,1,1,,,
Arda Kurtulan,al ALB,MF,Göztepe,22,TUR-Super Lig,2429,4,2,7,0,42,46,53,6,,,
Fatih Kuruçuk,tr TUR,DF,Karagümrük,27,TUR-Super Lig,228,0,0,1,0,2,0,0,0,,,
Çağtay Kurukalıp,tr TUR,DF,Karagümrük,23,TUR-Super Lig,1278,0,2,2,0,17,24,45,1,,,
Berkan Kutlu,tr TUR,MF,Galatasaray,27,TUR-Super Lig,65,0,1,1,0,1,2,2,1,,,
Berkan Kutlu,tr TUR,"MF,DF",Konyaspor,27,TUR-Super Lig,1054,2,0,3,0,8,16,21,6,,,
Ahmed Kutucu,tr TUR,"FW,MF",Galatasaray,25,TUR-Super Lig,112,0,1,0,0,2,3,1,1,,,
Moussa Kyabou,ml MLI,MF,Gençlerbirliği,27,TUR-Super Lig,146,0,0,0,0,3,3,1,0,,,
Qazim Laçi,al ALB,MF,Rizespor,29,TUR-Super Lig,2682,7,9,6,1,29,21,134,18,,,
Mohamed Lamine Bayo,gn GUI,FW,Gaziantep,27,TUR-Super Lig,2339,15,3,2,0,6,2,9,30,,,
Noa Lang,nl NED,MF,Galatasaray,26,TUR-Super Lig,703,0,3,2,0,5,2,51,7,,,
Sam Larsson,se SWE,"MF,FW",Karagümrük,32,TUR-Super Lig,1555,3,3,1,0,14,23,19,12,,,
Mario Lemina,ga GAB,"MF,DF",Galatasaray,31,TUR-Super Lig,1679,2,1,6,0,19,26,6,8,,,
Igor Lichnovsky,cl CHI,DF,Karagümrük,31,TUR-Super Lig,1170,0,2,3,0,11,17,1,0,,,
Nuno Lima,pt POR,DF,Alanyaspor,24,TUR-Super Lig,2821,1,1,8,0,18,20,6,3,,,
Karol Linetty,pl POL,MF,Kocaelispor,30,TUR-Super Lig,1521,0,2,7,0,15,18,51,10,,,
Mateusz Lis,pl POL,GK,Göztepe,28,TUR-Super Lig,3060,0,0,3,0,0,2,0,0,93,32,16
Dominik Livaković,hr CRO,GK,Fenerbahçe,30,TUR-Super Lig,90,0,0,0,0,0,0,0,0,2,1,0
Guilherme Luiz,br BRA,FW,Göztepe,20,TUR-Super Lig,202,0,0,1,0,0,2,1,1,,,
Christopher Lungoyi,ch SUI,"MF,FW",Gaziantep,25,TUR-Super Lig,1796,3,2,7,0,15,5,18,17,,,
Mathias Løvik,no NOR,DF,Trabzonspor,21,TUR-Super Lig,650,0,2,1,0,8,10,25,0,,,
Salem M'bakata,cd COD,DF,Gaziantep,27,TUR-Super Lig,34,0,0,0,0,0,1,0,0,,,
Maestro,ao ANG,MF,Alanyaspor,21,TUR-Super Lig,1424,1,1,6,1,17,5,5,3,,,
Denis Makarov,ru RUS,MF,Kayserispor,27,TUR-Super Lig,646,0,0,3,0,4,2,36,12,,,
Antoine Makoumbou,cg CGO,MF,Samsunspor,27,TUR-Super Lig,2245,1,1,8,0,15,16,5,4,,,
Gaius Makouta,cg CGO,MF,Alanyaspor,28,TUR-Super Lig,2657,1,0,7,0,24,31,25,4,,,
Salih Malkoçoglu,,DF,Trabzonspor,20,TUR-Super Lig,279,0,0,0,0,7,4,0,1,,,
Carlos Mané,gw GNB,MF,Kayserispor,31,TUR-Super Lig,1043,0,1,2,0,11,9,31,5,,,
Ismaila Manga,sn SEN,MF,Eyüpspor,18,TUR-Super Lig,28,0,0,1,0,1,0,0,0,,,
João Mário,pt POR,MF,Beşiktaş,32,TUR-Super Lig,106,0,0,0,0,2,0,3,1,,,
Sam Mather,eng ENG,FW,Kayserispor,20,TUR-Super Lig,58,0,0,0,0,1,1,1,0,,,
Alexandru Maxim,ro ROU,"MF,FW",Gaziantep,35,TUR-Super Lig,2680,5,7,7,0,18,18,172,15,,,
Dire Mebude,sct SCO,"MF,FW",Rizespor,21,TUR-Super Lig,737,2,3,0,0,2,11,13,9,,,
João Mendes,pt POR,MF,Kayserispor,30,TUR-Super Lig,1502,0,4,4,1,8,7,58,3,,,
Joe Mendes,se SWE,"MF,DF",Samsunspor,22,TUR-Super Lig,1225,0,1,4,1,11,12,34,1,,,
Ryan Mendes,cv CPV,FW,Kocaelispor,35,TUR-Super Lig,271,0,0,0,0,2,2,5,1,,,
Batista Mendy,fr FRA,"DF,MF",Trabzonspor,25,TUR-Super Lig,50,0,0,0,0,1,0,0,0,,,
Umut Meraş,tr TUR,DF,Eyüpspor,29,TUR-Super Lig,1823,0,2,2,0,20,33,37,1,,,
Levent Mercan,de GER,DF,Fenerbahçe,24,TUR-Super Lig,1162,0,3,1,0,16,15,46,1,,,
Valentin Mihaila,ro ROU,"MF,FW",Rizespor,25,TUR-Super Lig,1302,5,3,4,0,4,5,21,15,,,
Metehan Mimaroğlu,,"MF,FW",Gençlerbirliği,31,TUR-Super Lig,1964,6,4,3,0,14,16,145,18,,,
Filip Mladenović,rs SRB,DF,Karagümrük,33,TUR-Super Lig,846,1,0,2,0,4,15,42,1,,,
Attila Mocsi,hu HUN,DF,Rizespor,25,TUR-Super Lig,1751,2,0,3,0,26,9,7,2,,,
Baran Mogultay,de GER,MF,Alanyaspor,21,TUR-Super Lig,100,0,0,0,0,0,0,7,0,,,
Musah Mohammed,gh GHA,MF,Göztepe,23,TUR-Super Lig,218,0,0,1,0,1,2,0,2,,,
Ederson Moraes,br BRA,GK,Fenerbahçe,31,TUR-Super Lig,2131,0,0,8,1,0,0,0,0,56,24,8
Marius Mouandilmadji,td CHA,FW,Samsunspor,27,TUR-Super Lig,2051,10,4,3,0,5,5,4,24,,,
Steve Mounié,bj BEN,FW,Alanyaspor,30,TUR-Super Lig,710,2,0,4,0,4,1,2,8,,,
Ernest Muçi,al ALB,MF,Beşiktaş,24,TUR-Super Lig,57,0,0,0,0,1,1,0,0,,,
Ernest Muçi,al ALB,MF,Trabzonspor,24,TUR-Super Lig,1796,11,3,4,0,9,7,111,29,,,
Arbnor Muja,al ALB,MF,Samsunspor,26,TUR-Super Lig,50,0,0,0,0,2,0,1,0,,,
Nihad Mujakić,ba BIH,DF,Gaziantep,27,TUR-Super Lig,852,0,0,0,0,7,5,2,1,,,
Nihad Mujakić,ba BIH,DF,Eyüpspor,27,TUR-Super Lig,1349,0,1,4,0,11,16,16,0,,,
Atakan Müjde,,MF,Kasımpaşa,22,TUR-Super Lig,157,0,1,3,0,2,4,8,0,,,
Mert Müldür,tr TUR,DF,Fenerbahçe,26,TUR-Super Lig,1219,1,2,4,0,27,20,35,2,,,
Jackson Muleka,cd COD,"MF,FW",Konyaspor,25,TUR-Super Lig,2221,6,3,4,0,26,17,23,25,,,
Anthony Musaba,nl NED,MF,Samsunspor,24,TUR-Super Lig,1168,4,2,3,0,6,2,33,10,,,
Anthony Musaba,nl NED,MF,Fenerbahçe,24,TUR-Super Lig,847,1,3,1,0,12,0,35,4,,,
Adamo Nagalo,bf BFA,DF,Konyaspor,22,TUR-Super Lig,598,0,0,4,1,5,6,0,0,,,
Michał Nalepa,pl POL,"MF,FW",Gençlerbirliği,30,TUR-Super Lig,260,0,0,2,1,4,1,8,1,,,
Umut Nayir,tr TUR,FW,Trabzonspor,32,TUR-Super Lig,396,1,2,1,0,0,0,2,2,,,
Umut Nayir,tr TUR,FW,Konyaspor,32,TUR-Super Lig,1667,8,1,1,0,1,1,4,17,,,
Alassane Ndao,sn SEN,"MF,FW",Konyaspor,28,TUR-Super Lig,790,2,3,0,0,7,5,31,4,,,
Badou Ndiaye,sn SEN,MF,Gaziantep,34,TUR-Super Lig,420,0,1,4,0,7,1,1,1,,,
Cherif Ndiaye,sn SEN,"FW,MF",Samsunspor,29,TUR-Super Lig,1420,7,1,4,1,11,0,4,12,,,
Wilfred Ndidi,ng NGA,MF,Beşiktaş,28,TUR-Super Lig,1996,2,0,5,0,34,40,5,10,,,
Renato Nhaga,gw GNB,MF,Galatasaray,18,TUR-Super Lig,101,1,0,0,0,0,0,1,1,,,
M'Baye Niang,sn SEN,FW,Gençlerbirliği,30,TUR-Super Lig,1738,4,2,6,0,4,5,6,13,,,
Rob Nizet,be BEL,DF,Gaziantep,23,TUR-Super Lig,22,0,0,0,0,1,0,0,0,,,
Joseph Nonge,be BEL,"MF,FW",Kocaelispor,20,TUR-Super Lig,1195,0,0,3,0,14,17,14,1,,,
Olivier Ntcham,cm CMR,MF,Samsunspor,29,TUR-Super Lig,1599,2,1,3,0,4,10,11,11,,,
Chibuike Nwaiwu,ng NGA,DF,Trabzonspor,22,TUR-Super Lig,1309,3,1,0,0,19,21,1,5,,,
Anthony Nwakaeme,ng NGA,MF,Trabzonspor,36,TUR-Super Lig,644,0,2,1,0,3,3,38,1,,,
Prince Obeng Ampem,gh GHA,MF,Eyüpspor,27,TUR-Super Lig,643,2,0,3,0,4,7,22,7,,,
Uchenna Ogundu,ng NGA,FW,Alanyaspor,19,TUR-Super Lig,982,2,1,3,0,3,4,2,8,,,
Ahmet Oğuz,tr TUR,DF,Kocaelispor,32,TUR-Super Lig,2144,0,2,10,0,48,42,119,2,,,
Kazeem Olaigbe,be BEL,MF,Konyaspor,22,TUR-Super Lig,944,0,0,1,0,5,5,25,5,,,
Kazeem Olaigbe,be BEL,MF,Trabzonspor,22,TUR-Super Lig,1086,0,1,0,0,7,2,28,9,,,
Junior Olaitan,bj BEN,MF,Beşiktaş,23,TUR-Super Lig,1192,2,2,1,0,7,4,13,6,,,
Junior Olaitan,bj BEN,MF,Göztepe,23,TUR-Super Lig,904,2,0,1,0,8,12,43,15,,,
Ibrahim Olawoyin,ng NGA,MF,Rizespor,27,TUR-Super Lig,2024,1,1,3,0,25,17,21,5,,,
Abdülkadir Ömür,tr TUR,MF,Antalyaspor,26,TUR-Super Lig,1316,0,1,2,0,22,10,32,10,,,
André Onana,cm CMR,GK,Trabzonspor,29,TUR-Super Lig,2526,0,1,3,0,0,1,1,0,78,34,6
Jérôme Onguéné,cm CMR,DF,Eyüpspor,27,TUR-Super Lig,784,0,2,3,0,6,8,0,1,,,
Paul Onuachu,ng NGA,FW,Trabzonspor,31,TUR-Super Lig,2518,22,2,6,0,2,3,1,44,,,
German Onugkha,ru RUS,FW,Kayserispor,29,TUR-Super Lig,1887,8,1,3,0,6,0,2,21,,,
Samed Onur,tr TUR,MF,Gençlerbirliği,23,TUR-Super Lig,610,0,1,3,0,8,10,30,3,,,
Henry Onyekuru,ng NGA,MF,Gençlerbirliği,28,TUR-Super Lig,311,0,0,1,0,2,4,1,2,,,
Jayden Oosterwolde,nl NED,DF,Fenerbahçe,24,TUR-Super Lig,2624,0,0,13,1,28,28,15,4,,,
Christopher Opéri,ci CIV,DF,Başakşehir,28,TUR-Super Lig,1821,0,4,3,0,17,22,66,2,,,
Aaron Opoku,de GER,"DF,MF",Kayserispor,26,TUR-Super Lig,1232,0,2,3,0,5,8,47,3,,,
Jerome Opoku,gh GHA,DF,Başakşehir,26,TUR-Super Lig,2739,0,1,10,0,17,37,6,2,,,
Nicholas Opoku,gh GHA,DF,Kasımpaşa,27,TUR-Super Lig,2435,0,0,5,0,16,23,2,1,,,
Furkan Orak,,DF,Rizespor,24,TUR-Super Lig,12,0,0,0,0,0,1,0,0,,,
Emir Ortakaya,tr TUR,DF,Eyüpspor,21,TUR-Super Lig,728,0,0,2,0,6,16,1,0,,,
Emir Ortakaya,tr TUR,DF,Rizespor,21,TUR-Super Lig,48,0,0,0,0,0,2,0,0,,,
Victor Osimhen,ng NGA,FW,Galatasaray,26,TUR-Super Lig,1707,15,5,8,0,10,6,14,40,,,
Sinan Osmanoğlu,tr TUR,DF,Gençlerbirliği,35,TUR-Super Lig,70,0,0,0,0,3,2,0,1,,,
Berkay Özcan,tr TUR,MF,Karagümrük,27,TUR-Super Lig,2368,0,1,1,0,16,16,43,4,,,
Yasin Özcan,tr TUR,DF,Beşiktaş,19,TUR-Super Lig,166,0,0,0,0,4,3,6,0,,,
Ogün Özçiçek,,MF,Gaziantep,26,TUR-Super Lig,1173,0,0,4,0,12,18,5,0,,,
Berat Özdemir,tr TUR,"MF,DF",Başakşehir,27,TUR-Super Lig,918,0,0,2,0,10,14,3,1,,,
Yusuf Özdemir,tr TUR,MF,Alanyaspor,24,TUR-Super Lig,906,1,1,1,0,8,9,23,4,,,
Berke Özer,tr TUR,GK,Eyüpspor,25,TUR-Super Lig,90,0,0,0,0,0,0,0,0,1,4,0
Serhat Öztaşdelen,,GK,Kocaelispor,20,TUR-Super Lig,630,0,0,0,0,0,0,0,0,17,6,1
Bahadır Öztürk,tr TUR,DF,Antalyaspor,29,TUR-Super Lig,344,0,0,2,0,2,3,0,1,,,
Arda Özyar,,FW,Kocaelispor,18,TUR-Super Lig,21,0,0,0,0,0,0,0,0,,,
Bedirhan Özyurt,,DF,Eyüpspor,22,TUR-Super Lig,907,0,1,2,2,8,17,2,0,,,
Kenneth Paal,sr SUR,"DF,MF",Antalyaspor,28,TUR-Super Lig,2880,0,0,4,0,39,21,35,1,,,
Mithat Pala,tr TUR,"DF,MF",Rizespor,24,TUR-Super Lig,1949,2,0,1,0,29,26,58,7,,,
Giannis Papanikolaou,gr GRE,MF,Rizespor,26,TUR-Super Lig,1835,1,0,6,1,33,24,2,2,,,
Gabriel Paulista,br BRA,DF,Beşiktaş,34,TUR-Super Lig,863,0,1,1,0,6,6,0,2,,,
Pedrinho,br BRA,MF,Konyaspor,28,TUR-Super Lig,672,1,0,0,0,10,4,39,5,,,
Pedro Pereira,pt POR,DF,Gençlerbirliği,27,TUR-Super Lig,2619,0,1,11,0,35,26,55,4,,,
Luis Pérez,es ESP,"MF,DF",Gaziantep,30,TUR-Super Lig,1654,0,1,2,0,25,25,58,1,,,
Bruno Petković,hr CRO,FW,Kocaelispor,30,TUR-Super Lig,1334,7,0,2,0,9,1,3,12,,,
Frantzdy Pierrot,ht HAI,FW,Rizespor,30,TUR-Super Lig,123,0,0,0,0,0,0,0,1,,,
Wagner Pina,cv CPV,DF,Trabzonspor,22,TUR-Super Lig,2439,0,7,4,1,41,26,72,4,,,
Lenny Pintor,fr FRA,"MF,FW",Eyüpspor,24,TUR-Super Lig,768,0,0,2,0,13,7,18,1,,,
Onurcan Piri,tr TUR,GK,Kayserispor,30,TUR-Super Lig,360,0,0,1,0,0,0,0,0,13,10,0
Daniel Popa,ro ROU,FW,Gençlerbirliği,31,TUR-Super Lig,67,0,0,0,0,1,0,0,0,,,
Denis Radu,ro ROU,"MF,FW",Eyüpspor,22,TUR-Super Lig,658,0,2,2,1,3,8,9,0,,,
Jesurun Rak Sakyi,gh GHA,MF,Rizespor,22,TUR-Super Lig,807,4,1,1,0,6,4,8,8,,,
Milot Rashica,xk KVX,MF,Beşiktaş,29,TUR-Super Lig,986,1,3,1,0,12,3,32,6,,,
Rhaldney,br BRA,MF,Göztepe,26,TUR-Super Lig,1083,1,1,3,1,23,14,23,5,,,
Rigoberto Rivas,hn HON,"MF,FW",Kocaelispor,27,TUR-Super Lig,1176,1,1,4,0,10,12,38,2,,,
Enzo Roco,cl CHI,DF,Karagümrük,32,TUR-Super Lig,575,0,0,2,0,4,6,0,0,,,
Kévin Rodrigues,pt POR,"DF,MF",Gaziantep,31,TUR-Super Lig,2284,2,3,7,1,45,41,37,7,,,
Dorin Rotariu,ro ROU,"FW,MF",Eyüpspor,30,TUR-Super Lig,73,0,1,0,0,1,1,1,1,,,
Ruan,br BRA,MF,Alanyaspor,20,TUR-Super Lig,2245,1,1,4,0,27,26,35,17,,,
Ruan,br BRA,MF,Göztepe,30,TUR-Super Lig,114,0,0,1,0,2,2,1,0,,,
Serdar Saatçı,tr TUR,DF,Trabzonspor,22,TUR-Super Lig,186,0,0,0,0,2,0,0,0,,,
Ibrahim Sabra,jo JOR,FW,Göztepe,19,TUR-Super Lig,91,1,0,1,0,0,0,2,3,,,
Christ Sadia,ci CIV,MF,Eyüpspor,18,TUR-Super Lig,14,0,0,0,0,0,0,0,0,,,
Ramzi Safouri,il ISR,MF,Antalyaspor,29,TUR-Super Lig,1787,1,5,8,0,14,7,135,6,,,
Ahmet Sagat,de GER,FW,Kocaelispor,29,TUR-Super Lig,2,0,0,0,0,0,0,0,0,,,
Görkem Sağlam,de GER,MF,Kayserispor,27,TUR-Super Lig,292,0,0,2,0,3,0,5,1,,,
Modibo Sagnan,ml MLI,DF,Rizespor,26,TUR-Super Lig,1498,1,1,6,0,22,23,0,2,,,
Devrim Şahin,,MF,Beşiktaş,18,TUR-Super Lig,162,0,0,0,0,1,1,6,1,,,
Samuel Sáiz,es ESP,"FW,MF",Eyüpspor,34,TUR-Super Lig,1,0,0,0,0,0,0,0,0,,,
Roland Sallai,hu HUN,"DF,MF",Galatasaray,28,TUR-Super Lig,2346,1,3,4,1,30,29,90,13,,,
Davinson Sánchez,co COL,DF,Galatasaray,29,TUR-Super Lig,2419,1,0,6,1,35,23,4,3,,,
Leroy Sané,de GER,MF,Galatasaray,29,TUR-Super Lig,2280,7,5,1,1,21,11,81,15,,,
Nazim Sangaré,tr TUR,DF,Gaziantep,31,TUR-Super Lig,1146,0,0,5,1,29,41,4,1,,,
Juan Santos,br BRA,FW,Göztepe,23,TUR-Super Lig,2571,11,4,6,1,17,8,27,30,,,
Gabriel Sara,br BRA,MF,Galatasaray,26,TUR-Super Lig,1834,5,4,1,0,17,11,128,13,,,
Veysel Sarı,tr TUR,DF,Antalyaspor,37,TUR-Super Lig,1923,1,1,4,0,28,22,1,3,,,
Yusuf Sari,tr TUR,MF,Başakşehir,26,TUR-Super Lig,1457,1,6,1,0,5,5,133,16,,,
Talha Sarıarslan,tr TUR,FW,Kayserispor,21,TUR-Super Lig,164,2,2,1,0,3,1,0,3,,,
Dario Šarić,ba BIH,MF,Antalyaspor,28,TUR-Super Lig,1396,1,1,2,0,23,11,18,5,,,
Ľubomír Šatka,sk SVK,DF,Samsunspor,29,TUR-Super Lig,2146,0,1,1,0,20,21,4,0,,,
Stefan Savić,me MNE,DF,Trabzonspor,34,TUR-Super Lig,1756,1,1,3,0,8,21,3,2,,,
Gökhan Sazdağı,tr TUR,DF,Beşiktaş,30,TUR-Super Lig,1305,0,0,3,0,25,20,43,1,,,
Gökhan Sazdağı,tr TUR,DF,Kayserispor,30,TUR-Super Lig,270,0,0,2,0,3,2,8,0,,,
Davie Selke,de GER,FW,Başakşehir,30,TUR-Super Lig,1198,10,0,5,1,1,2,6,18,,,
Nélson Semedo,pt POR,DF,Fenerbahçe,31,TUR-Super Lig,1933,1,3,8,0,34,29,42,2,,,
Ahmet Şen,tr TUR,GK,Galatasaray,26,TUR-Super Lig,70,0,0,0,0,0,0,0,0,5,2,0
Muhammed Şengezer,tr TUR,GK,Başakşehir,28,TUR-Super Lig,2970,0,1,1,0,0,0,0,0,105,35,12
Tarkan Serbest,tr TUR,MF,Kocaelispor,31,TUR-Super Lig,239,0,0,0,0,0,3,0,0,,,
Serginho,br BRA,"MF,FW",Karagümrük,30,TUR-Super Lig,2180,8,1,2,0,27,6,26,15,,,
Svit Sešlar,si SVN,"MF,FW",Eyüpspor,23,TUR-Super Lig,555,1,1,0,0,5,6,8,3,,,
Enes Seven,,FW,Konyaspor,18,TUR-Super Lig,1,0,0,0,0,0,0,0,0,,,
Eldor Shomurodov,uz UZB,"MF,FW",Başakşehir,30,TUR-Super Lig,2916,22,5,0,0,17,4,19,48,,,
Show,ao ANG,MF,Kocaelispor,26,TUR-Super Lig,2316,0,0,12,1,30,25,4,2,,,
Danylo Sikan,ua UKR,MF,Trabzonspor,24,TUR-Super Lig,247,1,0,2,0,3,1,3,2,,,
Jota Silva,pt POR,MF,Beşiktaş,25,TUR-Super Lig,582,4,0,1,0,2,8,9,12,,,
Rafa Silva,pt POR,MF,Beşiktaş,32,TUR-Super Lig,816,5,1,0,0,4,4,6,13,,,
Wilfried Singo,ci CIV,DF,Galatasaray,24,TUR-Super Lig,951,2,1,3,0,11,14,9,3,,,
Doğukan Sınık,tr TUR,MF,Antalyaspor,26,TUR-Super Lig,838,0,2,5,1,9,2,18,4,,,
Guilherme Sityá,pt POR,"DF,MF",Konyaspor,35,TUR-Super Lig,1858,0,1,3,0,21,24,104,1,,,
Ahmet Sivri,,"MF,FW",Karagümrük,26,TUR-Super Lig,299,0,0,0,0,2,4,7,3,,,
Milan Škriniar,sk SVK,DF,Fenerbahçe,30,TUR-Super Lig,2115,2,0,6,0,20,15,2,4,,,
Hrvoje Smolčić,hr CRO,DF,Kocaelispor,24,TUR-Super Lig,2226,1,1,2,0,22,36,24,5,,,
Deian Sorescu,ro ROU,"MF,DF",Gaziantep,27,TUR-Super Lig,1553,3,2,4,0,14,13,61,10,,,
Afonso Sousa,pt POR,MF,Samsunspor,25,TUR-Super Lig,176,1,1,1,0,2,1,9,3,,,
Ali Sowe,gm GAM,FW,Rizespor,31,TUR-Super Lig,2284,8,4,3,0,5,3,2,17,,,
Furkan Soyalp,tr TUR,MF,Kayserispor,30,TUR-Super Lig,1800,1,0,7,0,42,27,23,11,,,
Çağlar Söyüncü,tr TUR,DF,Fenerbahçe,29,TUR-Super Lig,770,0,1,0,0,12,6,3,0,,,
Andraž Šporar,si SVN,FW,Alanyaspor,31,TUR-Super Lig,164,0,0,0,0,1,0,1,1,,,
Marius Ştefănescu,ro ROU,MF,Konyaspor,26,TUR-Super Lig,167,0,0,0,0,2,0,16,2,,,
Taras Stepanenko,ua UKR,MF,Eyüpspor,35,TUR-Super Lig,528,0,0,3,0,12,7,1,1,,,
Nikola Storm,be BEL,"MF,FW",Antalyaspor,30,TUR-Super Lig,1617,4,1,1,0,8,9,68,20,,,
Sander van de Streek,nl NED,"FW,MF",Antalyaspor,32,TUR-Super Lig,2338,6,4,5,1,17,20,20,13,,,
Mahamadou Susoho,es ESP,MF,Kocaelispor,20,TUR-Super Lig,513,0,0,0,0,7,5,2,0,,,
Sander Svendsen,no NOR,"MF,FW",Konyaspor,27,TUR-Super Lig,373,0,0,0,0,1,1,4,2,,,
Jonas Svensson,no NOR,DF,Beşiktaş,32,TUR-Super Lig,344,0,0,1,0,8,10,3,0,,,
Oleksandr Syrota,ua UKR,DF,Kocaelispor,25,TUR-Super Lig,362,0,0,0,0,2,4,0,0,,,
Attila Szalai,hu HUN,DF,Kasımpaşa,27,TUR-Super Lig,1163,0,1,1,0,12,14,3,4,,,
Sebastian Szymański,pl POL,MF,Fenerbahçe,26,TUR-Super Lig,448,1,0,0,0,6,2,27,3,,,
Muhammet Taha Şahin,,"DF,MF",Rizespor,24,TUR-Super Lig,1791,1,0,4,0,18,22,94,4,,,
Tayyib Talha Sanuç,tr TUR,DF,Beşiktaş,25,TUR-Super Lig,1,0,0,0,0,0,0,0,0,,,
Tayyib Talha Sanuç,tr TUR,DF,Gaziantep,25,TUR-Super Lig,1333,0,0,4,0,14,31,1,1,,,
Talisca,br BRA,"MF,FW",Fenerbahçe,31,TUR-Super Lig,1944,19,4,2,0,4,8,12,48,,,
Muhammet Taşçı,tr TUR,MF,Konyaspor,23,TUR-Super Lig,223,1,1,1,0,3,0,11,3,,,
Emre Taşdemir,tr TUR,DF,Kasımpaşa,29,TUR-Super Lig,53,0,0,0,0,0,1,3,0,,,
Ilter Tashkin,az AZE,MF,Eyüpspor,31,TUR-Super Lig,1071,0,0,6,0,19,12,1,3,,,
Ertuğrul Taşkıran,tr TUR,GK,Alanyaspor,35,TUR-Super Lig,1800,0,0,2,0,1,0,0,0,56,22,7
Elayis Tavsan,nl NED,"MF,FW",Samsunspor,24,TUR-Super Lig,813,2,2,1,0,16,3,36,10,,,
Serkan Terzi,tr TUR,DF,Beşiktaş,21,TUR-Super Lig,21,0,0,0,0,0,0,0,0,,,
Ahmet Tırpancı,,DF,Konyaspor,18,TUR-Super Lig,1,0,0,0,0,0,1,0,0,,,
Dorukhan Toköz,tr TUR,"MF,DF",Kayserispor,29,TUR-Super Lig,1338,0,0,5,1,17,21,6,0,,,
Logi Tómasson,is ISL,DF,Samsunspor,24,TUR-Super Lig,2256,1,4,5,0,27,19,86,5,,,
Franco Tongya,it ITA,MF,Gençlerbirliği,23,TUR-Super Lig,2267,5,3,6,1,27,12,12,19,,,
Emir Topçu,tr TUR,DF,Beşiktaş,24,TUR-Super Lig,1740,1,0,9,0,27,31,17,6,,,
Lucas Torreira,uy URU,MF,Galatasaray,29,TUR-Super Lig,2213,3,4,5,0,29,24,5,8,,,
Ángel Torres,co COL,"MF,FW",Eyüpspor,25,TUR-Super Lig,545,0,1,0,0,6,4,7,0,,,
Cenk Tosun,tr TUR,"FW,MF",Fenerbahçe,34,TUR-Super Lig,65,0,1,0,0,0,0,0,0,,,
Cenk Tosun,tr TUR,FW,Kasımpaşa,34,TUR-Super Lig,368,1,0,4,0,1,1,0,1,,,
Adama Traoré,ml MLI,"MF,FW",Gençlerbirliği,30,TUR-Super Lig,1070,2,1,4,0,7,4,11,6,,,
Ahmed Traore,ci CIV,MF,Karagümrük,18,TUR-Super Lig,390,1,0,1,0,5,2,3,4,,,
Indrit Tuci,al ALB,"FW,MF",Kayserispor,24,TUR-Super Lig,790,3,0,1,0,6,4,2,14,,,
Ozan Tufan,tr TUR,"MF,DF",Trabzonspor,30,TUR-Super Lig,1432,1,2,4,0,22,19,20,4,,,
Hüseyin Türkmen,tr TUR,DF,Antalyaspor,27,TUR-Super Lig,1430,0,0,0,0,11,32,5,1,,,
Deniz Turuc,tr TUR,MF,Konyaspor,32,TUR-Super Lig,1036,1,1,8,0,11,4,80,5,,,
Deniz Turuc,tr TUR,MF,Başakşehir,32,TUR-Super Lig,475,0,1,2,0,4,3,37,2,,,
Salih Uçan,tr TUR,MF,Beşiktaş,31,TUR-Super Lig,523,0,0,3,0,14,11,5,1,,,
Nikoloz Ugrekhelidze,ge GEO,DF,Karagümrük,21,TUR-Super Lig,180,0,0,1,0,1,5,0,0,,,
Hwang Ui-jo,kr KOR,"MF,FW",Alanyaspor,32,TUR-Super Lig,2452,4,6,2,0,8,6,22,16,,,
Oğulcan Ülgün,tr TUR,MF,Gençlerbirliği,27,TUR-Super Lig,1614,4,3,5,0,12,12,14,9,,,
Talha Ulvan,be BEL,DF,Eyüpspor,24,TUR-Super Lig,1112,2,0,3,0,22,15,38,5,,,
Cengiz Ünder,tr TUR,MF,Beşiktaş,28,TUR-Super Lig,1164,5,3,3,0,10,8,73,18,,,
Cengiz Ünder,tr TUR,"FW,MF",Fenerbahçe,28,TUR-Super Lig,9,0,0,0,0,0,0,0,0,,,
Arda Ünyay,tr TUR,DF,Galatasaray,18,TUR-Super Lig,210,0,0,0,0,2,5,0,1,,,
Kamil Uregen,,DF,Fenerbahçe,17,TUR-Super Lig,45,0,0,0,0,0,0,0,0,,,
Cem Üstündag,at AUT,MF,Kasımpaşa,24,TUR-Super Lig,940,0,0,2,0,13,7,12,0,,,
Necip Uysal,tr TUR,MF,Beşiktaş,34,TUR-Super Lig,81,0,0,1,0,0,5,0,0,,,
Fıratcan Üzüm,,"DF,MF",Gençlerbirliği,26,TUR-Super Lig,353,0,0,0,0,4,2,6,0,,,
Dal Varesanovic,ba BIH,MF,Rizespor,24,TUR-Super Lig,54,1,0,0,0,0,0,2,1,,,
Dal Varesanovic,ba BIH,MF,Gençlerbirliği,24,TUR-Super Lig,288,0,0,0,0,4,2,1,0,,,
Devis Vásquez,co COL,GK,Beşiktaş,27,TUR-Super Lig,90,0,0,0,0,0,0,0,0,3,0,1
Ricardo Velho,pt POR,GK,Gençlerbirliği,26,TUR-Super Lig,2070,0,0,0,0,1,0,0,0,74,31,6
Daniele Verde,it ITA,MF,Karagümrük,29,TUR-Super Lig,489,1,4,0,0,0,7,26,10,,,
Bruno Viana,br BRA,DF,Alanyaspor,30,TUR-Super Lig,389,0,0,1,0,7,4,1,0,,,
Paulo Victor Vidotti,br BRA,GK,Alanyaspor,38,TUR-Super Lig,1260,0,0,3,0,0,0,0,0,34,19,3
Edin Višća,ba BIH,MF,Trabzonspor,35,TUR-Super Lig,189,0,0,0,0,1,1,21,2,,,
Güray Vural,tr TUR,"MF,FW",Antalyaspor,37,TUR-Super Lig,275,2,0,1,0,2,0,13,5,,,
Mateusz Wieteska,pl POL,DF,Kocaelispor,28,TUR-Super Lig,21,0,0,0,0,0,1,0,0,,,
Cláudio Winck,br BRA,DF,Kasımpaşa,31,TUR-Super Lig,2300,3,1,6,0,37,22,66,8,,,
Eren Yağmur,,FW,Konyaspor,18,TUR-Super Lig,76,1,1,0,0,2,1,0,1,,,
Güven Yalçın,tr TUR,"FW,MF",Alanyaspor,26,TUR-Super Lig,999,8,0,2,0,0,5,8,13,,,
Robin Yalçın,de GER,DF,Eyüpspor,31,TUR-Super Lig,1625,0,0,0,0,13,13,4,1,,,
Samet Yalçın,,MF,Kocaelispor,31,TUR-Super Lig,267,0,0,0,1,4,4,2,0,,,
Polat Yaldır,tr TUR,FW,Samsunspor,22,TUR-Super Lig,94,0,0,0,0,1,2,3,2,,,
Ata Yanik,tr TUR,DF,Konyaspor,16,TUR-Super Lig,90,0,0,0,0,0,0,0,0,,,
Karahan Yasir Subaşı,tr TUR,"DF,MF",Konyaspor,29,TUR-Super Lig,509,0,0,0,0,7,11,3,0,,,
Zeki Yavru,tr TUR,DF,Samsunspor,33,TUR-Super Lig,2008,0,1,3,0,24,27,150,3,,,
Arda Yavuz,,DF,Eyüpspor,19,TUR-Super Lig,68,0,0,0,0,3,1,0,0,,,
Batuhan Yavuz,tr TUR,DF,Alanyaspor,20,TUR-Super Lig,1,0,0,0,0,0,0,0,0,,,
Ali Yavuz Kol,tr TUR,MF,Kasımpaşa,24,TUR-Super Lig,719,0,0,3,0,19,6,44,3,,,
Uğurcan Yazgılı,tr TUR,DF,Konyaspor,26,TUR-Super Lig,2001,0,1,9,0,32,40,9,2,,,
Erdoğan Yeşilyurt,,"DF,MF",Antalyaspor,31,TUR-Super Lig,391,0,1,4,0,3,10,23,2,,,
Abdullah Yiğiter,,GK,Antalyaspor,25,TUR-Super Lig,1260,0,0,3,0,0,0,0,0,37,21,6
Bertuğ Yıldırım,tr TUR,FW,Başakşehir,23,TUR-Super Lig,561,7,1,2,0,3,3,1,10,,,
Ege Yıldırım,,DF,Göztepe,18,TUR-Super Lig,9,0,0,0,0,0,0,0,0,,,
Engin Yıldırım,tr TUR,FW,Antalyaspor,20,TUR-Super Lig,158,0,0,1,0,2,0,0,1,,,
Berk Yıldızlı,,FW,Kasımpaşa,20,TUR-Super Lig,3,0,0,0,0,0,0,0,0,,,
Jankat Yilmaz,tr TUR,GK,Eyüpspor,20,TUR-Super Lig,1260,0,0,3,0,0,0,0,0,50,18,4
Kartal Yılmaz,tr TUR,MF,Beşiktaş,24,TUR-Super Lig,518,0,1,2,0,8,7,18,1,,,
Mert Yilmaz,tr TUR,"DF,MF",Antalyaspor,26,TUR-Super Lig,21,0,0,1,0,0,0,0,0,,,
Rıdvan Yılmaz,tr TUR,DF,Beşiktaş,24,TUR-Super Lig,2088,0,0,4,0,30,23,73,1,,,
Okay Yokuşlu,tr TUR,"MF,DF",Trabzonspor,31,TUR-Super Lig,889,1,0,1,1,5,7,4,3,,,
İsmail Yüksek,tr TUR,MF,Fenerbahçe,26,TUR-Super Lig,1765,1,2,5,0,38,23,12,8,,,
Celil Yüksel,tr TUR,MF,Samsunspor,27,TUR-Super Lig,1155,0,1,2,0,25,17,28,2,,,
Esat Yusuf Narin,,MF,Kocaelispor,18,TUR-Super Lig,23,0,0,0,0,0,1,0,0,,,
Ada Yüzgeç,tr TUR,FW,Galatasaray,16,TUR-Super Lig,1,0,0,0,0,0,0,0,0,,,
Nicolò Zaniolo,it ITA,"FW,MF",Galatasaray,26,TUR-Super Lig,54,0,1,0,0,0,0,1,1,,,
Altin Zeqiri,xk KVX,"MF,FW",Rizespor,25,TUR-Super Lig,704,1,0,3,0,12,2,27,6,,,
Oleksandr Zubkov,ua UKR,MF,Trabzonspor,28,TUR-Super Lig,2170,4,7,1,0,21,11,167,18,,,
Žan Žužek,si SVN,"DF,MF",Gençlerbirliği,28,TUR-Super Lig,2740,2,0,5,0,25,51,7,5,,,
Mateusz Łęgowski,pl POL,"MF,FW",Eyüpspor,22,TUR-Super Lig,1564,2,1,5,0,15,5,14,4,,,
