,,,,nation,pos,age,born,Playing Time,Playing Time,Playing Time,Playing Time,Performance,Performance,Performance,Performance,Performance,Performance,Performance,Performance,Per 90 Minutes,Per 90 Minutes,Per 90 Minutes,Per 90 Minutes,Per 90 Minutes
,,,,,,,,MP,Starts,Min,90s,Gls,Ast,G+A,G-PK,PK,PKatt,CrdY,CrdR,Gls,Ast,G+A,G-PK,G+A-PK
league,season,team,player,,,,,,,,,,,,,,,,,,,,,
ENG-Premier League,2526,Arsenal,Ben White,ENG,DF,27,1997,12,9,702,7.8,0,1,1,0,0,0,0,0,0.0,0.13,0.13,0.0,0.13
ENG-Premier League,2526,Arsenal,Bukayo Saka,ENG,"FW,MF",23,2001,31,25,2222,24.7,7,5,12,6,1,1,2,0,0.28,0.2,0.49,0.24,0.45
ENG-Premier League,2526,Arsenal,Christian Nørgaard,DEN,MF,31,1994,7,1,106,1.2,0,0,0,0,0,0,0,0,0.0,0.0,0.0,0.0,0.0
ENG-Premier League,2526,Arsenal,Cristhian Mosquera,ESP,DF,21,2004,20,9,994,11.0,0,0,0,0,0,0,4,0,0.0,0.0,0.0,0.0,0.0
ENG-Premier League,2526,Arsenal,David Raya,ESP,GK,29,1995,37,37,3330,37.0,0,0,0,0,0,0,1,0,0.0,0.0,0.0,0.0,0.0
ENG-Premier League,2526,Arsenal,Declan Rice,ENG,MF,26,1999,36,35,3094,34.4,4,5,9,4,0,0,3,0,0.12,0.15,0.26,0.12,0.26
ENG-Premier League,2526,Arsenal,Eberechi Eze,ENG,"MF,FW",27,1998,32,21,1812,20.1,7,2,9,7,0,0,1,0,0.35,0.1,0.45,0.35,0.45
ENG-Premier League,2526,Arsenal,Ethan Nwaneri,ENG,MF,18,2007,6,0,171,1.9,0,0,0,0,0,0,0,0,0.0,0.0,0.0,0.0,0.0
ENG-Premier League,2526,Arsenal,Gabriel Jesus,BRA,FW,28,1997,14,3,429,4.8,3,0,3,3,0,0,3,0,0.63,0.0,0.63,0.63,0.63
ENG-Premier League,2526,Arsenal,Gabriel Magalhães,BRA,DF,27,1997,32,30,2751,30.6,3,4,7,3,0,0,4,0,0.1,0.13,0.23,0.1,0.23
ENG-Premier League,2526,Arsenal,Gabriel Martinelli,BRA,"FW,MF",24,2001,30,11,1081,12.0,1,4,5,1,0,0,3,0,0.08,0.33,0.42,0.08,0.42
ENG-Premier League,2526,Arsenal,Jurriën Timber,NED,DF,24,2001,30,28,2454,27.3,3,5,8,3,0,0,5,0,0.11,0.18,0.29,0.11,0.29
ENG-Premier League,2526,Arsenal,Kai Havertz,GER,"FW,MF",26,1999,12,7,581,6.5,2,3,5,2,0,0,1,0,0.31,0.46,0.77,0.31,0.77
ENG-Premier League,2526,Arsenal,Kepa Arrizabalaga,ESP,GK,30,1994,1,1,90,1.0,0,0,0,0,0,0,0,0,0.0,0.0,0.0,0.0,0.0
ENG-Premier League,2526,Arsenal,Leandro Trossard,BEL,"FW,MF",30,1994,31,21,2000,22.2,6,6,12,6,0,0,2,0,0.27,0.27,0.54,0.27,0.54
ENG-Premier League,2526,Arsenal,Martin Ødegaard,NOR,MF,26,1998,24,16,1369,15.2,1,6,7,1,0,0,0,0,0.07,0.39,0.46,0.07,0.46
ENG-Premier League,2526,Arsenal,Martín Zubimendi,ESP,MF,26,1999,38,34,2992,33.2,5,1,6,5,0,0,4,0,0.15,0.03,0.18,0.15,0.18
ENG-Premier League,2526,Arsenal,Max Dowman,ENG,MF,15,2009,6,1,157,1.7,1,0,1,1,0,0,0,0,0.57,0.0,0.57,0.57,0.57
ENG-Premier League,2526,Arsenal,Mikel Merino,ESP,"MF,FW",29,1996,22,10,1036,11.5,4,3,7,4,0,0,1,0,0.35,0.26,0.61,0.35,0.61
ENG-Premier League,2526,Arsenal,Myles Lewis-Skelly,ENG,"MF,DF",18,2006,20,5,709,7.9,0,0,0,0,0,0,3,0,0.0,0.0,0.0,0.0,0.0
ENG-Premier League,2526,Arsenal,Noni Madueke,ENG,"FW,MF",23,2002,26,16,1211,13.5,3,1,4,3,0,0,0,0,0.22,0.07,0.3,0.22,0.3
ENG-Premier League,2526,Arsenal,Piero Hincapié,ECU,DF,23,2002,25,20,1792,19.9,1,2,3,1,0,0,2,0,0.05,0.1,0.15,0.05,0.15
ENG-Premier League,2526,Arsenal,Riccardo Calafiori,ITA,DF,23,2002,26,22,1699,18.9,1,2,3,1,0,0,5,0,0.05,0.11,0.16,0.05,0.16
ENG-Premier League,2526,Arsenal,Viktor Gyökeres,SWE,FW,27,1998,36,26,2224,24.7,14,1,15,11,3,3,5,0,0.57,0.04,0.61,0.45,0.49
ENG-Premier League,2526,Arsenal,William Saliba,FRA,DF,24,2001,31,30,2614,29.0,1,0,1,1,0,0,2,0,0.03,0.0,0.03,0.03,0.03
ENG-Premier League,2526,Aston Villa,Alysson Edward,BRA,MF,19,2006,3,0,49,0.5,0,0,0,0,0,0,0,0,0.0,0.0,0.0,0.0,0.0
ENG-Premier League,2526,Aston Villa,Amadou Onana,BEL,MF,23,2001,25,21,1758,19.5,2,0,2,2,0,0,3,0,0.1,0.0,0.1,0.1,0.1
ENG-Premier League,2526,Aston Villa,Andrés García,ESP,DF,22,2003,6,1,86,1.0,0,0,0,0,0,0,0,0,0.0,0.0,0.0,0.0,0.0
ENG-Premier League,2526,Aston Villa,Boubacar Kamara,FRA,MF,25,1999,18,17,1411,15.7,1,3,4,1,0,0,5,0,0.06,0.19,0.26,0.06,0.26
ENG-Premier League,2526,Aston Villa,Bradley Burrowes,ENG,MF,17,2008,1,0,17,0.2,0,0,0,0,0,0,0,0,0.0,0.0,0.0,0.0,0.0
ENG-Premier League,2526,Aston Villa,Donyell Malen,NED,"FW,MF",26,1999,21,5,656,7.3,4,1,5,4,0,0,0,0,0.55,0.14,0.69,0.55,0.69
ENG-Premier League,2526,Aston Villa,Douglas Luiz,BRA,MF,27,1998,13,7,604,6.7,1,0,1,1,0,0,1,0,0.15,0.0,0.15,0.15,0.15
ENG-Premier League,2526,Aston Villa,Emi Buendía,ARG,MF,28,1996,36,21,1755,19.5,6,2,8,6,0,0,6,0,0.31,0.1,0.41,0.31,0.41
ENG-Premier League,2526,Aston Villa,Emiliano Martínez,ARG,GK,32,1992,32,32,2835,31.5,0,1,1,0,0,0,2,0,0.0,0.03,0.03,0.0,0.03
ENG-Premier League,2526,Aston Villa,Evann Guessand,CIV,MF,24,2001,13,6,588,6.5,0,1,1,0,0,0,0,0,0.0,0.15,0.15,0.0,0.15
ENG-Premier League,2526,Aston Villa,Ezri Konsa,ENG,DF,27,1997,34,34,3035,33.7,0,0,0,0,0,0,0,1,0.0,0.0,0.0,0.0,0.0
ENG-Premier League,2526,Aston Villa,George Hemmings,ENG,MF,18,2007,2,0,27,0.3,0,0,0,0,0,0,0,0,0.0,0.0,0.0,0.0,0.0
ENG-Premier League,2526,Aston Villa,Harvey Elliott,ENG,MF,22,2003,4,1,112,1.2,0,0,0,0,0,0,0,0,0.0,0.0,0.0,0.0,0.0
ENG-Premier League,2526,Aston Villa,Ian Maatsen,NED,DF,23,2002,30,17,1605,17.8,0,1,1,0,0,0,2,0,0.0,0.06,0.06,0.0,0.06
ENG-Premier League,2526,Aston Villa,Jadon Sancho,ENG,MF,25,2000,23,9,876,9.7,0,2,2,0,0,0,0,0,0.0,0.21,0.21,0.0,0.21
ENG-Premier League,2526,Aston Villa,Jamaldeen Jimoh,ENG,MF,18,2006,1,0,9,0.1,0,0,0,0,0,0,0,0,0.0,0.0,0.0,0.0,0.0
ENG-Premier League,2526,Aston Villa,John McGinn,SCO,MF,30,1994,30,28,2137,23.7,5,4,9,5,0,0,5,0,0.21,0.17,0.38,0.21,0.38
ENG-Premier League,2526,Aston Villa,Lamare Bogarde,NED,"MF,DF",21,2004,28,11,1053,11.7,0,0,0,0,0,0,5,0,0.0,0.0,0.0,0.0,0.0
ENG-Premier League,2526,Aston Villa,Leon Bailey,JAM,MF,27,1997,13,3,459,5.1,0,1,1,0,0,0,1,0,0.0,0.2,0.2,0.0,0.2
ENG-Premier League,2526,Aston Villa,Lucas Digne,FRA,DF,32,1993,31,21,1852,20.6,0,6,6,0,0,0,3,0,0.0,0.29,0.29,0.0,0.29
ENG-Premier League,2526,Aston Villa,Marco Bizot,NED,GK,34,1991,7,6,585,6.5,0,0,0,0,0,0,2,0,0.0,0.0,0.0,0.0,0.0
ENG-Premier League,2526,Aston Villa,Matty Cash,POL,DF,27,1997,35,34,3014,33.5,3,3,6,3,0,0,9,0,0.09,0.09,0.18,0.09,0.18
ENG-Premier League,2526,Aston Villa,Morgan Rogers,ENG,MF,23,2002,37,37,3280,36.4,10,6,16,10,0,0,7,0,0.27,0.16,0.44,0.27,0.44
ENG-Premier League,2526,Aston Villa,Ollie Watkins,ENG,FW,29,1995,37,33,2839,31.5,16,3,19,16,0,0,4,0,0.51,0.1,0.6,0.51,0.6
ENG-Premier League,2526,Aston Villa,Pau Torres,ESP,DF,28,1997,21,18,1676,18.6,0,0,0,0,0,0,1,0,0.0,0.0,0.0,0.0,0.0
ENG-Premier League,2526,Aston Villa,Ross Barkley,ENG,MF,31,1993,21,7,857,9.5,3,1,4,3,0,0,1,0,0.32,0.11,0.42,0.32,0.42
ENG-Premier League,2526,Aston Villa,Tammy Abraham,ENG,FW,27,1997,12,2,286,3.2,2,0,2,2,0,0,0,0,0.63,0.0,0.63,0.63,0.63
ENG-Premier League,2526,Aston Villa,Tyrone Mings,ENG,DF,32,1993,17,15,1324,14.7,0,0,0,0,0,0,1,0,0.0,0.0,0.0,0.0,0.0
ENG-Premier League,2526,Aston Villa,Victor Lindelöf,SWE,"DF,MF",31,1994,17,11,948,10.5,0,1,1,0,0,0,0,0,0.0,0.09,0.09,0.0,0.09
ENG-Premier League,2526,Aston Villa,Youri Tielemans,BEL,MF,28,1997,25,21,1862,20.7,0,4,4,0,0,0,0,0,0.0,0.19,0.19,0.0,0.19
ENG-Premier League,2526,Bournemouth,Adam Smith,ENG,DF,34,1991,22,14,1077,12.0,0,2,2,0,0,0,3,0,0.0,0.17,0.17,0.0,0.17
ENG-Premier League,2526,Bournemouth,Adrien Truffert,FRA,DF,23,2001,38,38,3379,37.5,1,5,6,1,0,0,5,0,0.03,0.13,0.16,0.03,0.16
ENG-Premier League,2526,Bournemouth,Alex Scott,ENG,MF,21,2003,37,34,2849,31.7,3,1,4,3,0,0,5,0,0.09,0.03,0.13,0.09,0.13
ENG-Premier League,2526,Bournemouth,Alex Tóth,HUN,MF,19,2005,9,2,140,1.6,0,0,0,0,0,0,1,0,0.0,0.0,0.0,0.0,0.0
ENG-Premier League,2526,Bournemouth,Amine Adli,MAR,MF,25,2000,31,10,1094,12.2,3,1,4,3,0,0,2,0,0.25,0.08,0.33,0.25,0.33
ENG-Premier League,2526,Bournemouth,Antoine Semenyo,GHA,MF,25,2000,20,20,1798,20.0,10,3,13,9,1,2,6,0,0.5,0.15,0.65,0.45,0.6
ENG-Premier League,2526,Bournemouth,Bafodé Diakité,FRA,DF,24,2001,18,15,1277,14.2,0,0,0,0,0,0,1,0,0.0,0.0,0.0,0.0,0.0
ENG-Premier League,2526,Bournemouth,Ben Gannon-Doak,SCO,MF,19,2005,8,0,113,1.3,0,1,1,0,0,0,0,0,0.0,0.8,0.8,0.0,0.8
ENG-Premier League,2526,Bournemouth,Ben Winterburn,ENG,MF,20,2004,1,0,7,0.1,0,0,0,0,0,0,0,0,0.0,0.0,0.0,0.0,0.0
ENG-Premier League,2526,Bournemouth,David Brooks,WAL,MF,28,1997,31,13,1204,13.4,1,3,4,1,0,0,7,0,0.07,0.22,0.3,0.07,0.3
ENG-Premier League,2526,Bournemouth,Eli Junior Kroupi,FRA,"MF,FW",19,2006,33,21,1672,18.6,13,0,13,11,2,2,5,0,0.7,0.0,0.7,0.59,0.59
ENG-Premier League,2526,Bournemouth,Enes Ünal,TUR,FW,28,1997,23,0,232,2.6,1,0,1,1,0,0,1,0,0.39,0.0,0.39,0.39,0.39
ENG-Premier League,2526,Bournemouth,Evanilson,BRA,FW,25,1999,36,32,2742,30.5,6,1,7,6,0,0,2,0,0.2,0.03,0.23,0.2,0.23
ENG-Premier League,2526,Bournemouth,Hamed Junior Traorè,CIV,MF,25,2000,1,0,17,0.2,0,1,1,0,0,0,0,0,0.0,5.29,5.29,0.0,5.29
ENG-Premier League,2526,Bournemouth,James Hill,ENG,DF,23,2002,29,22,2106,23.4,0,3,3,0,0,0,5,0,0.0,0.13,0.13,0.0,0.13
ENG-Premier League,2526,Bournemouth,Julio Soler,ARG,DF,20,2005,3,0,35,0.4,0,0,0,0,0,0,0,0,0.0,0.0,0.0,0.0,0.0
ENG-Premier League,2526,Bournemouth,Justin Kluivert,NED,MF,26,1999,20,10,952,10.6,2,0,2,2,0,0,5,0,0.19,0.0,0.19,0.19,0.19
ENG-Premier League,2526,Bournemouth,Lewis Cook,ENG,"MF,DF",28,1997,18,8,874,9.7,0,1,1,0,0,0,1,1,0.0,0.1,0.1,0.0,0.1
ENG-Premier League,2526,Bournemouth,Marcos Senesi,ARG,DF,28,1997,37,37,3288,36.5,0,5,5,0,0,0,8,0,0.0,0.14,0.14,0.0,0.14
ENG-Premier League,2526,Bournemouth,Marcus Tavernier,ENG,MF,26,1999,34,31,2731,30.3,7,4,11,5,2,2,6,0,0.23,0.13,0.36,0.16,0.3
ENG-Premier League,2526,Bournemouth,Rayan,BRA,MF,18,2006,15,13,1111,12.3,5,2,7,5,0,0,1,0,0.41,0.16,0.57,0.41,0.57
ENG-Premier League,2526,Bournemouth,Ryan Christie,SCO,MF,30,1995,26,9,994,11.0,2,0,2,2,0,0,3,1,0.18,0.0,0.18,0.18,0.18
ENG-Premier League,2526,Bournemouth,Tyler Adams,USA,MF,26,1999,25,21,1772,19.7,2,2,4,2,0,0,8,0,0.1,0.1,0.2,0.1,0.2
ENG-Premier League,2526,Bournemouth,Veljko Milosavljević,SRB,DF,18,2007,7,4,368,4.1,0,0,0,0,0,0,0,0,0.0,0.0,0.0,0.0,0.0
ENG-Premier League,2526,Bournemouth,Álex Jiménez,ESP,"DF,MF",20,2005,31,26,2317,25.7,1,0,1,1,0,0,10,0,0.04,0.0,0.04,0.04,0.04
ENG-Premier League,2526,Bournemouth,Đorđe Petrović,SRB,GK,25,1999,38,38,3420,38.0,0,0,0,0,0,0,3,0,0.0,0.0,0.0,0.0,0.0
ENG-Premier League,2526,Brentford,Aaron Hickey,SCO,"DF,MF",23,2002,21,8,691,7.7,0,0,0,0,0,0,1,0,0.0,0.0,0.0,0.0,0.0
ENG-Premier League,2526,Brentford,Antoni Milambo,NED,MF,20,2005,1,1,45,0.5,0,0,0,0,0,0,0,0,0.0,0.0,0.0,0.0,0.0
ENG-Premier League,2526,Brentford,Caoimhín Kelleher,IRL,GK,26,1998,37,37,3330,37.0,0,0,0,0,0,0,1,0,0.0,0.0,0.0,0.0,0.0
ENG-Premier League,2526,Brentford,Dango Ouattara,BFA,MF,23,2002,32,25,2276,25.3,7,3,10,7,0,0,5,0,0.28,0.12,0.4,0.28,0.4
ENG-Premier League,2526,Brentford,Ethan Pinnock,JAM,DF,32,1993,4,4,318,3.5,0,0,0,0,0,0,1,0,0.0,0.0,0.0,0.0,0.0
ENG-Premier League,2526,Brentford,Fabio Carvalho,POR,MF,22,2002,6,1,102,1.1,1,0,1,1,0,0,0,0,0.88,0.0,0.88,0.88,0.88
ENG-Premier League,2526,Brentford,Frank Onyeka,NGA,MF,27,1998,6,0,92,1.0,0,1,1,0,0,0,0,0,0.0,0.98,0.98,0.0,0.98
ENG-Premier League,2526,Brentford,Hákon Valdimarsson,ISL,GK,23,2001,1,1,90,1.0,0,0,0,0,0,0,0,0,0.0,0.0,0.0,0.0,0.0
ENG-Premier League,2526,Brentford,Igor Thiago,BRA,FW,24,2001,38,37,3282,36.5,22,1,23,14,8,9,7,0,0.6,0.03,0.63,0.38,0.41
ENG-Premier League,2526,Brentford,Jordan Henderson,ENG,MF,35,1990,32,22,1919,21.3,1,3,4,1,0,0,6,0,0.05,0.14,0.19,0.05,0.19
ENG-Premier League,2526,Brentford,Josh Dasilva,ENG,MF,26,1998,2,0,3,0.0,0,0,0,0,0,0,0,0,0.0,0.0,0.0,0.0,0.0
ENG-Premier League,2526,Brentford,Kaye Furo,BEL,FW,18,2007,1,0,1,0.0,0,0,0,0,0,0,0,0,0.0,0.0,0.0,0.0,0.0
ENG-Premier League,2526,Brentford,Keane Lewis-Potter,ENG,"DF,MF",24,2001,36,22,1972,21.9,3,3,6,3,0,0,1,0,0.14,0.14,0.27,0.14,0.27
ENG-Premier League,2526,Brentford,Kevin Schade,GER,"MF,FW",23,2001,35,32,2745,30.5,8,3,11,8,0,1,6,1,0.26,0.1,0.36,0.26,0.36
ENG-Premier League,2526,Brentford,Kristoffer Ajer,NOR,DF,27,1998,27,20,1810,20.1,0,1,1,0,0,0,4,0,0.0,0.05,0.05,0.0,0.05
ENG-Premier League,2526,Brentford,Mathias Jensen,DEN,MF,29,1996,36,26,2247,25.0,3,1,4,3,0,0,3,0,0.12,0.04,0.16,0.12,0.16
ENG-Premier League,2526,Brentford,Michael Kayode,ITA,DF,21,2004,37,37,3258,36.2,1,1,2,1,0,0,8,0,0.03,0.03,0.06,0.03,0.06
ENG-Premier League,2526,Brentford,Mikkel Damsgaard,DEN,MF,25,2000,33,24,2054,22.8,4,4,8,4,0,0,0,0,0.18,0.18,0.35,0.18,0.35
ENG-Premier League,2526,Brentford,Myles Peart-Harris,ENG,MF,22,2002,1,0,1,0.0,0,0,0,0,0,0,0,0,0.0,0.0,0.0,0.0,0.0
ENG-Premier League,2526,Brentford,Nathan Collins,IRL,DF,24,2001,35,32,2975,33.1,1,2,3,1,0,0,7,0,0.03,0.06,0.09,0.03,0.09
ENG-Premier League,2526,Brentford,Reiss Nelson,ENG,"FW,MF",25,1999,10,0,126,1.4,0,1,1,0,0,0,0,0,0.0,0.71,0.71,0.0,0.71
ENG-Premier League,2526,Brentford,Rico Henry,JAM,DF,28,1997,25,14,1328,14.8,0,1,1,0,0,0,2,0,0.0,0.07,0.07,0.0,0.07
ENG-Premier League,2526,Brentford,Romelle Donovan,ENG,FW,18,2006,4,0,41,0.5,0,0,0,0,0,0,0,0,0.0,0.0,0.0,0.0,0.0
ENG-Premier League,2526,Brentford,Sepp van den Berg,NED,DF,23,2001,32,30,2763,30.7,0,2,2,0,0,0,2,0,0.0,0.07,0.07,0.0,0.07
ENG-Premier League,2526,Brentford,Vitaly Janelt,GER,MF,27,1998,25,15,1443,16.0,1,4,5,1,0,0,8,0,0.06,0.25,0.31,0.06,0.31
ENG-Premier League,2526,Brentford,Yehor Yarmoliuk,UKR,MF,21,2004,37,30,2659,29.5,1,2,3,1,0,0,7,0,0.03,0.07,0.1,0.03,0.1
ENG-Premier League,2526,Brighton,Bart Verbruggen,NED,GK,22,2002,38,38,3420,38.0,0,0,0,0,0,0,3,0,0.0,0.0,0.0,0.0,0.0
ENG-Premier League,2526,Brighton,Brajan Gruda,GER,MF,21,2004,18,8,719,8.0,1,1,2,1,0,0,2,0,0.13,0.13,0.25,0.13,0.25
ENG-Premier League,2526,Brighton,Carlos Baleba,CMR,MF,21,2004,31,23,1652,18.4,0,0,0,0,0,0,5,0,0.0,0.0,0.0,0.0,0.0
ENG-Premier League,2526,Brighton,Charalampos Kostoulas,GRE,FW,18,2007,21,2,369,4.1,2,1,3,2,0,0,2,0,0.49,0.24,0.73,0.49,0.73
ENG-Premier League,2526,Brighton,Danny Welbeck,ENG,FW,34,1990,37,26,2258,25.1,13,1,14,12,1,3,5,0,0.52,0.04,0.56,0.48,0.52
ENG-Premier League,2526,Brighton,Diego Coppola,ITA,DF,21,2003,5,2,194,2.2,0,0,0,0,0,0,2,0,0.0,0.0,0.0,0.0,0.0
ENG-Premier League,2526,Brighton,Diego Gómez,PAR,"MF,FW",22,2003,32,26,2120,23.6,5,1,6,5,0,0,9,0,0.21,0.04,0.25,0.21,0.25
ENG-Premier League,2526,Brighton,Ferdi Kadioglu,TUR,"DF,MF",25,1999,37,34,3133,34.8,1,0,1,1,0,0,6,0,0.03,0.0,0.03,0.03,0.03
ENG-Premier League,2526,Brighton,Georginio Rutter,FRA,"MF,FW",23,2002,32,20,1786,19.8,3,3,6,3,0,0,2,0,0.15,0.15,0.3,0.15,0.3
ENG-Premier League,2526,Brighton,Harry Howell,ENG,MF,17,2008,3,1,94,1.0,0,0,0,0,0,0,0,0,0.0,0.0,0.0,0.0,0.0
ENG-Premier League,2526,Brighton,Jack Hinshelwood,ENG,MF,20,2005,27,20,1741,19.3,4,3,7,4,0,0,0,0,0.21,0.16,0.36,0.21,0.36
ENG-Premier League,2526,Brighton,James Milner,ENG,MF,39,1986,20,7,784,8.7,1,1,2,0,1,1,2,0,0.11,0.11,0.23,0.0,0.11
ENG-Premier League,2526,Brighton,Jan Paul van Hecke,NED,DF,25,2000,36,36,3210,35.7,3,3,6,3,0,0,9,0,0.08,0.08,0.17,0.08,0.17
ENG-Premier League,2526,Brighton,Joe Knight,ENG,MF,19,2005,1,0,1,0.0,0,0,0,0,0,0,0,0,0.0,0.0,0.0,0.0,0.0
ENG-Premier League,2526,Brighton,Joël Veltman,NED,DF,33,1992,24,9,1058,11.8,1,0,1,1,0,0,5,0,0.09,0.0,0.09,0.09,0.09
ENG-Premier League,2526,Brighton,Kaoru Mitoma,JPN,"MF,FW",28,1997,25,19,1721,19.1,3,1,4,3,0,0,5,0,0.16,0.05,0.21,0.16,0.21
ENG-Premier League,2526,Brighton,Lewis Dunk,ENG,DF,33,1991,33,31,2838,31.5,1,0,1,1,0,0,10,0,0.03,0.0,0.03,0.03,0.03
ENG-Premier League,2526,Brighton,Mats Wieffer,NED,DF,25,1999,26,23,1903,21.1,2,3,5,2,0,0,8,0,0.09,0.14,0.24,0.09,0.24
ENG-Premier League,2526,Brighton,Matt O'Riley,DEN,MF,24,2000,6,2,204,2.3,1,0,1,0,1,1,0,0,0.44,0.0,0.44,0.0,0.0
ENG-Premier League,2526,Brighton,Maxim De Cuyper,BEL,"DF,MF",24,2000,30,17,1414,15.7,2,3,5,2,0,0,2,0,0.13,0.19,0.32,0.13,0.32
ENG-Premier League,2526,Brighton,Nehemiah Oriola,ENG,MF,18,2007,1,0,1,0.0,0,0,0,0,0,0,0,0,0.0,0.0,0.0,0.0,0.0
ENG-Premier League,2526,Brighton,Olivier Boscagli,FRA,DF,27,1997,12,9,802,8.9,0,1,1,0,0,0,2,0,0.0,0.11,0.11,0.0,0.11
ENG-Premier League,2526,Brighton,Pascal Groß,GER,MF,34,1991,19,18,1636,18.2,1,3,4,1,0,0,2,0,0.06,0.17,0.22,0.06,0.22
ENG-Premier League,2526,Brighton,Solly March,ENG,MF,31,1994,4,0,41,0.5,0,0,0,0,0,0,0,0,0.0,0.0,0.0,0.0,0.0
ENG-Premier League,2526,Brighton,Stefanos Tzimas,GRE,FW,19,2006,9,1,139,1.5,1,1,2,1,0,0,0,0,0.65,0.65,1.29,0.65,1.29
ENG-Premier League,2526,Brighton,Tom Watson,ENG,MF,19,2006,6,0,62,0.7,0,0,0,0,0,0,1,0,0.0,0.0,0.0,0.0,0.0
ENG-Premier League,2526,Brighton,Yankuba Minteh,GAM,MF,21,2004,34,26,2391,26.6,3,4,7,3,0,0,3,0,0.11,0.15,0.26,0.11,0.26
ENG-Premier League,2526,Brighton,Yasin Ayari,SWE,MF,21,2003,29,20,1929,21.4,3,3,6,3,0,0,1,0,0.14,0.14,0.28,0.14,0.28
ENG-Premier League,2526,Burnley,Armando Broja,ALB,FW,23,2001,24,8,860,9.6,1,1,2,1,0,0,0,0,0.1,0.1,0.21,0.1,0.21
ENG-Premier League,2526,Burnley,Ashley Barnes,ENG,"FW,MF",35,1989,7,0,46,0.5,0,0,0,0,0,0,2,0,0.0,0.0,0.0,0.0,0.0
ENG-Premier League,2526,Burnley,Axel Tuanzebe,COD,DF,27,1997,14,14,1201,13.3,1,0,1,1,0,0,1,0,0.07,0.0,0.07,0.07,0.07
ENG-Premier League,2526,Burnley,Bashir Humphreys,ENG,"DF,MF",22,2003,20,17,1578,17.5,0,0,0,0,0,0,6,0,0.0,0.0,0.0,0.0,0.0
ENG-Premier League,2526,Burnley,Florentino Luís,POR,MF,25,1999,31,25,2105,23.4,0,2,2,0,0,0,6,0,0.0,0.09,0.09,0.0,0.09
ENG-Premier League,2526,Burnley,Hannibal Mejbri,TUN,MF,22,2003,27,15,1229,13.7,1,4,5,1,0,0,10,0,0.07,0.29,0.37,0.07,0.37
ENG-Premier League,2526,Burnley,Hjalmar Ekdal,SWE,DF,26,1998,19,17,1539,17.1,0,0,0,0,0,0,0,0,0.0,0.0,0.0,0.0,0.0
ENG-Premier League,2526,Burnley,Jacob Bruun Larsen,DEN,"MF,FW",26,1998,28,10,1030,11.4,0,1,1,0,0,0,0,0,0.0,0.09,0.09,0.0,0.09
ENG-Premier League,2526,Burnley,Jaidon Anthony,ENG,MF,25,1999,37,32,2722,30.2,8,2,10,8,0,0,4,0,0.26,0.07,0.33,0.26,0.33
ENG-Premier League,2526,Burnley,James Ward-Prowse,ENG,MF,30,1994,13,7,684,7.6,0,1,1,0,0,0,1,0,0.0,0.13,0.13,0.0,0.13
ENG-Premier League,2526,Burnley,Jaydon Amauri Banel,NED,"FW,MF",20,2004,1,0,10,0.1,0,0,0,0,0,0,0,0,0.0,0.0,0.0,0.0,0.0
ENG-Premier League,2526,Burnley,Joe Worrall,ENG,DF,28,1997,11,5,500,5.6,0,0,0,0,0,0,0,0,0.0,0.0,0.0,0.0,0.0
ENG-Premier League,2526,Burnley,Josh Cullen,IRL,MF,29,1996,18,18,1514,16.8,2,2,4,2,0,0,2,0,0.12,0.12,0.24,0.12,0.24
ENG-Premier League,2526,Burnley,Josh Laurent,ENG,"DF,MF",30,1995,33,18,1764,19.6,1,0,1,1,0,0,7,1,0.05,0.0,0.05,0.05,0.05
ENG-Premier League,2526,Burnley,Kyle Walker,ENG,"DF,MF",35,1990,36,35,3096,34.4,0,2,2,0,0,0,9,0,0.0,0.06,0.06,0.0,0.06
ENG-Premier League,2526,Burnley,Lesley Ugochukwu,FRA,MF,21,2004,35,27,2336,26.0,3,1,4,3,0,0,3,1,0.12,0.04,0.15,0.12,0.15
ENG-Premier League,2526,Burnley,Loum Tchaouna,FRA,"MF,FW",21,2003,29,14,1272,14.1,2,1,3,2,0,0,2,0,0.14,0.07,0.21,0.14,0.21
ENG-Premier League,2526,Burnley,Lucas,BRA,"MF,DF",24,2001,20,15,1409,15.7,0,0,0,0,0,0,1,1,0.0,0.0,0.0,0.0,0.0
ENG-Premier League,2526,Burnley,Lyle Foster,RSA,"FW,MF",24,2000,26,15,1371,15.2,3,2,5,3,0,0,4,0,0.2,0.13,0.33,0.2,0.33
ENG-Premier League,2526,Burnley,Marcus Edwards,ENG,"MF,FW",26,1998,23,11,1067,11.9,1,3,4,1,0,0,0,0,0.08,0.25,0.34,0.08,0.34
ENG-Premier League,2526,Burnley,Martin Dúbravka,SVK,GK,36,1989,35,35,3150,35.0,0,0,0,0,0,0,1,0,0.0,0.0,0.0,0.0,0.0
ENG-Premier League,2526,Burnley,Max Weiß,GER,GK,21,2004,3,3,270,3.0,0,0,0,0,0,0,0,0,0.0,0.0,0.0,0.0,0.0
ENG-Premier League,2526,Burnley,Maxime Estève,FRA,DF,23,2002,34,34,2932,32.6,0,0,0,0,0,0,1,0,0.0,0.0,0.0,0.0,0.0
ENG-Premier League,2526,Burnley,Mike Trésor,BEL,"FW,MF",26,1999,6,0,43,0.5,0,0,0,0,0,0,0,0,0.0,0.0,0.0,0.0,0.0
ENG-Premier League,2526,Burnley,Oliver Sonne,PER,DF,24,2000,7,1,169,1.9,1,0,1,1,0,0,0,0,0.53,0.0,0.53,0.53,0.53
ENG-Premier League,2526,Burnley,Quilindschy Hartman,NED,DF,23,2001,21,21,1825,20.3,0,5,5,0,0,0,1,0,0.0,0.25,0.25,0.0,0.25
ENG-Premier League,2526,Burnley,Zeki Amdouni,SUI,"FW,MF",24,2000,4,0,73,0.8,0,0,0,0,0,0,0,0,0.0,0.0,0.0,0.0,0.0
ENG-Premier League,2526,Burnley,Zian Flemming,NED,FW,26,1998,29,21,1769,19.7,11,0,11,9,2,2,5,0,0.56,0.0,0.56,0.46,0.46
ENG-Premier League,2526,Chelsea,Alejandro Garnacho,ARG,MF,21,2004,24,14,1268,14.1,1,4,5,1,0,0,2,0,0.07,0.28,0.35,0.07,0.35
ENG-Premier League,2526,Chelsea,Andrey Santos,BRA,MF,21,2004,27,13,1260,14.0,1,0,1,1,0,0,4,0,0.07,0.0,0.07,0.07,0.07
ENG-Premier League,2526,Chelsea,Benoît Badiashile,FRA,DF,24,2001,8,6,471,5.2,0,0,0,0,0,0,2,0,0.0,0.0,0.0,0.0,0.0
ENG-Premier League,2526,Chelsea,Cole Palmer,ENG,MF,23,2002,26,24,1955,21.7,10,1,11,5,5,6,5,0,0.46,0.05,0.51,0.23,0.28
ENG-Premier League,2526,Chelsea,Dario Essugo,POR,MF,20,2005,3,0,30,0.3,0,0,0,0,0,0,2,0,0.0,0.0,0.0,0.0,0.0
ENG-Premier League,2526,Chelsea,Enzo Fernández,ARG,MF,24,2001,36,35,3115,34.6,10,4,14,8,2,2,10,0,0.29,0.12,0.4,0.23,0.35
ENG-Premier League,2526,Chelsea,Estêvão Willian,BRA,MF,18,2007,22,12,848,9.4,2,2,4,2,0,0,4,0,0.21,0.21,0.42,0.21,0.42
ENG-Premier League,2526,Chelsea,Facundo Buonanotte,ARG,MF,20,2004,1,1,45,0.5,0,0,0,0,0,0,0,0,0.0,0.0,0.0,0.0,0.0
ENG-Premier League,2526,Chelsea,Filip Jørgensen,DEN,GK,23,2002,5,3,379,4.2,0,0,0,0,0,0,0,0,0.0,0.0,0.0,0.0,0.0
ENG-Premier League,2526,Chelsea,Jamie Gittens,ENG,MF,20,2004,16,5,495,5.5,0,2,2,0,0,0,0,0,0.0,0.36,0.36,0.0,0.36
ENG-Premier League,2526,Chelsea,Jesse Derry,ENG,MF,18,2007,1,1,44,0.5,0,0,0,0,0,0,0,0,0.0,0.0,0.0,0.0,0.0
ENG-Premier League,2526,Chelsea,Jorrel Hato,NED,DF,19,2006,22,12,1148,12.8,0,0,0,0,0,0,7,0,0.0,0.0,0.0,0.0,0.0
ENG-Premier League,2526,Chelsea,Joshua Acheampong,ENG,DF,19,2006,17,8,666,7.4,1,0,1,1,0,0,1,0,0.14,0.0,0.14,0.14,0.14
ENG-Premier League,2526,Chelsea,João Pedro,BRA,"FW,MF",23,2001,35,31,2661,29.6,15,5,20,15,0,0,5,0,0.51,0.17,0.68,0.51,0.68
ENG-Premier League,2526,Chelsea,Levi Colwill,ENG,DF,22,2003,3,2,225,2.5,0,0,0,0,0,0,0,0,0.0,0.0,0.0,0.0,0.0
ENG-Premier League,2526,Chelsea,Liam Delap,ENG,FW,22,2003,28,12,1107,12.3,1,0,1,1,0,0,4,0,0.08,0.0,0.08,0.08,0.08
ENG-Premier League,2526,Chelsea,Malo Gusto,FRA,"DF,MF",22,2003,34,26,2261,25.1,2,3,5,2,0,0,5,1,0.08,0.12,0.2,0.08,0.2
ENG-Premier League,2526,Chelsea,Mamadou Sarr,SEN,DF,19,2005,3,1,102,1.1,0,0,0,0,0,0,0,0,0.0,0.0,0.0,0.0,0.0
ENG-Premier League,2526,Chelsea,Marc Cucurella,ESP,DF,27,1998,34,31,2707,30.1,1,4,5,1,0,0,8,1,0.03,0.13,0.17,0.03,0.17
ENG-Premier League,2526,Chelsea,Marc Guiu,ESP,FW,19,2006,8,1,257,2.9,0,1,1,0,0,0,1,0,0.0,0.35,0.35,0.0,0.35
ENG-Premier League,2526,Chelsea,Moisés Caicedo,ECU,MF,23,2001,33,32,2795,31.1,3,1,4,3,0,0,11,1,0.1,0.03,0.13,0.1,0.13
ENG-Premier League,2526,Chelsea,Pedro Neto,POR,"MF,FW",25,2000,34,30,2631,29.2,5,6,11,5,0,0,4,1,0.17,0.21,0.38,0.17,0.38
ENG-Premier League,2526,Chelsea,Reece James,ENG,"DF,MF",25,1999,29,20,1963,21.8,2,4,6,2,0,0,4,0,0.09,0.18,0.28,0.09,0.28
ENG-Premier League,2526,Chelsea,Robert Sánchez,ESP,GK,27,1997,35,35,3039,33.8,0,1,1,0,0,0,3,1,0.0,0.03,0.03,0.0,0.03
ENG-Premier League,2526,Chelsea,Roméo Lavia,BEL,MF,21,2004,12,4,382,4.2,0,0,0,0,0,0,0,0,0.0,0.0,0.0,0.0,0.0
ENG-Premier League,2526,Chelsea,Shumaira Mheuka,ENG,FW,17,2007,1,0,2,0.0,0,0,0,0,0,0,0,0,0.0,0.0,0.0,0.0,0.0
ENG-Premier League,2526,Chelsea,Tosin Adarabioyo,ENG,DF,27,1997,16,8,795,8.8,0,0,0,0,0,0,2,0,0.0,0.0,0.0,0.0,0.0
ENG-Premier League,2526,Chelsea,Trevoh Chalobah,ENG,DF,26,1999,34,31,2783,30.9,3,0,3,3,0,0,3,1,0.1,0.0,0.1,0.1,0.1
ENG-Premier League,2526,Chelsea,Tyrique George,ENG,FW,19,2006,4,0,145,1.6,0,0,0,0,0,0,2,0,0.0,0.0,0.0,0.0,0.0
ENG-Premier League,2526,Chelsea,Wesley Fofana,FRA,DF,24,2000,25,20,1722,19.1,0,1,1,0,0,0,9,2,0.0,0.05,0.05,0.0,0.05
ENG-Premier League,2526,Crystal Palace,Adam Wharton,ENG,MF,21,2004,34,29,2552,28.4,1,5,6,1,0,0,6,1,0.04,0.18,0.21,0.04,0.21
ENG-Premier League,2526,Crystal Palace,Borna Sosa,CRO,"DF,MF",27,1998,7,0,101,1.1,0,0,0,0,0,0,1,0,0.0,0.0,0.0,0.0,0.0
ENG-Premier League,2526,Crystal Palace,Brennan Johnson,WAL,"MF,FW",24,2001,18,13,1112,12.4,0,1,1,0,0,0,4,0,0.0,0.08,0.08,0.0,0.08
ENG-Premier League,2526,Crystal Palace,Chadi Riad,MAR,DF,22,2003,9,6,552,6.1,0,1,1,0,0,0,2,0,0.0,0.16,0.16,0.0,0.16
ENG-Premier League,2526,Crystal Palace,Chris Richards,USA,DF,25,2000,33,31,2827,31.4,1,0,1,1,0,0,4,0,0.03,0.0,0.03,0.03,0.03
ENG-Premier League,2526,Crystal Palace,Christantus Uche,NGA,FW,22,2003,14,0,173,1.9,0,0,0,0,0,0,0,0,0.0,0.0,0.0,0.0,0.0
ENG-Premier League,2526,Crystal Palace,Daichi Kamada,JPN,MF,28,1996,28,22,1902,21.1,0,0,0,0,0,0,3,0,0.0,0.0,0.0,0.0,0.0
ENG-Premier League,2526,Crystal Palace,Daniel Muñoz,COL,MF,29,1996,29,29,2399,26.7,4,3,7,4,0,0,7,0,0.15,0.11,0.26,0.15,0.26
ENG-Premier League,2526,Crystal Palace,Dean Henderson,ENG,GK,28,1997,37,37,3330,37.0,0,0,0,0,0,0,5,0,0.0,0.0,0.0,0.0,0.0
ENG-Premier League,2526,Crystal Palace,Eberechi Eze,ENG,MF,27,1998,1,1,83,0.9,0,0,0,0,0,0,0,0,0.0,0.0,0.0,0.0,0.0
ENG-Premier League,2526,Crystal Palace,Eddie Nketiah,ENG,MF,26,1999,12,2,424,4.7,2,0,2,2,0,0,2,0,0.42,0.0,0.42,0.42,0.42
ENG-Premier League,2526,Crystal Palace,Evann Guessand,CIV,MF,24,2001,8,3,330,3.7,1,1,2,1,0,0,0,0,0.27,0.27,0.55,0.27,0.55
ENG-Premier League,2526,Crystal Palace,Ismaila Sarr,SEN,MF,27,1998,28,24,2174,24.2,9,1,10,6,3,3,2,0,0.37,0.04,0.41,0.25,0.29
ENG-Premier League,2526,Crystal Palace,Jaydee Canvot,FRA,DF,19,2006,20,14,1336,14.8,0,0,0,0,0,0,3,0,0.0,0.0,0.0,0.0,0.0
ENG-Premier League,2526,Crystal Palace,Jean-Philippe Mateta,FRA,FW,28,1997,32,25,2218,24.6,12,0,12,8,4,4,2,0,0.49,0.0,0.49,0.32,0.32
ENG-Premier League,2526,Crystal Palace,Jefferson Lerma,COL,"MF,DF",30,1994,31,18,1733,19.3,0,2,2,0,0,0,7,0,0.0,0.1,0.1,0.0,0.1
ENG-Premier League,2526,Crystal Palace,Joél Drakes-Thomas,ENG,MF,16,2009,2,0,9,0.1,0,0,0,0,0,0,0,0,0.0,0.0,0.0,0.0,0.0
ENG-Premier League,2526,Crystal Palace,Justin Devenny,NIR,"MF,FW",21,2003,21,7,796,8.8,1,0,1,0,1,1,0,0,0.11,0.0,0.11,0.0,0.0
ENG-Premier League,2526,Crystal Palace,Jørgen Strand Larsen,NOR,FW,25,2000,14,12,903,10.0,3,0,3,3,0,0,2,0,0.3,0.0,0.3,0.3,0.3
ENG-Premier League,2526,Crystal Palace,Kaden Rodney,ENG,"DF,MF",20,2004,1,0,4,0.0,0,0,0,0,0,0,0,0,0.0,0.0,0.0,0.0,0.0
ENG-Premier League,2526,Crystal Palace,Marc Guéhi,ENG,DF,25,2000,20,20,1800,20.0,2,2,4,2,0,0,4,0,0.1,0.1,0.2,0.1,0.2
ENG-Premier League,2526,Crystal Palace,Maxence Lacroix,FRA,DF,25,2000,35,35,3085,34.3,1,2,3,1,0,0,4,1,0.03,0.06,0.09,0.03,0.09
ENG-Premier League,2526,Crystal Palace,Nathaniel Clyne,ENG,"MF,DF",34,1991,10,7,594,6.6,0,1,1,0,0,0,1,0,0.0,0.15,0.15,0.0,0.15
ENG-Premier League,2526,Crystal Palace,Odsonne Édouard,FRA,FW,27,1998,1,0,3,0.0,0,0,0,0,0,0,0,0,0.0,0.0,0.0,0.0,0.0
ENG-Premier League,2526,Crystal Palace,Rio Cardines,TRI,MF,19,2006,1,1,90,1.0,0,0,0,0,0,0,0,0,0.0,0.0,0.0,0.0,0.0
ENG-Premier League,2526,Crystal Palace,Romain Esse,ENG,MF,20,2005,4,0,44,0.5,0,0,0,0,0,0,0,0,0.0,0.0,0.0,0.0,0.0
ENG-Premier League,2526,Crystal Palace,Tyrick Mitchell,ENG,MF,25,1999,38,36,3251,36.1,1,2,3,1,0,0,6,0,0.03,0.06,0.08,0.03,0.08
ENG-Premier League,2526,Crystal Palace,Walter Benítez,ARG,GK,32,1993,1,1,90,1.0,0,0,0,0,0,0,0,0,0.0,0.0,0.0,0.0,0.0
ENG-Premier League,2526,Crystal Palace,Will Hughes,ENG,MF,30,1995,31,19,1571,17.5,0,0,0,0,0,0,7,0,0.0,0.0,0.0,0.0,0.0
ENG-Premier League,2526,Crystal Palace,Yéremy Pino,ESP,"MF,FW",22,2002,34,26,2080,23.1,2,2,4,2,0,0,4,0,0.09,0.09,0.17,0.09,0.17
ENG-Premier League,2526,Everton,Beto,GNB,FW,27,1998,37,17,1568,17.4,9,1,10,9,0,0,3,0,0.52,0.06,0.57,0.52,0.57
ENG-Premier League,2526,Everton,Carlos Alcaraz,ARG,MF,22,2002,20,6,689,7.7,0,1,1,0,0,0,4,0,0.0,0.13,0.13,0.0,0.13
ENG-Premier League,2526,Everton,Dwight McNeil,ENG,MF,25,1999,22,14,1168,13.0,0,1,1,0,0,0,1,0,0.0,0.08,0.08,0.0,0.08
ENG-Premier League,2526,Everton,Harrison Armstrong,ENG,MF,18,2007,13,6,529,5.9,0,0,0,0,0,0,0,0,0.0,0.0,0.0,0.0,0.0
ENG-Premier League,2526,Everton,Idrissa Gueye,SEN,MF,35,1989,25,25,2093,23.3,2,3,5,2,0,0,1,1,0.09,0.13,0.22,0.09,0.22
ENG-Premier League,2526,Everton,Iliman Ndiaye,SEN,MF,25,2000,32,32,2778,30.9,6,3,9,4,2,2,2,0,0.19,0.1,0.29,0.13,0.23
ENG-Premier League,2526,Everton,Jack Grealish,ENG,MF,29,1995,20,18,1627,18.1,2,6,8,2,0,0,5,1,0.11,0.33,0.44,0.11,0.44
ENG-Premier League,2526,Everton,Jake O'Brien,IRL,DF,24,2001,37,35,3120,34.7,1,1,2,1,0,0,6,1,0.03,0.03,0.06,0.03,0.06
ENG-Premier League,2526,Everton,James Garner,ENG,"MF,DF",24,2001,38,38,3413,37.9,2,7,9,2,0,0,12,0,0.05,0.18,0.24,0.05,0.24
ENG-Premier League,2526,Everton,James Tarkowski,ENG,DF,32,1992,37,37,3330,37.0,2,3,5,2,0,0,8,0,0.05,0.08,0.14,0.05,0.14
ENG-Premier League,2526,Everton,Jarrad Branthwaite,ENG,DF,23,2002,10,7,680,7.6,1,0,1,1,0,0,1,0,0.13,0.0,0.13,0.13,0.13
ENG-Premier League,2526,Everton,Jordan Pickford,ENG,GK,31,1994,38,38,3420,38.0,0,0,0,0,0,0,4,0,0.0,0.0,0.0,0.0,0.0
ENG-Premier League,2526,Everton,Kiernan Dewsbury-Hall,ENG,MF,26,1998,31,30,2626,29.2,8,4,12,8,0,0,6,0,0.27,0.14,0.41,0.27,0.41
ENG-Premier League,2526,Everton,Merlin Röhl,GER,MF,23,2002,16,6,682,7.6,1,0,1,1,0,0,0,0,0.13,0.0,0.13,0.13,0.13
ENG-Premier League,2526,Everton,Michael Keane,ENG,DF,32,1993,33,29,2591,28.8,3,1,4,3,0,0,1,1,0.1,0.03,0.14,0.1,0.14
ENG-Premier League,2526,Everton,Nathan Patterson,SCO,DF,23,2001,7,3,241,2.7,0,0,0,0,0,0,0,0,0.0,0.0,0.0,0.0,0.0
ENG-Premier League,2526,Everton,Séamus Coleman,IRL,DF,36,1988,5,1,21,0.2,0,0,0,0,0,0,0,0,0.0,0.0,0.0,0.0,0.0
ENG-Premier League,2526,Everton,Thierno Barry,FRA,FW,22,2002,38,21,1914,21.3,8,0,8,8,0,0,3,0,0.38,0.0,0.38,0.38,0.38
ENG-Premier League,2526,Everton,Tim Iroegbunam,ENG,MF,22,2003,29,17,1487,16.5,0,2,2,0,0,0,9,0,0.0,0.12,0.12,0.0,0.12
ENG-Premier League,2526,Everton,Tyler Dibling,ENG,MF,19,2006,14,4,358,4.0,0,0,0,0,0,0,2,0,0.0,0.0,0.0,0.0,0.0
ENG-Premier League,2526,Everton,Tyrique George,ENG,MF,19,2006,11,1,218,2.4,0,0,0,0,0,0,0,0,0.0,0.0,0.0,0.0,0.0
ENG-Premier League,2526,Everton,Vitaliy Mykolenko,UKR,DF,26,1999,33,33,2958,32.9,0,1,1,0,0,0,6,0,0.0,0.03,0.03,0.0,0.03
ENG-Premier League,2526,Fulham,Adama Traoré,ESP,MF,29,1996,15,1,274,3.0,0,0,0,0,0,0,0,0,0.0,0.0,0.0,0.0,0.0
ENG-Premier League,2526,Fulham,Alex Iwobi,NGA,MF,29,1996,29,29,2419,26.9,4,3,7,4,0,0,3,0,0.15,0.11,0.26,0.15,0.26
ENG-Premier League,2526,Fulham,Antonee Robinson,USA,"DF,MF",27,1997,22,17,1492,16.6,1,0,1,0,1,1,5,0,0.06,0.0,0.06,0.0,0.0
ENG-Premier League,2526,Fulham,Bernd Leno,GER,GK,33,1992,38,38,3420,38.0,0,0,0,0,0,0,3,0,0.0,0.0,0.0,0.0,0.0
ENG-Premier League,2526,Fulham,Calvin Bassey,NGA,DF,25,1999,30,28,2534,28.2,1,0,1,1,0,0,5,0,0.04,0.0,0.04,0.04,0.04
ENG-Premier League,2526,Fulham,Emile Smith Rowe,ENG,MF,25,2000,37,22,1923,21.4,3,0,3,3,0,0,1,0,0.14,0.0,0.14,0.14,0.14
ENG-Premier League,2526,Fulham,Harrison Reed,ENG,MF,30,1995,7,1,94,1.0,1,0,1,1,0,0,0,0,0.96,0.0,0.96,0.96,0.96
ENG-Premier League,2526,Fulham,Harry Wilson,WAL,MF,28,1997,36,32,2673,29.7,10,7,17,10,0,0,7,0,0.34,0.24,0.57,0.34,0.57
ENG-Premier League,2526,Fulham,Issa Diop,MAR,DF,28,1997,13,8,816,9.1,1,0,1,1,0,0,2,0,0.11,0.0,0.11,0.11,0.11
ENG-Premier League,2526,Fulham,Joachim Andersen,DEN,DF,29,1996,33,33,2875,31.9,0,1,1,0,0,0,7,1,0.0,0.03,0.03,0.0,0.03
ENG-Premier League,2526,Fulham,Jonah Kusi-Asare,SWE,FW,18,2007,7,0,55,0.6,0,0,0,0,0,0,1,0,0.0,0.0,0.0,0.0,0.0
ENG-Premier League,2526,Fulham,Jorge Cuenca,ESP,DF,25,1999,15,11,938,10.4,0,0,0,0,0,0,6,0,0.0,0.0,0.0,0.0,0.0
ENG-Premier League,2526,Fulham,Joshua King,ENG,MF,18,2007,32,15,1308,14.5,1,2,3,1,0,0,4,0,0.07,0.14,0.21,0.07,0.21
ENG-Premier League,2526,Fulham,Kenny Tete,NED,DF,29,1995,22,21,1791,19.9,1,0,1,1,0,0,2,0,0.05,0.0,0.05,0.05,0.05
ENG-Premier League,2526,Fulham,Kevin,BRA,MF,22,2003,26,9,1041,11.6,1,1,2,1,0,0,1,0,0.09,0.09,0.17,0.09,0.17
ENG-Premier League,2526,Fulham,Oscar Bobb,NOR,MF,22,2003,14,6,571,6.3,0,0,0,0,0,0,0,0,0.0,0.0,0.0,0.0,0.0
ENG-Premier League,2526,Fulham,Raúl Jiménez,MEX,FW,34,1991,36,27,2189,24.3,9,3,12,5,4,4,5,0,0.37,0.12,0.49,0.21,0.33
ENG-Premier League,2526,Fulham,Rodrigo Muniz,BRA,FW,24,2001,21,10,1000,11.1,1,1,2,1,0,0,2,0,0.09,0.09,0.18,0.09,0.18
ENG-Premier League,2526,Fulham,Ryan Sessegnon,ENG,"DF,MF",25,2000,27,20,1823,20.3,3,1,4,3,0,0,0,0,0.15,0.05,0.2,0.15,0.2
ENG-Premier League,2526,Fulham,Samuel Chukwueze,NGA,MF,26,1999,23,10,1079,12.0,3,4,7,3,0,0,0,0,0.25,0.33,0.58,0.25,0.58
ENG-Premier League,2526,Fulham,Sander Berge,NOR,MF,27,1998,35,34,2905,32.3,0,1,1,0,0,0,5,0,0.0,0.03,0.03,0.0,0.03
ENG-Premier League,2526,Fulham,Saša Lukić,SRB,MF,28,1996,26,20,1734,19.3,1,2,3,1,0,0,9,0,0.05,0.1,0.16,0.05,0.16
ENG-Premier League,2526,Fulham,Timothy Castagne,BEL,"DF,MF",29,1995,30,20,1845,20.5,0,0,0,0,0,0,4,0,0.0,0.0,0.0,0.0,0.0
ENG-Premier League,2526,Fulham,Tom Cairney,SCO,MF,34,1991,24,6,775,8.6,2,0,2,2,0,0,3,0,0.23,0.0,0.23,0.23,0.23
ENG-Premier League,2526,Leeds United,Anton Stach,GER,MF,26,1998,29,28,2370,26.3,5,3,8,5,0,0,3,0,0.19,0.11,0.3,0.19,0.3
ENG-Premier League,2526,Leeds United,Ao Tanaka,JPN,MF,26,1998,28,14,1315,14.6,2,0,2,2,0,0,1,0,0.14,0.0,0.14,0.14,0.14
ENG-Premier League,2526,Leeds United,Brenden Aaronson,USA,"MF,FW",24,2000,37,30,2449,27.2,4,5,9,4,0,0,3,0,0.15,0.18,0.33,0.15,0.33
ENG-Premier League,2526,Leeds United,Daniel James,WAL,"FW,MF",27,1997,19,6,559,6.2,0,0,0,0,0,0,0,0,0.0,0.0,0.0,0.0,0.0
ENG-Premier League,2526,Leeds United,Dominic Calvert-Lewin,ENG,FW,28,1997,35,30,2721,30.2,14,1,15,10,4,5,3,0,0.46,0.03,0.5,0.33,0.36
ENG-Premier League,2526,Leeds United,Ethan Ampadu,WAL,MF,24,2000,35,35,3119,34.7,1,1,2,1,0,0,10,0,0.03,0.03,0.06,0.03,0.06
ENG-Premier League,2526,Leeds United,Facundo Buonanotte,ARG,MF,20,2004,3,0,39,0.4,0,0,0,0,0,0,1,0,0.0,0.0,0.0,0.0,0.0
ENG-Premier League,2526,Leeds United,Gabriel Gudmundsson,SWE,"DF,MF",26,1999,32,31,2631,29.2,0,0,0,0,0,0,6,1,0.0,0.0,0.0,0.0,0.0
ENG-Premier League,2526,Leeds United,Ilia Gruev,BUL,MF,25,2000,23,15,1323,14.7,0,3,3,0,0,0,3,0,0.0,0.2,0.2,0.0,0.2
ENG-Premier League,2526,Leeds United,Jack Harrison,ENG,FW,28,1996,11,1,269,3.0,0,0,0,0,0,0,0,0,0.0,0.0,0.0,0.0,0.0
ENG-Premier League,2526,Leeds United,Jaka Bijol,SVN,DF,26,1999,25,21,1890,21.0,1,2,3,1,0,0,4,0,0.05,0.1,0.14,0.05,0.14
ENG-Premier League,2526,Leeds United,James Justin,ENG,"DF,MF",27,1998,29,21,1901,21.1,2,1,3,2,0,0,4,0,0.09,0.05,0.14,0.09,0.14
ENG-Premier League,2526,Leeds United,Jayden Bogle,ENG,"MF,DF",25,2000,34,32,2793,31.0,1,2,3,1,0,0,6,0,0.03,0.06,0.1,0.03,0.1
ENG-Premier League,2526,Leeds United,Joe Rodon,WAL,DF,27,1997,35,33,2951,32.8,2,0,2,2,0,0,3,0,0.06,0.0,0.06,0.06,0.06
ENG-Premier League,2526,Leeds United,Joël Piroe,SUR,FW,25,1999,16,2,258,2.9,0,0,0,0,0,0,0,0,0.0,0.0,0.0,0.0,0.0
ENG-Premier League,2526,Leeds United,Karl Darlow,WAL,GK,34,1990,22,22,1980,22.0,0,0,0,0,0,0,1,0,0.0,0.0,0.0,0.0,0.0
ENG-Premier League,2526,Leeds United,Lucas Perri,BRA,GK,27,1997,16,16,1440,16.0,0,0,0,0,0,0,2,0,0.0,0.0,0.0,0.0,0.0
ENG-Premier League,2526,Leeds United,Lukas Nmecha,GER,FW,26,1998,31,10,1083,12.0,6,1,7,4,2,3,0,0,0.5,0.08,0.58,0.33,0.42
ENG-Premier League,2526,Leeds United,Noah Okafor,SUI,"FW,MF",25,2000,28,19,1561,17.3,8,1,9,8,0,0,3,0,0.46,0.06,0.52,0.46,0.52
ENG-Premier League,2526,Leeds United,Pascal Struijk,NED,DF,25,1999,34,33,2936,32.6,0,1,1,0,0,0,5,0,0.0,0.03,0.03,0.0,0.03
ENG-Premier League,2526,Leeds United,Sam Byram,ENG,"DF,MF",31,1993,2,0,9,0.1,0,0,0,0,0,0,0,0,0.0,0.0,0.0,0.0,0.0
ENG-Premier League,2526,Leeds United,Sean Longstaff,ENG,MF,27,1997,23,10,1011,11.2,2,2,4,2,0,0,2,0,0.18,0.18,0.36,0.18,0.36
ENG-Premier League,2526,Leeds United,Sebastiaan Bornauw,BEL,DF,26,1999,12,5,429,4.8,0,0,0,0,0,0,1,0,0.0,0.0,0.0,0.0,0.0
ENG-Premier League,2526,Leeds United,Wilfried Gnonto,ITA,FW,21,2003,23,4,537,6.0,0,1,1,0,0,0,3,0,0.0,0.17,0.17,0.0,0.17
ENG-Premier League,2526,Liverpool,Alexander Isak,SWE,FW,25,1999,14,8,699,7.8,3,1,4,3,0,0,0,0,0.39,0.13,0.52,0.39,0.52
ENG-Premier League,2526,Liverpool,Alexis Mac Allister,ARG,MF,26,1998,37,31,2658,29.5,2,4,6,2,0,0,7,0,0.07,0.14,0.2,0.07,0.2
ENG-Premier League,2526,Liverpool,Alisson,BRA,GK,32,1992,26,26,2340,26.0,0,0,0,0,0,0,1,0,0.0,0.0,0.0,0.0,0.0
ENG-Premier League,2526,Liverpool,Andy Robertson,SCO,DF,31,1994,24,11,1176,13.1,1,0,1,1,0,0,0,0,0.08,0.0,0.08,0.08,0.08
ENG-Premier League,2526,Liverpool,Cody Gakpo,NED,"MF,FW",26,1999,36,32,2737,30.4,7,5,12,7,0,0,3,0,0.23,0.16,0.39,0.23,0.39
ENG-Premier League,2526,Liverpool,Conor Bradley,NIR,DF,22,2003,15,12,929,10.3,0,1,1,0,0,0,5,0,0.0,0.1,0.1,0.0,0.1
ENG-Premier League,2526,Liverpool,Curtis Jones,ENG,"MF,DF",24,2001,34,18,1937,21.5,1,2,3,1,0,0,2,0,0.05,0.09,0.14,0.05,0.14
ENG-Premier League,2526,Liverpool,Dominik Szoboszlai,HUN,"MF,DF",24,2000,36,36,3231,35.9,6,7,13,6,0,1,8,1,0.17,0.19,0.36,0.17,0.36
ENG-Premier League,2526,Liverpool,Federico Chiesa,ITA,MF,27,1997,26,1,339,3.8,2,1,3,2,0,0,3,0,0.53,0.27,0.8,0.53,0.8
ENG-Premier League,2526,Liverpool,Florian Wirtz,GER,MF,22,2003,33,27,2378,26.4,5,3,8,5,0,0,1,0,0.19,0.11,0.3,0.19,0.3
ENG-Premier League,2526,Liverpool,Freddie Woodman,ENG,GK,28,1997,3,2,213,2.4,0,0,0,0,0,0,0,0,0.0,0.0,0.0,0.0,0.0
ENG-Premier League,2526,Liverpool,Giorgi Mamardashvili,GEO,GK,24,2000,10,10,867,9.6,0,0,0,0,0,0,0,0,0.0,0.0,0.0,0.0,0.0
ENG-Premier League,2526,Liverpool,Harvey Elliott,ENG,"FW,MF",22,2003,1,0,1,0.0,0,0,0,0,0,0,0,0,0.0,0.0,0.0,0.0,0.0
ENG-Premier League,2526,Liverpool,Hugo Ekitike,FRA,FW,23,2002,28,21,1803,20.0,11,4,15,11,0,0,0,0,0.55,0.2,0.75,0.55,0.75
ENG-Premier League,2526,Liverpool,Ibrahima Konaté,FRA,DF,26,1999,36,36,3090,34.3,1,0,1,1,0,0,7,0,0.03,0.0,0.03,0.03,0.03
ENG-Premier League,2526,Liverpool,Jeremie Frimpong,NED,"DF,MF",24,2000,21,12,1040,11.6,0,1,1,0,0,0,1,0,0.0,0.09,0.09,0.0,0.09
ENG-Premier League,2526,Liverpool,Joe Gomez,ENG,DF,28,1997,21,7,607,6.7,0,2,2,0,0,0,4,0,0.0,0.3,0.3,0.0,0.3
ENG-Premier League,2526,Liverpool,Milos Kerkez,HUN,DF,21,2003,34,27,2257,25.1,2,1,3,2,0,0,4,0,0.08,0.04,0.12,0.08,0.12
ENG-Premier League,2526,Liverpool,Mohamed Salah,EGY,MF,33,1992,27,23,2146,23.8,7,7,14,6,1,1,1,0,0.29,0.29,0.59,0.25,0.55
ENG-Premier League,2526,Liverpool,Rio Ngumoha,ENG,MF,16,2008,19,5,560,6.2,2,1,3,2,0,0,0,0,0.32,0.16,0.48,0.32,0.48
ENG-Premier League,2526,Liverpool,Ryan Gravenberch,NED,MF,23,2002,36,34,2992,33.2,5,3,8,5,0,0,5,0,0.15,0.09,0.24,0.15,0.24
ENG-Premier League,2526,Liverpool,Trey Nyoni,ENG,MF,18,2007,6,0,24,0.3,0,0,0,0,0,0,0,0,0.0,0.0,0.0,0.0,0.0
ENG-Premier League,2526,Liverpool,Virgil van Dijk,NED,DF,34,1991,38,38,3420,38.0,6,0,6,6,0,0,4,0,0.16,0.0,0.16,0.16,0.16
ENG-Premier League,2526,Liverpool,Wataru Endo,JPN,DF,32,1993,8,1,175,1.9,0,1,1,0,0,0,1,0,0.0,0.51,0.51,0.0,0.51
ENG-Premier League,2526,Manchester City,Abdukodir Khusanov,UZB,DF,21,2004,21,15,1432,15.9,0,0,0,0,0,0,2,0,0.0,0.0,0.0,0.0,0.0
ENG-Premier League,2526,Manchester City,Antoine Semenyo,GHA,"MF,FW",25,2000,17,17,1397,15.5,7,1,8,7,0,0,1,0,0.45,0.06,0.52,0.45,0.52
ENG-Premier League,2526,Manchester City,Bernardo Silva,POR,MF,30,1994,38,34,2872,31.9,2,4,6,2,0,0,10,0,0.06,0.13,0.19,0.06,0.19
ENG-Premier League,2526,Manchester City,Divine Mukasa,ENG,MF,17,2007,2,0,27,0.3,0,0,0,0,0,0,0,0,0.0,0.0,0.0,0.0,0.0
ENG-Premier League,2526,Manchester City,Erling Haaland,NOR,FW,25,2000,35,34,2953,32.8,27,8,35,24,3,4,2,0,0.82,0.24,1.07,0.73,0.98
ENG-Premier League,2526,Manchester City,Gianluigi Donnarumma,ITA,GK,26,1999,34,34,3060,34.0,0,0,0,0,0,0,8,0,0.0,0.0,0.0,0.0,0.0
ENG-Premier League,2526,Manchester City,James Trafford,ENG,GK,22,2002,4,4,360,4.0,0,0,0,0,0,0,0,0,0.0,0.0,0.0,0.0,0.0
ENG-Premier League,2526,Manchester City,Jeremy Doku,BEL,"MF,FW",23,2002,30,19,1784,19.8,5,5,10,5,0,0,0,0,0.25,0.25,0.5,0.25,0.5
ENG-Premier League,2526,Manchester City,John Stones,ENG,DF,31,1994,9,5,439,4.9,0,0,0,0,0,0,0,0,0.0,0.0,0.0,0.0,0.0
ENG-Premier League,2526,Manchester City,Joško Gvardiol,CRO,DF,23,2002,18,16,1372,15.2,2,2,4,2,0,0,2,0,0.13,0.13,0.26,0.13,0.26
ENG-Premier League,2526,Manchester City,Marc Guéhi,ENG,DF,25,2000,15,15,1350,15.0,1,1,2,1,0,0,2,0,0.07,0.07,0.13,0.07,0.13
ENG-Premier League,2526,Manchester City,Mateo Kovačić,CRO,MF,31,1994,6,1,130,1.4,0,1,1,0,0,0,0,0,0.0,0.69,0.69,0.0,0.69
ENG-Premier League,2526,Manchester City,Matheus Nunes,POR,DF,26,1998,34,32,2862,31.8,1,5,6,1,0,0,5,0,0.03,0.16,0.19,0.03,0.19
ENG-Premier League,2526,Manchester City,Max Alleyne,ENG,DF,20,2005,2,2,135,1.5,0,0,0,0,0,0,0,0,0.0,0.0,0.0,0.0,0.0
ENG-Premier League,2526,Manchester City,Nathan Aké,NED,DF,30,1995,18,6,695,7.7,0,0,0,0,0,0,1,0,0.0,0.0,0.0,0.0,0.0
ENG-Premier League,2526,Manchester City,Nico O'Reilly,ENG,"DF,MF",20,2005,34,29,2646,29.4,5,3,8,5,0,0,5,0,0.17,0.1,0.27,0.17,0.27
ENG-Premier League,2526,Manchester City,Nicolás González,ESP,MF,23,2002,25,17,1569,17.4,1,0,1,1,0,0,6,0,0.06,0.0,0.06,0.06,0.06
ENG-Premier League,2526,Manchester City,Omar Marmoush,EGY,"FW,MF",26,1999,21,8,700,7.8,3,3,6,3,0,0,3,0,0.39,0.39,0.77,0.39,0.77
ENG-Premier League,2526,Manchester City,Oscar Bobb,NOR,"MF,FW",22,2003,9,5,468,5.2,0,1,1,0,0,0,1,0,0.0,0.19,0.19,0.0,0.19
ENG-Premier League,2526,Manchester City,Phil Foden,ENG,MF,25,2000,33,23,2086,23.2,7,5,12,7,0,0,4,0,0.3,0.22,0.52,0.3,0.52
ENG-Premier League,2526,Manchester City,Rayan Aït-Nouri,ALG,DF,24,2001,17,12,974,10.8,0,2,2,0,0,0,2,0,0.0,0.18,0.18,0.0,0.18
ENG-Premier League,2526,Manchester City,Rayan Cherki,FRA,MF,21,2003,33,19,1786,19.8,4,12,16,4,0,0,1,0,0.2,0.6,0.81,0.2,0.81
ENG-Premier League,2526,Manchester City,Rico Lewis,ENG,DF,20,2004,11,4,407,4.5,0,1,1,0,0,0,2,0,0.0,0.22,0.22,0.0,0.22
ENG-Premier League,2526,Manchester City,Rodri,ESP,MF,29,1996,21,17,1511,16.8,1,0,1,1,0,0,3,0,0.06,0.0,0.06,0.06,0.06
ENG-Premier League,2526,Manchester City,Rúben Dias,POR,DF,28,1997,26,24,2141,23.8,2,0,2,2,0,0,3,0,0.08,0.0,0.08,0.08,0.08
ENG-Premier League,2526,Manchester City,Sávio,BRA,MF,21,2004,24,7,833,9.3,1,1,2,1,0,0,2,0,0.11,0.11,0.22,0.11,0.22
ENG-Premier League,2526,Manchester City,Tijjani Reijnders,NED,MF,27,1998,28,19,1631,18.1,5,2,7,5,0,0,2,0,0.28,0.11,0.39,0.28,0.39
ENG-Premier League,2526,Manchester Utd,Altay Bayındır,TUR,GK,27,1998,6,6,540,6.0,0,0,0,0,0,0,0,0,0.0,0.0,0.0,0.0,0.0
ENG-Premier League,2526,Manchester Utd,Amad Diallo,CIV,MF,23,2002,32,27,2341,26.0,2,3,5,2,0,0,2,0,0.08,0.12,0.19,0.08,0.19
ENG-Premier League,2526,Manchester Utd,Ayden Heaven,ENG,DF,18,2006,17,11,924,10.3,0,1,1,0,0,0,2,0,0.0,0.1,0.1,0.0,0.1
ENG-Premier League,2526,Manchester Utd,Bendito Mantato,ENG,MF,17,2008,1,0,16,0.2,0,0,0,0,0,0,0,0,0.0,0.0,0.0,0.0,0.0
ENG-Premier League,2526,Manchester Utd,Benjamin Šeško,SVN,FW,22,2003,30,17,1643,18.3,11,1,12,11,0,0,2,0,0.6,0.05,0.66,0.6,0.66
ENG-Premier League,2526,Manchester Utd,Bruno Fernandes,POR,MF,30,1994,35,35,3063,34.0,9,21,30,5,4,6,5,0,0.26,0.62,0.88,0.15,0.76
ENG-Premier League,2526,Manchester Utd,Bryan Mbeumo,CMR,"MF,FW",25,1999,33,31,2609,29.0,11,3,14,11,0,0,4,0,0.38,0.1,0.48,0.38,0.48
ENG-Premier League,2526,Manchester Utd,Casemiro,BRA,MF,33,1992,34,33,2571,28.6,9,2,11,9,0,0,11,1,0.32,0.07,0.39,0.32,0.39
ENG-Premier League,2526,Manchester Utd,Diogo Dalot,POR,"DF,MF",26,1999,34,29,2614,29.0,1,3,4,1,0,0,5,0,0.03,0.1,0.14,0.03,0.14
ENG-Premier League,2526,Manchester Utd,Harry Maguire,ENG,DF,32,1993,23,19,1653,18.4,1,2,3,1,0,0,3,1,0.05,0.11,0.16,0.05,0.16
ENG-Premier League,2526,Manchester Utd,Jack Fletcher,ENG,MF,18,2007,3,0,108,1.2,0,0,0,0,0,0,0,0,0.0,0.0,0.0,0.0,0.0
ENG-Premier League,2526,Manchester Utd,Joshua Zirkzee,NED,"FW,MF",24,2001,24,5,626,7.0,2,1,3,2,0,0,3,0,0.29,0.14,0.43,0.29,0.43
ENG-Premier League,2526,Manchester Utd,Kobbie Mainoo,ENG,MF,20,2005,28,16,1662,18.5,1,2,3,1,0,0,2,0,0.05,0.11,0.16,0.05,0.16
ENG-Premier League,2526,Manchester Utd,Leny Yoro,FRA,DF,19,2005,32,18,1740,19.3,0,0,0,0,0,0,1,0,0.0,0.0,0.0,0.0,0.0
ENG-Premier League,2526,Manchester Utd,Lisandro Martínez,ARG,DF,27,1998,18,13,1233,13.7,0,0,0,0,0,0,0,1,0.0,0.0,0.0,0.0,0.0
ENG-Premier League,2526,Manchester Utd,Luke Shaw,ENG,DF,30,1995,38,38,3219,35.8,1,1,2,1,0,0,9,0,0.03,0.03,0.06,0.03,0.06
ENG-Premier League,2526,Manchester Utd,Manuel Ugarte,URU,MF,24,2001,22,8,887,9.9,0,0,0,0,0,0,1,0,0.0,0.0,0.0,0.0,0.0
ENG-Premier League,2526,Manchester Utd,Mason Mount,ENG,MF,26,1999,23,12,1017,11.3,3,0,3,3,0,0,2,0,0.27,0.0,0.27,0.27,0.27
ENG-Premier League,2526,Manchester Utd,Matheus Cunha,BRA,"MF,FW",26,1999,33,29,2494,27.7,10,2,12,10,0,0,4,0,0.36,0.07,0.43,0.36,0.43
ENG-Premier League,2526,Manchester Utd,Matthijs de Ligt,NED,DF,25,1999,13,13,1170,13.0,1,0,1,1,0,0,0,0,0.08,0.0,0.08,0.08,0.08
ENG-Premier League,2526,Manchester Utd,Noussair Mazraoui,MAR,"DF,MF",27,1997,20,11,985,10.9,0,0,0,0,0,0,3,0,0.0,0.0,0.0,0.0,0.0
ENG-Premier League,2526,Manchester Utd,Patrick Dorgu,DEN,MF,20,2004,26,15,1449,16.1,4,4,8,4,0,0,5,0,0.25,0.25,0.5,0.25,0.5
ENG-Premier League,2526,Manchester Utd,Senne Lammens,BEL,GK,23,2002,32,32,2880,32.0,0,0,0,0,0,0,0,0,0.0,0.0,0.0,0.0,0.0
ENG-Premier League,2526,Manchester Utd,Shea Lacey,ENG,FW,18,2007,3,0,43,0.5,0,0,0,0,0,0,0,0,0.0,0.0,0.0,0.0,0.0
ENG-Premier League,2526,Manchester Utd,Tyler Fletcher,SCO,MF,18,2007,2,0,18,0.2,0,0,0,0,0,0,0,0,0.0,0.0,0.0,0.0,0.0
ENG-Premier League,2526,Manchester Utd,Tyler Fredricson,ENG,DF,20,2005,1,0,3,0.0,0,0,0,0,0,0,0,0,0.0,0.0,0.0,0.0,0.0
ENG-Premier League,2526,Manchester Utd,Tyrell Malacia,NED,DF,25,1999,3,0,18,0.2,0,0,0,0,0,0,0,0,0.0,0.0,0.0,0.0,0.0
ENG-Premier League,2526,Newcastle,Aaron Ramsdale,ENG,GK,27,1998,12,11,1004,11.2,0,0,0,0,0,0,2,0,0.0,0.0,0.0,0.0,0.0
ENG-Premier League,2526,Newcastle,Alex Murphy,IRL,DF,21,2004,2,0,9,0.1,0,0,0,0,0,0,0,0,0.0,0.0,0.0,0.0,0.0
ENG-Premier League,2526,Newcastle,Anthony Elanga,SWE,"FW,MF",23,2002,32,14,1319,14.7,0,1,1,0,0,0,0,0,0.0,0.07,0.07,0.0,0.07
ENG-Premier League,2526,Newcastle,Anthony Gordon,ENG,FW,24,2001,26,24,1795,19.9,6,2,8,3,3,3,3,1,0.3,0.1,0.4,0.15,0.25
ENG-Premier League,2526,Newcastle,Bruno Guimarães,BRA,MF,27,1997,29,27,2453,27.3,9,5,14,7,2,2,6,0,0.33,0.18,0.51,0.26,0.44
ENG-Premier League,2526,Newcastle,Dan Burn,ENG,DF,33,1992,29,25,2199,24.4,1,2,3,1,0,0,11,1,0.04,0.08,0.12,0.04,0.12
ENG-Premier League,2526,Newcastle,Emil Krafth,SWE,DF,30,1994,1,1,45,0.5,0,0,0,0,0,0,0,0,0.0,0.0,0.0,0.0,0.0
ENG-Premier League,2526,Newcastle,Fabian Schär,SUI,DF,33,1991,16,11,1091,12.1,0,0,0,0,0,0,1,0,0.0,0.0,0.0,0.0,0.0
ENG-Premier League,2526,Newcastle,Harvey Barnes,ENG,"FW,MF",27,1997,37,19,1966,21.8,7,1,8,7,0,0,1,0,0.32,0.05,0.37,0.32,0.37
ENG-Premier League,2526,Newcastle,Jacob Murphy,ENG,"FW,MF",30,1995,33,19,1617,18.0,3,2,5,3,0,0,2,0,0.17,0.11,0.28,0.17,0.28
ENG-Premier League,2526,Newcastle,Jacob Ramsey,ENG,MF,24,2001,28,15,1450,16.1,2,3,5,2,0,0,5,1,0.12,0.19,0.31,0.12,0.31
ENG-Premier League,2526,Newcastle,Jamaal Lascelles,ENG,DF,31,1993,2,0,21,0.2,0,0,0,0,0,0,0,0,0.0,0.0,0.0,0.0,0.0
ENG-Premier League,2526,Newcastle,Joe Willock,ENG,MF,25,1999,24,10,983,10.9,0,2,2,0,0,0,3,0,0.0,0.18,0.18,0.0,0.18
ENG-Premier League,2526,Newcastle,Joelinton,BRA,MF,28,1996,27,23,1951,21.7,2,1,3,2,0,0,10,0,0.09,0.05,0.14,0.09,0.14
ENG-Premier League,2526,Newcastle,Kieran Trippier,ENG,DF,34,1990,21,18,1586,17.6,0,1,1,0,0,0,3,0,0.0,0.06,0.06,0.0,0.06
ENG-Premier League,2526,Newcastle,Lewis Hall,ENG,DF,20,2004,30,24,2181,24.2,1,1,2,1,0,0,4,0,0.04,0.04,0.08,0.04,0.08
ENG-Premier League,2526,Newcastle,Lewis Miley,ENG,"MF,DF",19,2006,23,15,1496,16.6,1,4,5,1,0,0,0,0,0.06,0.24,0.3,0.06,0.3
ENG-Premier League,2526,Newcastle,Malick Thiaw,GER,DF,23,2001,35,33,2965,32.9,4,0,4,4,0,0,4,0,0.12,0.0,0.12,0.12,0.12
ENG-Premier League,2526,Newcastle,Nick Pope,ENG,GK,33,1992,27,27,2416,26.8,0,0,0,0,0,0,2,0,0.0,0.0,0.0,0.0,0.0
ENG-Premier League,2526,Newcastle,Nick Woltemade,GER,"FW,MF",23,2002,33,24,1902,21.1,8,3,11,7,1,1,0,0,0.38,0.14,0.52,0.33,0.47
ENG-Premier League,2526,Newcastle,Sandro Tonali,ITA,MF,25,2000,35,31,2534,28.2,0,2,2,0,0,0,4,0,0.0,0.07,0.07,0.0,0.07
ENG-Premier League,2526,Newcastle,Sean Neave,ENG,FW,18,2007,1,0,14,0.2,0,0,0,0,0,0,0,0,0.0,0.0,0.0,0.0,0.0
ENG-Premier League,2526,Newcastle,Sven Botman,NED,DF,25,2000,25,21,1835,20.4,1,1,2,1,0,0,2,0,0.05,0.05,0.1,0.05,0.1
ENG-Premier League,2526,Newcastle,Tino Livramento,ENG,DF,22,2002,17,14,1328,14.8,0,1,1,0,0,0,1,0,0.0,0.07,0.07,0.0,0.07
ENG-Premier League,2526,Newcastle,William Osula,DEN,FW,21,2003,24,8,819,9.1,7,0,7,7,0,0,0,0,0.77,0.0,0.77,0.77,0.77
ENG-Premier League,2526,Newcastle,Yoane Wissa,COD,FW,28,1996,19,4,531,5.9,1,1,2,1,0,0,3,0,0.17,0.17,0.34,0.17,0.34
ENG-Premier League,2526,Nottingham,Angus Gunn,SCO,GK,29,1996,1,0,45,0.5,0,0,0,0,0,0,0,0,0.0,0.0,0.0,0.0,0.0
ENG-Premier League,2526,Nottingham,Arnaud Kalimuendo,FRA,FW,23,2002,9,0,96,1.1,0,0,0,0,0,0,0,0,0.0,0.0,0.0,0.0,0.0
ENG-Premier League,2526,Nottingham,Callum Hudson-Odoi,ENG,MF,24,2000,30,21,1841,20.5,3,4,7,3,0,0,0,0,0.15,0.2,0.34,0.15,0.34
ENG-Premier League,2526,Nottingham,Chris Wood,NZL,FW,33,1991,15,11,901,10.0,3,0,3,3,0,0,0,0,0.3,0.0,0.3,0.3,0.3
ENG-Premier League,2526,Nottingham,Dan Ndoye,SUI,MF,24,2000,24,14,1173,13.0,1,1,2,1,0,0,1,0,0.08,0.08,0.15,0.08,0.15
ENG-Premier League,2526,Nottingham,Dilane Bakwa,FRA,MF,22,2002,14,6,553,6.1,0,2,2,0,0,0,1,0,0.0,0.33,0.33,0.0,0.33
ENG-Premier League,2526,Nottingham,Douglas Luiz,BRA,MF,27,1998,8,5,315,3.5,0,0,0,0,0,0,2,0,0.0,0.0,0.0,0.0,0.0
ENG-Premier League,2526,Nottingham,Elliot Anderson,ENG,MF,22,2002,38,37,3331,37.0,4,4,8,3,1,1,8,0,0.11,0.11,0.22,0.08,0.19
ENG-Premier League,2526,Nottingham,Ibrahim Sangaré,CIV,MF,27,1997,28,25,2075,23.1,2,2,4,2,0,0,5,0,0.09,0.09,0.17,0.09,0.17
ENG-Premier League,2526,Nottingham,Igor Jesus,BRA,FW,24,2001,37,28,2298,25.5,6,4,10,5,1,1,2,0,0.23,0.16,0.39,0.2,0.35
ENG-Premier League,2526,Nottingham,Jair Cunha,BRA,DF,20,2005,9,6,517,5.7,0,0,0,0,0,0,0,0,0.0,0.0,0.0,0.0,0.0
ENG-Premier League,2526,Nottingham,James Mcatee,ENG,MF,22,2002,14,2,298,3.3,0,1,1,0,0,0,1,0,0.0,0.3,0.3,0.0,0.3
ENG-Premier League,2526,Nottingham,John,BRA,GK,29,1996,5,5,437,4.9,0,0,0,0,0,0,1,0,0.0,0.0,0.0,0.0,0.0
ENG-Premier League,2526,Nottingham,Jota Silva,POR,FW,25,1999,1,0,12,0.1,0,0,0,0,0,0,0,0,0.0,0.0,0.0,0.0,0.0
ENG-Premier League,2526,Nottingham,Lorenzo Lucca,ITA,FW,24,2000,4,1,129,1.4,1,0,1,1,0,0,0,0,0.7,0.0,0.7,0.7,0.7
ENG-Premier League,2526,Nottingham,Luca Netz,GER,"DF,MF",22,2003,7,3,357,4.0,0,0,0,0,0,0,0,0,0.0,0.0,0.0,0.0,0.0
ENG-Premier League,2526,Nottingham,Matz Sels,BEL,GK,33,1992,31,30,2668,29.6,0,0,0,0,0,0,2,0,0.0,0.0,0.0,0.0,0.0
ENG-Premier League,2526,Nottingham,Morato,BRA,DF,24,2001,21,14,1345,14.9,1,0,1,1,0,0,5,0,0.07,0.0,0.07,0.07,0.07
ENG-Premier League,2526,Nottingham,Morgan Gibbs-White,ENG,MF,25,2000,37,35,3097,34.4,15,4,19,14,1,1,1,0,0.44,0.12,0.55,0.41,0.52
ENG-Premier League,2526,Nottingham,Murillo,BRA,DF,23,2002,25,25,2130,23.7,1,0,1,1,0,0,5,0,0.04,0.0,0.04,0.04,0.04
ENG-Premier League,2526,Nottingham,Neco Williams,WAL,DF,24,2001,37,36,3204,35.6,2,3,5,2,0,0,6,1,0.06,0.08,0.14,0.06,0.14
ENG-Premier League,2526,Nottingham,Nicolás Domínguez,ARG,MF,27,1998,27,17,1175,13.1,1,1,2,1,0,0,3,0,0.08,0.08,0.15,0.08,0.15
ENG-Premier League,2526,Nottingham,Nicolò Savona,ITA,DF,22,2003,14,11,1028,11.4,2,0,2,2,0,0,2,0,0.18,0.0,0.18,0.18,0.18
ENG-Premier League,2526,Nottingham,Nikola Milenković,SRB,DF,27,1997,38,37,3375,37.5,0,0,0,0,0,0,6,0,0.0,0.0,0.0,0.0,0.0
ENG-Premier League,2526,Nottingham,Ola Aina,NGA,DF,28,1996,18,18,1588,17.6,0,0,0,0,0,0,3,0,0.0,0.0,0.0,0.0,0.0
ENG-Premier League,2526,Nottingham,Oleksandr Zinchenko,UKR,DF,28,1996,5,4,353,3.9,0,0,0,0,0,0,0,0,0.0,0.0,0.0,0.0,0.0
ENG-Premier League,2526,Nottingham,Omari Hutchinson,ENG,MF,21,2003,31,17,1688,18.8,1,5,6,1,0,0,1,0,0.05,0.27,0.32,0.05,0.32
ENG-Premier League,2526,Nottingham,Ryan Yates,ENG,MF,27,1997,22,2,617,6.9,0,2,2,0,0,0,3,0,0.0,0.29,0.29,0.0,0.29
ENG-Premier League,2526,Nottingham,Stefan Ortega,GER,GK,32,1992,3,3,270,3.0,0,0,0,0,0,0,0,0,0.0,0.0,0.0,0.0,0.0
ENG-Premier League,2526,Nottingham,Taiwo Awoniyi,NGA,FW,27,1997,17,3,494,5.5,4,1,5,4,0,0,2,0,0.73,0.18,0.91,0.73,0.91
ENG-Premier League,2526,Nottingham,Zach Abbott,ENG,DF,19,2006,3,2,164,1.8,0,0,0,0,0,0,0,0,0.0,0.0,0.0,0.0,0.0
ENG-Premier League,2526,Sunderland,Arthur Masuaku,COD,DF,31,1993,3,2,126,1.4,0,0,0,0,0,0,1,0,0.0,0.0,0.0,0.0,0.0
ENG-Premier League,2526,Sunderland,Bertrand Traoré,BFA,"MF,FW",29,1995,12,9,632,7.0,1,0,1,1,0,0,1,0,0.14,0.0,0.14,0.14,0.14
ENG-Premier League,2526,Sunderland,Brian Brobbey,NED,FW,23,2002,31,22,1927,21.4,7,1,8,7,0,0,6,0,0.33,0.05,0.37,0.33,0.37
ENG-Premier League,2526,Sunderland,Chemsdine Talbi,MAR,"MF,FW",20,2005,28,16,1561,17.3,4,1,5,4,0,0,0,0,0.23,0.06,0.29,0.23,0.29
ENG-Premier League,2526,Sunderland,Chris Rigg,ENG,MF,18,2007,18,11,761,8.5,1,1,2,1,0,0,1,0,0.12,0.12,0.24,0.12,0.24
ENG-Premier League,2526,Sunderland,Dan Neil,ENG,MF,23,2001,3,0,14,0.2,0,0,0,0,0,0,0,0,0.0,0.0,0.0,0.0,0.0
ENG-Premier League,2526,Sunderland,Daniel Ballard,NIR,DF,25,1999,29,24,2149,23.9,2,0,2,2,0,0,4,1,0.08,0.0,0.08,0.08,0.08
ENG-Premier League,2526,Sunderland,Dennis Cirkin,LVA,DF,23,2002,8,3,323,3.6,0,0,0,0,0,0,2,0,0.0,0.0,0.0,0.0,0.0
ENG-Premier League,2526,Sunderland,Eliezer Mayenda,ESP,"FW,MF",20,2005,20,8,759,8.4,2,0,2,2,0,0,0,0,0.24,0.0,0.24,0.24,0.24
ENG-Premier League,2526,Sunderland,Enzo Le Fée,FRA,"MF,FW",25,2000,36,33,2930,32.6,5,6,11,2,3,4,5,0,0.15,0.18,0.34,0.06,0.25
ENG-Premier League,2526,Sunderland,Granit Xhaka,SUI,MF,32,1992,34,32,2904,32.3,1,6,7,1,0,0,8,0,0.03,0.19,0.22,0.03,0.22
ENG-Premier League,2526,Sunderland,Habib Diarra,SEN,MF,21,2004,20,15,1405,15.6,2,2,4,1,1,1,6,0,0.13,0.13,0.26,0.06,0.19
ENG-Premier League,2526,Sunderland,Jenson Seelt,NED,DF,22,2003,2,1,134,1.5,0,0,0,0,0,0,0,0,0.0,0.0,0.0,0.0,0.0
ENG-Premier League,2526,Sunderland,Jocelin Ta Bi,CIV,MF,20,2005,1,1,38,0.4,0,0,0,0,0,0,0,0,0.0,0.0,0.0,0.0,0.0
ENG-Premier League,2526,Sunderland,Luke O'Nien,ENG,DF,30,1994,12,5,569,6.3,0,1,1,0,0,0,1,1,0.0,0.16,0.16,0.0,0.16
ENG-Premier League,2526,Sunderland,Lutsharel Geertruida,NED,"DF,MF",25,2000,28,17,1693,18.8,0,0,0,0,0,0,2,0,0.0,0.0,0.0,0.0,0.0
ENG-Premier League,2526,Sunderland,Marc Guiu,ESP,FW,19,2006,2,0,15,0.2,0,0,0,0,0,0,0,0,0.0,0.0,0.0,0.0,0.0
ENG-Premier League,2526,Sunderland,Melker Ellborg,SWE,GK,22,2003,3,3,270,3.0,0,0,0,0,0,0,0,0,0.0,0.0,0.0,0.0,0.0
ENG-Premier League,2526,Sunderland,Nilson Angulo,ECU,MF,22,2003,8,5,404,4.5,0,0,0,0,0,0,1,0,0.0,0.0,0.0,0.0,0.0
ENG-Premier League,2526,Sunderland,Noah Sadiki,COD,MF,20,2004,33,33,2889,32.1,0,1,1,0,0,0,9,0,0.0,0.03,0.03,0.0,0.03
ENG-Premier League,2526,Sunderland,Nordi Mukiele,FRA,DF,27,1997,32,32,2784,30.9,3,3,6,3,0,0,5,0,0.1,0.1,0.19,0.1,0.19
ENG-Premier League,2526,Sunderland,Omar Alderete,PAR,DF,28,1996,33,32,2798,31.1,1,1,2,1,0,0,6,0,0.03,0.03,0.06,0.03,0.06
ENG-Premier League,2526,Sunderland,Patrick Roberts,ENG,"FW,MF",28,1997,1,0,28,0.3,0,0,0,0,0,0,0,0,0.0,0.0,0.0,0.0,0.0
ENG-Premier League,2526,Sunderland,Reinildo Mandava,MOZ,DF,31,1994,25,23,1966,21.8,0,1,1,0,0,0,7,1,0.0,0.05,0.05,0.0,0.05
ENG-Premier League,2526,Sunderland,Robin Roefs,NED,GK,22,2003,35,35,3150,35.0,0,0,0,0,0,0,4,0,0.0,0.0,0.0,0.0,0.0
ENG-Premier League,2526,Sunderland,Romaine Mundle,ENG,MF,22,2003,14,2,411,4.6,0,0,0,0,0,0,1,0,0.0,0.0,0.0,0.0,0.0
ENG-Premier League,2526,Sunderland,Simon Adingra,CIV,"MF,FW",23,2002,14,9,653,7.3,1,0,1,1,0,0,2,0,0.14,0.0,0.14,0.14,0.14
ENG-Premier League,2526,Sunderland,Trai Hume,NIR,"DF,MF",23,2002,38,34,3036,33.7,2,1,3,2,0,0,9,0,0.06,0.03,0.09,0.06,0.09
ENG-Premier League,2526,Sunderland,Wilson Isidor,HAI,FW,24,2000,32,11,1165,12.9,6,0,6,6,0,0,1,0,0.46,0.0,0.46,0.46,0.46
ENG-Premier League,2526,Tottenham,Antonín Kinský,CZE,GK,22,2003,7,7,630,7.0,0,0,0,0,0,0,1,0,0.0,0.0,0.0,0.0,0.0
ENG-Premier League,2526,Tottenham,Archie Gray,ENG,"MF,DF",19,2006,24,18,1478,16.4,2,2,4,2,0,0,5,0,0.12,0.12,0.24,0.12,0.24
ENG-Premier League,2526,Tottenham,Ben Davies,WAL,DF,32,1993,3,2,137,1.5,1,0,1,1,0,0,1,0,0.66,0.0,0.66,0.66,0.66
ENG-Premier League,2526,Tottenham,Brennan Johnson,WAL,"MF,FW",24,2001,16,6,610,6.8,2,0,2,2,0,0,2,0,0.3,0.0,0.3,0.3,0.3
ENG-Premier League,2526,Tottenham,Callum Olusesi,ENG,MF,18,2007,1,0,15,0.2,0,0,0,0,0,0,0,0,0.0,0.0,0.0,0.0,0.0
ENG-Premier League,2526,Tottenham,Conor Gallagher,ENG,MF,25,2000,16,14,1184,13.2,1,1,2,1,0,0,2,0,0.08,0.08,0.15,0.08,0.15
ENG-Premier League,2526,Tottenham,Cristian Romero,ARG,DF,27,1998,23,22,1868,20.8,4,1,5,4,0,0,11,2,0.19,0.05,0.24,0.19,0.24
ENG-Premier League,2526,Tottenham,Dane Scarlett,ENG,FW,21,2004,2,0,9,0.1,0,0,0,0,0,0,0,0,0.0,0.0,0.0,0.0,0.0
ENG-Premier League,2526,Tottenham,Destiny Udogie,ITA,"DF,MF",22,2002,20,14,1338,14.9,0,1,1,0,0,0,4,0,0.0,0.07,0.07,0.0,0.07
ENG-Premier League,2526,Tottenham,Djed Spence,ENG,"DF,MF",24,2000,30,23,2056,22.8,0,0,0,0,0,0,4,0,0.0,0.0,0.0,0.0,0.0
ENG-Premier League,2526,Tottenham,Dominic Solanke,ENG,FW,27,1997,15,11,1001,11.1,3,0,3,3,0,0,1,0,0.27,0.0,0.27,0.27,0.27
ENG-Premier League,2526,Tottenham,Guglielmo Vicario,ITA,GK,28,1996,31,31,2790,31.0,0,0,0,0,0,0,1,0,0.0,0.0,0.0,0.0,0.0
ENG-Premier League,2526,Tottenham,James Maddison,ENG,"FW,MF",28,1996,3,0,37,0.4,0,0,0,0,0,0,0,0,0.0,0.0,0.0,0.0,0.0
ENG-Premier League,2526,Tottenham,James Rowswell,ENG,DF,19,2006,1,0,1,0.0,0,0,0,0,0,0,0,0,0.0,0.0,0.0,0.0,0.0
ENG-Premier League,2526,Tottenham,João Palhinha,POR,MF,30,1995,33,23,2198,24.4,5,2,7,5,0,0,8,0,0.2,0.08,0.29,0.2,0.29
ENG-Premier League,2526,Tottenham,Jun'ai Byfield,ENG,DF,16,2008,1,0,1,0.0,0,0,0,0,0,0,0,0,0.0,0.0,0.0,0.0,0.0
ENG-Premier League,2526,Tottenham,Kevin Danso,AUT,DF,26,1998,24,17,1494,16.6,0,0,0,0,0,0,8,0,0.0,0.0,0.0,0.0,0.0
ENG-Premier League,2526,Tottenham,Lucas Bergvall,SWE,MF,19,2006,23,11,965,10.7,1,3,4,1,0,0,2,0,0.09,0.28,0.37,0.09,0.37
ENG-Premier League,2526,Tottenham,Mathys Tel,FRA,"MF,FW",20,2005,31,13,1349,15.0,4,1,5,4,0,0,1,0,0.27,0.07,0.33,0.27,0.33
ENG-Premier League,2526,Tottenham,Micky van de Ven,NED,DF,24,2001,35,35,3041,33.8,4,1,5,4,0,0,9,1,0.12,0.03,0.15,0.12,0.15
ENG-Premier League,2526,Tottenham,Mohammed Kudus,GHA,"MF,FW",24,2000,19,19,1535,17.1,2,5,7,2,0,0,3,0,0.12,0.29,0.41,0.12,0.41
ENG-Premier League,2526,Tottenham,Pape Matar Sarr,SEN,MF,22,2002,26,13,1398,15.5,2,4,6,2,0,0,3,0,0.13,0.26,0.39,0.13,0.39
ENG-Premier League,2526,Tottenham,Pedro Porro,ESP,DF,25,1999,34,32,2796,31.1,1,2,3,1,0,0,10,0,0.03,0.06,0.1,0.03,0.1
ENG-Premier League,2526,Tottenham,Radu Drăgușin,ROU,DF,23,2002,10,5,517,5.7,0,0,0,0,0,0,0,0,0.0,0.0,0.0,0.0,0.0
ENG-Premier League,2526,Tottenham,Randal Kolo Muani,FRA,"FW,MF",26,1998,30,21,1664,18.5,1,1,2,1,0,0,3,0,0.05,0.05,0.11,0.05,0.11
ENG-Premier League,2526,Tottenham,Richarlison,BRA,"FW,MF",28,1997,32,20,1964,21.8,11,4,15,11,0,0,5,0,0.5,0.18,0.69,0.5,0.69
ENG-Premier League,2526,Tottenham,Rodrigo Bentancur,URU,MF,28,1997,26,23,1883,20.9,1,1,2,1,0,0,7,0,0.05,0.05,0.1,0.05,0.1
ENG-Premier League,2526,Tottenham,Souza,BRA,MF,19,2006,4,2,144,1.6,0,0,0,0,0,0,1,0,0.0,0.0,0.0,0.0,0.0
ENG-Premier League,2526,Tottenham,Wilson Odobert,FRA,"MF,FW",20,2004,24,10,985,10.9,0,2,2,0,0,0,0,0,0.0,0.18,0.18,0.0,0.18
ENG-Premier League,2526,Tottenham,Xavi Simons,NED,"MF,FW",22,2003,28,19,1755,19.5,2,5,7,2,0,0,5,1,0.1,0.26,0.36,0.1,0.36
ENG-Premier League,2526,Tottenham,Yves Bissouma,MLI,MF,28,1996,11,7,603,6.7,0,0,0,0,0,0,4,0,0.0,0.0,0.0,0.0,0.0
ENG-Premier League,2526,West Ham,Aaron Wan-Bissaka,COD,"DF,MF",27,1997,25,23,2081,23.1,0,2,2,0,0,0,4,0,0.0,0.09,0.09,0.0,0.09
ENG-Premier League,2526,West Ham,Adama Traoré,ESP,"FW,MF",29,1996,9,0,121,1.3,0,0,0,0,0,0,1,0,0.0,0.0,0.0,0.0,0.0
ENG-Premier League,2526,West Ham,Alphonse Areola,FRA,GK,32,1993,20,20,1800,20.0,0,1,1,0,0,0,0,0,0.0,0.05,0.05,0.0,0.05
ENG-Premier League,2526,West Ham,Andy Irving,SCO,MF,25,2000,7,2,158,1.8,0,0,0,0,0,0,0,0,0.0,0.0,0.0,0.0,0.0
ENG-Premier League,2526,West Ham,Axel Disasi,FRA,DF,27,1998,14,14,1254,13.9,0,0,0,0,0,0,1,0,0.0,0.0,0.0,0.0,0.0
ENG-Premier League,2526,West Ham,Callum Marshall,NIR,FW,20,2004,2,0,60,0.7,0,0,0,0,0,0,0,0,0.0,0.0,0.0,0.0,0.0
ENG-Premier League,2526,West Ham,Callum Wilson,ENG,FW,33,1992,32,11,1251,13.9,7,1,8,7,0,0,1,0,0.5,0.07,0.58,0.5,0.58
ENG-Premier League,2526,West Ham,Crysencio Summerville,NED,"MF,FW",23,2001,31,29,2470,27.4,5,2,7,5,0,0,6,0,0.18,0.07,0.26,0.18,0.26
ENG-Premier League,2526,West Ham,El Hadji Malick Diouf,SEN,"DF,MF",20,2004,32,30,2707,30.1,0,5,5,0,0,0,6,0,0.0,0.17,0.17,0.0,0.17
ENG-Premier League,2526,West Ham,Ezra Mayers,BRB,DF,18,2007,6,0,117,1.3,0,0,0,0,0,0,0,0,0.0,0.0,0.0,0.0,0.0
ENG-Premier League,2526,West Ham,Freddie Potts,ENG,MF,21,2003,22,12,1171,13.0,0,1,1,0,0,0,1,0,0.0,0.08,0.08,0.0,0.08
ENG-Premier League,2526,West Ham,George Earthy,ENG,MF,20,2004,1,0,9,0.1,0,0,0,0,0,0,0,0,0.0,0.0,0.0,0.0,0.0
ENG-Premier League,2526,West Ham,Guido Rodríguez,ARG,MF,31,1994,6,2,180,2.0,0,0,0,0,0,0,1,0,0.0,0.0,0.0,0.0,0.0
ENG-Premier League,2526,West Ham,Igor,BRA,DF,27,1998,4,1,105,1.2,0,0,0,0,0,0,0,0,0.0,0.0,0.0,0.0,0.0
ENG-Premier League,2526,West Ham,James Ward-Prowse,ENG,MF,30,1994,5,5,413,4.6,0,0,0,0,0,0,0,0,0.0,0.0,0.0,0.0,0.0
ENG-Premier League,2526,West Ham,Jarrod Bowen,ENG,"MF,FW",28,1996,38,38,3403,37.8,9,11,20,8,1,1,4,0,0.24,0.29,0.53,0.21,0.5
ENG-Premier League,2526,West Ham,Jean-Clair Todibo,FRA,DF,25,1999,23,22,1814,20.2,0,1,1,0,0,0,5,1,0.0,0.05,0.05,0.0,0.05
ENG-Premier League,2526,West Ham,Konstantinos Mavropanos,GRE,DF,27,1997,31,27,2534,28.2,3,0,3,3,0,0,2,0,0.11,0.0,0.11,0.11,0.11
ENG-Premier League,2526,West Ham,Kyle Walker-Peters,ENG,DF,28,1997,23,15,1383,15.4,1,0,1,1,0,0,2,0,0.07,0.0,0.07,0.07,0.07
ENG-Premier League,2526,West Ham,Lucas Paquetá,BRA,"MF,FW",27,1997,18,18,1511,16.8,4,1,5,2,2,2,7,1,0.24,0.06,0.3,0.12,0.18
ENG-Premier League,2526,West Ham,Luis Guilherme,BRA,FW,19,2006,5,1,125,1.4,0,0,0,0,0,0,0,0,0.0,0.0,0.0,0.0,0.0
ENG-Premier League,2526,West Ham,Mads Hermansen,DEN,GK,25,2000,18,18,1620,18.0,0,1,1,0,0,0,0,0,0.0,0.06,0.06,0.0,0.06
ENG-Premier League,2526,West Ham,Mateus Fernandes,POR,MF,21,2004,36,35,3016,33.5,3,4,7,3,0,0,7,0,0.09,0.12,0.21,0.09,0.21
ENG-Premier League,2526,West Ham,Max Kilman,ENG,DF,28,1997,21,17,1561,17.3,0,0,0,0,0,0,4,0,0.0,0.0,0.0,0.0,0.0
ENG-Premier League,2526,West Ham,Mohamadou Kanté,FRA,MF,19,2005,11,0,75,0.8,0,0,0,0,0,0,2,0,0.0,0.0,0.0,0.0,0.0
ENG-Premier League,2526,West Ham,Nayef Aguerd,MAR,DF,29,1996,2,2,180,2.0,0,0,0,0,0,0,0,0,0.0,0.0,0.0,0.0,0.0
ENG-Premier League,2526,West Ham,Niclas Füllkrug,GER,FW,32,1993,8,5,409,4.5,0,0,0,0,0,0,0,0,0.0,0.0,0.0,0.0,0.0
ENG-Premier League,2526,West Ham,Oliver Scarles,ENG,"DF,MF",19,2005,13,9,659,7.3,0,0,0,0,0,0,2,0,0.0,0.0,0.0,0.0,0.0
ENG-Premier League,2526,West Ham,Pablo,BRA,"MF,FW",21,2004,14,10,823,9.1,0,1,1,0,0,0,0,0,0.0,0.11,0.11,0.0,0.11
ENG-Premier League,2526,West Ham,Soungoutou Magassa,FRA,MF,21,2003,22,11,981,10.9,1,0,1,1,0,0,4,0,0.09,0.0,0.09,0.09,0.09
ENG-Premier League,2526,West Ham,Tomáš Souček,CZE,MF,30,1995,35,24,2200,24.4,5,0,5,5,0,0,3,1,0.2,0.0,0.2,0.2,0.2
ENG-Premier League,2526,West Ham,Valentín Castellanos,ARG,FW,26,1998,18,17,1384,15.4,6,0,6,6,0,0,6,0,0.39,0.0,0.39,0.39,0.39
ENG-Premier League,2526,Wolves,Adam Armstrong,ENG,"FW,MF",28,1997,14,14,1140,12.7,2,2,4,1,1,1,3,0,0.16,0.16,0.32,0.08,0.24
ENG-Premier League,2526,Wolves,André,BRA,MF,24,2001,35,30,2762,30.7,1,0,1,1,0,0,12,0,0.03,0.0,0.03,0.03,0.03
ENG-Premier League,2526,Wolves,Angel Gomes,ENG,"MF,FW",24,2000,12,7,461,5.1,0,0,0,0,0,0,1,0,0.0,0.0,0.0,0.0,0.0
ENG-Premier League,2526,Wolves,Daniel Bentley,ENG,GK,32,1993,3,3,270,3.0,0,0,0,0,0,0,0,0,0.0,0.0,0.0,0.0,0.0
ENG-Premier League,2526,Wolves,David Møller Wolfe,NOR,"MF,DF",23,2002,22,11,1049,11.7,0,2,2,0,0,0,1,0,0.0,0.17,0.17,0.0,0.17
ENG-Premier League,2526,Wolves,Emmanuel Agbadou,CIV,DF,28,1997,14,12,1101,12.2,0,0,0,0,0,0,1,1,0.0,0.0,0.0,0.0,0.0
ENG-Premier League,2526,Wolves,Fer López,ESP,MF,21,2004,9,2,235,2.6,0,1,1,0,0,0,1,0,0.0,0.38,0.38,0.0,0.38
ENG-Premier League,2526,Wolves,Hugo Bueno,ESP,"MF,DF",22,2002,35,26,2366,26.3,1,2,3,1,0,0,3,0,0.04,0.08,0.11,0.04,0.11
ENG-Premier League,2526,Wolves,Hwang Hee-chan,KOR,"FW,MF",29,1996,26,18,1446,16.1,2,2,4,1,1,1,5,0,0.12,0.12,0.25,0.06,0.19
ENG-Premier League,2526,Wolves,Jackson Tchatchoua,CMR,"MF,DF",23,2001,31,19,1845,20.5,0,1,1,0,0,0,3,0,0.0,0.05,0.05,0.0,0.05
ENG-Premier League,2526,Wolves,Jean-Ricner Bellegarde,HAI,"MF,FW",27,1998,26,15,1248,13.9,1,1,2,1,0,0,5,0,0.07,0.07,0.14,0.07,0.14
ENG-Premier League,2526,Wolves,Jerome Abbey,ENG,MF,15,2009,1,0,17,0.2,0,0,0,0,0,0,0,0,0.0,0.0,0.0,0.0,0.0
ENG-Premier League,2526,Wolves,Jhon Arias,COL,"FW,MF",27,1997,23,14,1124,12.5,1,0,1,1,0,0,1,0,0.08,0.0,0.08,0.08,0.08
ENG-Premier League,2526,Wolves,José Sá,POR,GK,32,1993,23,23,2070,23.0,0,0,0,0,0,0,2,0,0.0,0.0,0.0,0.0,0.0
ENG-Premier League,2526,Wolves,João Gomes,BRA,MF,24,2001,35,32,2829,31.4,1,1,2,1,0,0,10,0,0.03,0.03,0.06,0.03,0.06
ENG-Premier League,2526,Wolves,Jørgen Strand Larsen,NOR,FW,25,2000,22,14,1404,15.6,1,1,2,0,1,2,2,0,0.06,0.06,0.13,0.0,0.06
ENG-Premier League,2526,Wolves,Ki-Jana Hoever,NED,"MF,DF",23,2002,8,6,425,4.7,0,0,0,0,0,0,0,0,0.0,0.0,0.0,0.0,0.0
ENG-Premier League,2526,Wolves,Ladislav Krejčí,CZE,"DF,MF",26,1999,28,27,2356,26.2,2,1,3,2,0,0,5,1,0.08,0.04,0.11,0.08,0.11
ENG-Premier League,2526,Wolves,Marshall Munetsi,ZIM,"MF,FW",29,1996,13,9,875,9.7,1,1,2,1,0,0,2,0,0.1,0.1,0.21,0.1,0.21
ENG-Premier League,2526,Wolves,Mateus Mane,POR,MF,17,2007,27,19,1795,19.9,3,1,4,3,0,0,0,0,0.15,0.05,0.2,0.15,0.2
ENG-Premier League,2526,Wolves,Matt Doherty,IRL,"DF,MF",33,1992,11,11,787,8.7,0,0,0,0,0,0,4,0,0.0,0.0,0.0,0.0,0.0
ENG-Premier League,2526,Wolves,Pedro Lima,BRA,MF,19,2006,9,3,260,2.9,0,0,0,0,0,0,0,0,0.0,0.0,0.0,0.0,0.0
ENG-Premier League,2526,Wolves,Rodrigo Gomes,POR,"MF,FW",22,2003,22,9,960,10.7,3,0,3,3,0,0,0,0,0.28,0.0,0.28,0.28,0.28
ENG-Premier League,2526,Wolves,Sam Johnstone,ENG,GK,32,1993,12,12,1080,12.0,0,0,0,0,0,0,0,0,0.0,0.0,0.0,0.0,0.0
ENG-Premier League,2526,Wolves,Santiago Bueno,URU,DF,26,1998,29,28,2553,28.4,3,1,4,3,0,0,4,0,0.11,0.04,0.14,0.11,0.14
ENG-Premier League,2526,Wolves,Saša Kalajdžić,AUT,"FW,MF",28,1997,1,0,15,0.2,0,0,0,0,0,0,0,0,0.0,0.0,0.0,0.0,0.0
ENG-Premier League,2526,Wolves,Tawanda Chirewa,ZIM,MF,21,2003,2,0,27,0.3,0,0,0,0,0,0,0,0,0.0,0.0,0.0,0.0,0.0
ENG-Premier League,2526,Wolves,Tolu Arokodare,NGA,FW,24,2000,33,13,1419,15.8,3,1,4,3,0,1,1,0,0.19,0.06,0.25,0.19,0.25
ENG-Premier League,2526,Wolves,Tom Edozie,ENG,MF,19,2006,3,0,14,0.2,1,0,1,1,0,0,0,0,6.43,0.0,6.43,6.43,6.43
ENG-Premier League,2526,Wolves,Toti Gomes,POR,DF,26,1999,19,17,1424,15.8,0,0,0,0,0,0,2,1,0.0,0.0,0.0,0.0,0.0
ENG-Premier League,2526,Wolves,Yerson Mosquera,COL,DF,24,2001,27,24,2136,23.7,0,0,0,0,0,0,12,0,0.0,0.0,0.0,0.0,0.0
ESP-La Liga,2526,Alavés,Abde Rebbach,ALG,"MF,DF",26,1998,30,15,1496,16.6,1,4,5,1,0,0,8,0,0.06,0.24,0.3,0.06,0.3
ESP-La Liga,2526,Alavés,Aitor Mañas,ESP,FW,22,2003,9,0,122,1.4,0,0,0,0,0,0,0,0,0.0,0.0,0.0,0.0,0.0
ESP-La Liga,2526,Alavés,Ander Guevara,ESP,MF,28,1997,25,2,654,7.3,1,1,2,1,0,0,4,1,0.14,0.14,0.28,0.14,0.28
ESP-La Liga,2526,Alavés,Antonio Blanco,ESP,MF,25,2000,36,36,3110,34.6,2,3,5,2,0,0,9,0,0.06,0.09,0.14,0.06,0.14
ESP-La Liga,2526,Alavés,Antonio Sivera,ESP,GK,28,1996,38,38,3420,38.0,0,0,0,0,0,0,3,0,0.0,0.0,0.0,0.0,0.0
ESP-La Liga,2526,Alavés,Calebe,BRA,MF,25,2000,19,13,752,8.4,0,0,0,0,0,0,2,0,0.0,0.0,0.0,0.0,0.0
ESP-La Liga,2526,Alavés,Carles Aleñá,ESP,MF,27,1998,34,23,1989,22.1,0,4,4,0,0,0,5,0,0.0,0.18,0.18,0.0,0.18
ESP-La Liga,2526,Alavés,Carlos Ballestero,ESP,DF,21,2004,1,0,1,0.0,0,0,0,0,0,0,0,0,0.0,0.0,0.0,0.0,0.0
ESP-La Liga,2526,Alavés,Carlos Benavídez,URU,DF,27,1998,13,3,324,3.6,0,0,0,0,0,0,2,1,0.0,0.0,0.0,0.0,0.0
ESP-La Liga,2526,Alavés,Carlos Vicente,ESP,MF,26,1999,21,11,1258,14.0,5,0,5,2,3,3,1,0,0.36,0.0,0.36,0.14,0.14
ESP-La Liga,2526,Alavés,Denis Suárez,ESP,MF,31,1994,30,15,1406,15.6,1,2,3,1,0,0,6,0,0.06,0.13,0.19,0.06,0.19
ESP-La Liga,2526,Alavés,Diego Morcillo,ESP,FW,22,2003,1,0,10,0.1,0,0,0,0,0,0,0,0,0.0,0.0,0.0,0.0,0.0
ESP-La Liga,2526,Alavés,Facundo Garcés,MAS,DF,25,1999,10,8,793,8.8,0,0,0,0,0,0,3,0,0.0,0.0,0.0,0.0,0.0
ESP-La Liga,2526,Alavés,Ibrahim Diabaté,CIV,FW,25,1999,10,6,578,6.4,2,0,2,2,0,0,1,0,0.31,0.0,0.31,0.31,0.31
ESP-La Liga,2526,Alavés,Jon Guridi,ESP,"MF,FW",30,1995,28,15,1238,13.8,0,0,0,0,0,0,1,0,0.0,0.0,0.0,0.0,0.0
ESP-La Liga,2526,Alavés,Jon Pacheco,ESP,DF,24,2001,22,20,1735,19.3,0,0,0,0,0,0,5,1,0.0,0.0,0.0,0.0,0.0
ESP-La Liga,2526,Alavés,Jonny Castro,ESP,DF,31,1994,34,34,2994,33.3,0,0,0,0,0,0,7,0,0.0,0.0,0.0,0.0,0.0
ESP-La Liga,2526,Alavés,Lander Pinillos,ESP,MF,21,2003,1,0,2,0.0,0,0,0,0,0,0,0,0,0.0,0.0,0.0,0.0,0.0
ESP-La Liga,2526,Alavés,Lucas Boyé,ARG,FW,29,1996,29,22,1958,21.8,11,1,12,8,3,3,4,1,0.51,0.05,0.55,0.37,0.41
ESP-La Liga,2526,Alavés,Mariano,DOM,FW,31,1993,10,3,288,3.2,0,0,0,0,0,0,1,0,0.0,0.0,0.0,0.0,0.0
ESP-La Liga,2526,Alavés,Moussa Diarra,MLI,DF,24,2000,3,3,216,2.4,0,0,0,0,0,0,1,0,0.0,0.0,0.0,0.0,0.0
ESP-La Liga,2526,Alavés,Nahuel Tenaglia,ARG,DF,29,1996,36,36,3239,36.0,2,0,2,2,0,0,3,0,0.06,0.0,0.06,0.06,0.06
ESP-La Liga,2526,Alavés,Pablo Ibáñez,ESP,MF,26,1998,37,28,2236,24.8,1,1,2,1,0,0,7,0,0.04,0.04,0.08,0.04,0.08
ESP-La Liga,2526,Alavés,Toni Martínez,ESP,FW,28,1997,37,32,2714,30.2,14,3,17,13,1,1,2,0,0.46,0.1,0.56,0.43,0.53
ESP-La Liga,2526,Alavés,Victor Parada,ESP,DF,23,2002,30,25,2146,23.8,0,3,3,0,0,0,9,1,0.0,0.13,0.13,0.0,0.13
ESP-La Liga,2526,Alavés,Ville Koski,FIN,DF,23,2002,5,3,282,3.1,0,0,0,0,0,0,0,0,0.0,0.0,0.0,0.0,0.0
ESP-La Liga,2526,Alavés,Youssef Lekhedim,ESP,"DF,MF",19,2005,25,13,1335,14.8,0,1,1,0,0,0,7,0,0.0,0.07,0.07,0.0,0.07
ESP-La Liga,2526,Alavés,Ángel Pérez,ESP,"MF,DF",22,2002,16,14,1288,14.3,1,3,4,1,0,0,4,0,0.07,0.21,0.28,0.07,0.28
ESP-La Liga,2526,Athletic Club,Adama Boiro,ESP,DF,23,2002,14,8,815,9.1,0,0,0,0,0,0,1,0,0.0,0.0,0.0,0.0,0.0
ESP-La Liga,2526,Athletic Club,Aitor Paredes,ESP,DF,25,2000,19,18,1630,18.1,2,0,2,2,0,0,4,0,0.11,0.0,0.11,0.11,0.11
ESP-La Liga,2526,Athletic Club,Alejandro Rego,ESP,MF,22,2003,29,11,1279,14.2,1,1,2,1,0,0,6,0,0.07,0.07,0.14,0.07,0.14
ESP-La Liga,2526,Athletic Club,Alex Padilla,ESP,GK,21,2003,1,1,90,1.0,0,0,0,0,0,0,0,1,0.0,0.0,0.0,0.0,0.0
ESP-La Liga,2526,Athletic Club,Andoni Gorosabel,ESP,DF,28,1996,24,15,1360,15.1,0,1,1,0,0,0,3,0,0.0,0.07,0.07,0.0,0.07
ESP-La Liga,2526,Athletic Club,Asier Hierro,ESP,FW,20,2005,1,0,34,0.4,0,0,0,0,0,0,0,0,0.0,0.0,0.0,0.0,0.0
ESP-La Liga,2526,Athletic Club,Aymeric Laporte,ESP,DF,31,1994,25,24,2058,22.9,0,1,1,0,0,0,4,0,0.0,0.04,0.04,0.0,0.04
ESP-La Liga,2526,Athletic Club,Beñat Prados,ESP,MF,24,2001,2,1,85,0.9,0,0,0,0,0,0,1,0,0.0,0.0,0.0,0.0,0.0
ESP-La Liga,2526,Athletic Club,Daniel Vivian,ESP,DF,26,1999,31,28,2564,28.5,1,0,1,1,0,0,8,1,0.04,0.0,0.04,0.04,0.04
ESP-La Liga,2526,Athletic Club,Eder García,ESP,FW,21,2004,2,0,38,0.4,0,0,0,0,0,0,1,0,0.0,0.0,0.0,0.0,0.0
ESP-La Liga,2526,Athletic Club,Gorka Guruzeta,ESP,FW,28,1996,35,28,2363,26.3,10,3,13,9,1,1,6,1,0.38,0.11,0.5,0.34,0.46
ESP-La Liga,2526,Athletic Club,Iñaki Williams,GHA,"MF,FW",31,1994,30,25,2157,24.0,3,6,9,2,1,1,2,0,0.13,0.25,0.38,0.08,0.33
ESP-La Liga,2526,Athletic Club,Iñigo Lekue,ESP,DF,32,1993,11,8,600,6.7,0,0,0,0,0,0,2,2,0.0,0.0,0.0,0.0,0.0
ESP-La Liga,2526,Athletic Club,Iñigo Ruiz de Galarreta,ESP,MF,31,1993,34,30,2206,24.5,1,2,3,1,0,0,10,0,0.04,0.08,0.12,0.04,0.12
ESP-La Liga,2526,Athletic Club,Jesús Areso,ESP,DF,26,1999,26,14,1506,16.7,0,1,1,0,0,0,3,0,0.0,0.06,0.06,0.0,0.06
ESP-La Liga,2526,Athletic Club,Maroan Sannadi,MAR,FW,24,2001,10,2,288,3.2,1,0,1,1,0,0,2,0,0.31,0.0,0.31,0.31,0.31
ESP-La Liga,2526,Athletic Club,Mikel Jauregizar,ESP,MF,21,2003,36,34,2831,31.5,2,0,2,2,0,0,6,1,0.06,0.0,0.06,0.06,0.06
ESP-La Liga,2526,Athletic Club,Mikel Vesga,ESP,MF,32,1993,23,1,465,5.2,0,0,0,0,0,0,0,0,0.0,0.0,0.0,0.0,0.0
ESP-La Liga,2526,Athletic Club,Nico Williams,ESP,MF,23,2002,25,20,1674,18.6,6,3,9,5,1,2,2,0,0.32,0.16,0.48,0.27,0.43
ESP-La Liga,2526,Athletic Club,Nicolás Serrano,ESP,MF,22,2003,16,4,366,4.1,1,0,1,1,0,0,0,0,0.25,0.0,0.25,0.25,0.25
ESP-La Liga,2526,Athletic Club,Oihan Sancet,ESP,MF,25,2000,28,22,1788,19.9,4,0,4,2,2,2,4,1,0.2,0.0,0.2,0.1,0.1
ESP-La Liga,2526,Athletic Club,Roberto Navarro,ESP,MF,23,2002,32,10,1307,14.5,6,1,7,6,0,0,1,0,0.41,0.07,0.48,0.41,0.48
ESP-La Liga,2526,Athletic Club,Selton Sánchez,ESP,MF,18,2007,7,2,196,2.2,0,1,1,0,0,0,0,0,0.0,0.46,0.46,0.0,0.46
ESP-La Liga,2526,Athletic Club,Unai Gómez,ESP,MF,22,2003,26,12,936,10.4,1,1,2,1,0,0,1,0,0.1,0.1,0.19,0.1,0.19
ESP-La Liga,2526,Athletic Club,Unai Simón,ESP,GK,28,1997,37,37,3330,37.0,0,0,0,0,0,0,1,0,0.0,0.0,0.0,0.0,0.0
ESP-La Liga,2526,Athletic Club,Urko Izeta,ESP,FW,25,1999,13,1,193,2.1,1,0,1,1,0,0,2,0,0.47,0.0,0.47,0.47,0.47
ESP-La Liga,2526,Athletic Club,Yeray Álvarez,ESP,DF,30,1995,7,6,513,5.7,0,0,0,0,0,0,0,0,0.0,0.0,0.0,0.0,0.0
ESP-La Liga,2526,Athletic Club,Yuri Berchiche,ESP,DF,35,1990,32,31,2705,30.1,0,6,6,0,0,0,5,0,0.0,0.2,0.2,0.0,0.2
ESP-La Liga,2526,Athletic Club,Álex Berenguer,ESP,MF,30,1995,31,25,2154,23.9,2,3,5,2,0,0,4,0,0.08,0.13,0.21,0.08,0.21
ESP-La Liga,2526,Atlético Madrid,Ademola Lookman,NGA,"FW,MF",27,1997,12,9,617,6.9,4,0,4,3,1,1,1,0,0.58,0.0,0.58,0.44,0.44
ESP-La Liga,2526,Atlético Madrid,Aleksa Puric,SRB,DF,22,2003,2,0,46,0.5,0,0,0,0,0,0,0,0,0.0,0.0,0.0,0.0,0.0
ESP-La Liga,2526,Atlético Madrid,Alexander Sørloth,NOR,FW,29,1995,35,20,1980,22.0,13,0,13,13,0,0,4,1,0.59,0.0,0.59,0.59,0.59
ESP-La Liga,2526,Atlético Madrid,Antoine Griezmann,FRA,FW,34,1991,34,13,1481,16.5,7,4,11,7,0,0,1,0,0.43,0.24,0.67,0.43,0.67
ESP-La Liga,2526,Atlético Madrid,Clément Lenglet,FRA,DF,30,1995,19,17,1391,15.5,0,1,1,0,0,0,6,1,0.0,0.06,0.06,0.0,0.06
ESP-La Liga,2526,Atlético Madrid,Conor Gallagher,ENG,MF,25,2000,19,4,679,7.5,2,0,2,2,0,0,2,0,0.27,0.0,0.27,0.27,0.27
ESP-La Liga,2526,Atlético Madrid,Daniel Martinez,ESP,DF,21,2004,1,1,90,1.0,0,0,0,0,0,0,0,0,0.0,0.0,0.0,0.0,0.0
ESP-La Liga,2526,Atlético Madrid,Dávid Hancko,SVK,DF,27,1997,30,27,2432,27.0,0,2,2,0,0,0,2,0,0.0,0.07,0.07,0.0,0.07
ESP-La Liga,2526,Atlético Madrid,Giacomo Raspadori,ITA,FW,25,2000,12,1,236,2.6,0,1,1,0,0,0,1,0,0.0,0.38,0.38,0.0,0.38
ESP-La Liga,2526,Atlético Madrid,Giuliano Simeone,ARG,"MF,FW",22,2002,31,25,2099,23.3,4,6,10,4,0,0,2,0,0.17,0.26,0.43,0.17,0.43
ESP-La Liga,2526,Atlético Madrid,Iker Luque,ESP,DF,20,2005,1,0,28,0.3,1,0,1,1,0,0,0,0,3.21,0.0,3.21,3.21,3.21
ESP-La Liga,2526,Atlético Madrid,Jan Oblak,SVN,GK,32,1993,30,30,2700,30.0,0,0,0,0,0,0,0,0,0.0,0.0,0.0,0.0,0.0
ESP-La Liga,2526,Atlético Madrid,Jano Monserrate,ESP,MF,19,2006,2,0,23,0.3,0,0,0,0,0,0,0,0,0.0,0.0,0.0,0.0,0.0
ESP-La Liga,2526,Atlético Madrid,Javi Galán,ESP,DF,30,1994,5,1,134,1.5,0,0,0,0,0,0,0,0,0.0,0.0,0.0,0.0,0.0
ESP-La Liga,2526,Atlético Madrid,Javi Morcillo,ESP,MF,19,2006,5,1,172,1.9,0,0,0,0,0,0,2,0,0.0,0.0,0.0,0.0,0.0
ESP-La Liga,2526,Atlético Madrid,Javier Boñar,ESP,DF,20,2005,4,3,299,3.3,1,0,1,1,0,0,0,0,0.3,0.0,0.3,0.3,0.3
ESP-La Liga,2526,Atlético Madrid,Johnny Cardoso,USA,MF,23,2001,15,12,887,9.9,0,0,0,0,0,0,5,0,0.0,0.0,0.0,0.0,0.0
ESP-La Liga,2526,Atlético Madrid,José María Giménez,URU,DF,30,1995,16,13,1178,13.1,0,1,1,0,0,0,3,0,0.0,0.08,0.08,0.0,0.08
ESP-La Liga,2526,Atlético Madrid,Juan Musso,ARG,GK,31,1994,8,8,720,8.0,0,0,0,0,0,0,2,0,0.0,0.0,0.0,0.0,0.0
ESP-La Liga,2526,Atlético Madrid,Julio Diaz,ESP,DF,20,2005,4,4,310,3.4,0,1,1,0,0,0,2,0,0.0,0.29,0.29,0.0,0.29
ESP-La Liga,2526,Atlético Madrid,Julián Álvarez,ARG,FW,25,2000,29,22,1895,21.1,8,4,12,6,2,3,2,0,0.38,0.19,0.57,0.28,0.47
ESP-La Liga,2526,Atlético Madrid,Koke,ESP,MF,33,1992,34,24,2219,24.7,2,2,4,2,0,0,6,0,0.08,0.08,0.16,0.08,0.16
ESP-La Liga,2526,Atlético Madrid,Marc Pubill,ESP,DF,22,2003,19,15,1381,15.3,1,1,2,1,0,0,2,0,0.07,0.07,0.13,0.07,0.13
ESP-La Liga,2526,Atlético Madrid,Marcos Llorente,ESP,"DF,MF",30,1995,29,25,2181,24.2,0,4,4,0,0,0,7,1,0.0,0.17,0.17,0.0,0.17
ESP-La Liga,2526,Atlético Madrid,Matteo Ruggeri,ITA,DF,23,2002,26,20,1774,19.7,0,3,3,0,0,0,4,0,0.0,0.15,0.15,0.0,0.15
ESP-La Liga,2526,Atlético Madrid,Miguel Cubo,ESP,FW,17,2008,2,0,50,0.6,1,0,1,1,0,0,0,0,1.8,0.0,1.8,1.8,1.8
ESP-La Liga,2526,Atlético Madrid,Nahuel Molina,ARG,"DF,MF",27,1998,26,13,1331,14.8,2,2,4,2,0,0,4,0,0.14,0.14,0.27,0.14,0.27
ESP-La Liga,2526,Atlético Madrid,Nicolás González,ARG,"MF,DF",27,1998,24,18,1448,16.1,5,0,5,5,0,0,4,1,0.31,0.0,0.31,0.31,0.31
ESP-La Liga,2526,Atlético Madrid,Obed Vargas,MEX,MF,19,2005,12,8,740,8.2,0,1,1,0,0,0,2,0,0.0,0.12,0.12,0.0,0.12
ESP-La Liga,2526,Atlético Madrid,Pablo Barrios,ESP,MF,22,2003,23,20,1661,18.5,1,1,2,1,0,0,0,0,0.05,0.05,0.11,0.05,0.11
ESP-La Liga,2526,Atlético Madrid,Rayane Belaid,ESP,"MF,FW",20,2005,2,2,132,1.5,0,0,0,0,0,0,0,0,0.0,0.0,0.0,0.0,0.0
ESP-La Liga,2526,Atlético Madrid,Robin Le Normand,ESP,DF,28,1996,28,17,1789,19.9,1,1,2,1,0,0,5,0,0.05,0.05,0.1,0.05,0.1
ESP-La Liga,2526,Atlético Madrid,Rodrigo Mendoza,ESP,MF,20,2005,8,8,434,4.8,0,1,1,0,0,0,2,0,0.0,0.21,0.21,0.0,0.21
ESP-La Liga,2526,Atlético Madrid,Taufik Seidu,ESP,MF,17,2008,1,0,23,0.3,0,0,0,0,0,0,1,0,0.0,0.0,0.0,0.0,0.0
ESP-La Liga,2526,Atlético Madrid,Thiago Almada,ARG,"MF,FW",24,2001,27,16,1311,14.6,3,1,4,3,0,0,2,1,0.21,0.07,0.27,0.21,0.27
ESP-La Liga,2526,Atlético Madrid,Álex Baena,ESP,"MF,FW",24,2001,27,21,1560,17.3,2,3,5,2,0,0,5,0,0.12,0.17,0.29,0.12,0.29
ESP-La Liga,2526,Barcelona,Alejandro Balde,ESP,DF,21,2003,28,21,1869,20.8,0,2,2,0,0,0,2,0,0.0,0.1,0.1,0.0,0.1
ESP-La Liga,2526,Barcelona,Alvaro Cortes,ESP,DF,20,2005,1,1,90,1.0,0,0,0,0,0,0,0,0,0.0,0.0,0.0,0.0,0.0
ESP-La Liga,2526,Barcelona,Andreas Christensen,DEN,DF,29,1996,13,3,409,4.5,0,0,0,0,0,0,2,0,0.0,0.0,0.0,0.0,0.0
ESP-La Liga,2526,Barcelona,Dani Olmo,ESP,MF,27,1998,33,24,2067,23.0,7,8,15,7,0,0,1,0,0.3,0.35,0.65,0.3,0.65
ESP-La Liga,2526,Barcelona,Dro Fernández,ESP,MF,17,2008,4,1,92,1.0,0,0,0,0,0,0,0,0,0.0,0.0,0.0,0.0,0.0
ESP-La Liga,2526,Barcelona,Eric García,ESP,"DF,MF",24,2001,34,32,2721,30.2,1,1,2,1,0,0,6,0,0.03,0.03,0.07,0.03,0.07
ESP-La Liga,2526,Barcelona,Fermin López,ESP,MF,22,2003,30,19,1797,20.0,6,9,15,6,0,0,3,0,0.3,0.45,0.75,0.3,0.75
ESP-La Liga,2526,Barcelona,Ferrán Torres,ESP,FW,25,2000,33,23,1965,21.8,16,2,18,16,0,0,2,0,0.73,0.09,0.82,0.73,0.82
ESP-La Liga,2526,Barcelona,Frenkie de Jong,NED,MF,28,1997,25,16,1636,18.2,1,5,6,1,0,0,4,1,0.06,0.28,0.33,0.06,0.33
ESP-La Liga,2526,Barcelona,Gavi,ESP,MF,20,2004,11,7,573,6.4,0,1,1,0,0,0,3,0,0.0,0.16,0.16,0.0,0.16
ESP-La Liga,2526,Barcelona,Gerard Martín,ESP,DF,23,2002,32,26,2119,23.5,0,0,0,0,0,0,6,0,0.0,0.0,0.0,0.0,0.0
ESP-La Liga,2526,Barcelona,Joan García,ESP,GK,24,2001,30,30,2700,30.0,0,0,0,0,0,0,1,0,0.0,0.0,0.0,0.0,0.0
ESP-La Liga,2526,Barcelona,Jofre Torrents,ESP,DF,18,2007,3,0,50,0.6,0,0,0,0,0,0,0,0,0.0,0.0,0.0,0.0,0.0
ESP-La Liga,2526,Barcelona,João Cancelo,POR,DF,31,1994,16,11,954,10.6,2,2,4,2,0,0,1,0,0.19,0.19,0.38,0.19,0.38
ESP-La Liga,2526,Barcelona,Jules Koundé,FRA,DF,26,1998,30,24,2261,25.1,1,3,4,1,0,0,6,0,0.04,0.12,0.16,0.04,0.16
ESP-La Liga,2526,Barcelona,Lamine Yamal,ESP,"MF,FW",18,2007,28,26,2262,25.1,16,11,27,13,3,4,1,0,0.64,0.44,1.07,0.52,0.95
ESP-La Liga,2526,Barcelona,Marc Bernal,ESP,MF,18,2007,22,9,790,8.8,2,1,3,2,0,0,4,0,0.23,0.11,0.34,0.23,0.34
ESP-La Liga,2526,Barcelona,Marc Casado,ESP,MF,21,2003,24,10,989,11.0,0,1,1,0,0,0,1,0,0.0,0.09,0.09,0.0,0.09
ESP-La Liga,2526,Barcelona,Marcus Rashford,ENG,"MF,FW",27,1997,32,18,1763,19.6,8,7,15,8,0,0,3,0,0.41,0.36,0.77,0.41,0.77
ESP-La Liga,2526,Barcelona,Pau Cubarsí,ESP,DF,18,2007,31,31,2703,30.0,1,0,1,1,0,0,3,0,0.03,0.0,0.03,0.03,0.03
ESP-La Liga,2526,Barcelona,Pedri,ESP,MF,22,2002,29,23,2104,23.4,2,9,11,2,0,0,2,1,0.09,0.38,0.47,0.09,0.47
ESP-La Liga,2526,Barcelona,Raphinha,BRA,"MF,FW",28,1996,22,18,1380,15.3,13,3,16,10,3,3,5,0,0.85,0.2,1.04,0.65,0.85
ESP-La Liga,2526,Barcelona,Robert Lewandowski,POL,FW,36,1988,31,17,1664,18.5,14,2,16,13,1,3,2,0,0.76,0.11,0.87,0.7,0.81
ESP-La Liga,2526,Barcelona,Ronald Araújo,URU,DF,26,1999,24,11,1071,11.9,3,0,3,3,0,0,2,0,0.25,0.0,0.25,0.25,0.25
ESP-La Liga,2526,Barcelona,Roony Bardghji,SWE,"MF,FW",19,2005,21,7,648,7.2,1,1,2,1,0,0,0,0,0.14,0.14,0.28,0.14,0.28
ESP-La Liga,2526,Barcelona,Tomas Marques,ESP,MF,18,2006,2,0,11,0.1,0,0,0,0,0,0,0,0,0.0,0.0,0.0,0.0,0.0
ESP-La Liga,2526,Barcelona,Toni Fernández,ESP,FW,17,2008,1,1,45,0.5,0,0,0,0,0,0,0,0,0.0,0.0,0.0,0.0,0.0
ESP-La Liga,2526,Barcelona,Wojciech Szczęsny,POL,GK,35,1990,8,8,720,8.0,0,0,0,0,0,0,0,0,0.0,0.0,0.0,0.0,0.0
ESP-La Liga,2526,Barcelona,Xavi Espart,ESP,DF,18,2007,4,1,165,1.8,0,0,0,0,0,0,0,0,0.0,0.0,0.0,0.0,0.0
ESP-La Liga,2526,Celta Vigo,Andrés Antañón,ESP,FW,18,2007,2,1,63,0.7,0,0,0,0,0,0,0,0,0.0,0.0,0.0,0.0,0.0
ESP-La Liga,2526,Celta Vigo,Borja Iglesias,ESP,FW,32,1993,35,21,1900,21.1,14,2,16,10,4,4,7,0,0.66,0.09,0.76,0.47,0.57
ESP-La Liga,2526,Celta Vigo,Bryan Zaragoza,ESP,"FW,MF",23,2001,19,13,1131,12.6,1,1,2,0,1,1,1,0,0.08,0.08,0.16,0.0,0.08
ESP-La Liga,2526,Celta Vigo,Carl Starfelt,SWE,DF,30,1995,19,17,1491,16.6,0,0,0,0,0,0,3,1,0.0,0.0,0.0,0.0,0.0
ESP-La Liga,2526,Celta Vigo,Carlos Dominguez,ESP,DF,24,2001,8,6,610,6.8,0,0,0,0,0,0,1,0,0.0,0.0,0.0,0.0,0.0
ESP-La Liga,2526,Celta Vigo,Damián Rodríguez,ESP,MF,22,2003,2,2,150,1.7,0,0,0,0,0,0,1,0,0.0,0.0,0.0,0.0,0.0
ESP-La Liga,2526,Celta Vigo,Fer López,ESP,"MF,FW",21,2004,17,13,1170,13.0,1,1,2,1,0,0,3,0,0.08,0.08,0.15,0.08,0.15
ESP-La Liga,2526,Celta Vigo,Ferran Jutglà,ESP,FW,26,1999,30,21,1652,18.4,9,3,12,9,0,0,4,0,0.49,0.16,0.65,0.49,0.65
ESP-La Liga,2526,Celta Vigo,Fran Beltrán,ESP,MF,26,1999,10,7,528,5.9,0,0,0,0,0,0,0,0,0.0,0.0,0.0,0.0,0.0
ESP-La Liga,2526,Celta Vigo,Hugo García,ESP,MF,18,2006,1,0,8,0.1,0,0,0,0,0,0,0,0,0.0,0.0,0.0,0.0,0.0
ESP-La Liga,2526,Celta Vigo,Hugo González,ESP,FW,22,2003,1,0,8,0.1,0,0,0,0,0,0,0,0,0.0,0.0,0.0,0.0,0.0
ESP-La Liga,2526,Celta Vigo,Hugo Sotelo,ESP,MF,21,2003,20,16,1338,14.9,0,2,2,0,0,0,3,0,0.0,0.13,0.13,0.0,0.13
ESP-La Liga,2526,Celta Vigo,Hugo Álvarez,ESP,"FW,MF",22,2003,28,15,1340,14.9,4,2,6,4,0,0,2,0,0.27,0.13,0.4,0.27,0.4
ESP-La Liga,2526,Celta Vigo,Iago Aspas,ESP,"FW,MF",37,1987,32,11,1140,12.7,5,3,8,3,2,2,4,0,0.39,0.24,0.63,0.24,0.47
ESP-La Liga,2526,Celta Vigo,Ilaix Moriba,GUI,MF,22,2003,36,26,2495,27.7,2,3,5,2,0,0,8,0,0.07,0.11,0.18,0.07,0.18
ESP-La Liga,2526,Celta Vigo,Ionuț Radu,ROU,GK,28,1997,38,38,3420,38.0,0,0,0,0,0,0,2,0,0.0,0.0,0.0,0.0,0.0
ESP-La Liga,2526,Celta Vigo,Javi Rodríguez,ESP,DF,22,2003,33,28,2558,28.4,0,1,1,0,0,0,5,0,0.0,0.04,0.04,0.0,0.04
ESP-La Liga,2526,Celta Vigo,Javi Rueda,ESP,MF,23,2002,26,16,1404,15.6,2,6,8,2,0,0,6,0,0.13,0.38,0.51,0.13,0.51
ESP-La Liga,2526,Celta Vigo,Jones El-Abdellaoui,MAR,"MF,FW",19,2006,22,4,681,7.6,2,0,2,2,0,0,0,0,0.26,0.0,0.26,0.26,0.26
ESP-La Liga,2526,Celta Vigo,Joseph Aidoo,GHA,DF,29,1995,8,7,639,7.1,0,0,0,0,0,0,0,0,0.0,0.0,0.0,0.0,0.0
ESP-La Liga,2526,Celta Vigo,Manu Fernández,ESP,DF,24,2001,14,9,758,8.4,0,0,0,0,0,0,2,0,0.0,0.0,0.0,0.0,0.0
ESP-La Liga,2526,Celta Vigo,Marcos Alonso,ESP,DF,34,1990,32,31,2768,30.8,1,0,1,0,1,1,5,0,0.03,0.0,0.03,0.0,0.0
ESP-La Liga,2526,Celta Vigo,Matías Vecino,URU,MF,33,1991,6,2,135,1.5,0,0,0,0,0,0,0,0,0.0,0.0,0.0,0.0,0.0
ESP-La Liga,2526,Celta Vigo,Miguel Román,ESP,MF,22,2002,19,14,1311,14.6,1,0,1,1,0,0,3,0,0.07,0.0,0.07,0.07,0.07
ESP-La Liga,2526,Celta Vigo,Mihailo Ristić,SRB,"MF,DF",29,1995,5,4,253,2.8,0,0,0,0,0,0,0,0,0.0,0.0,0.0,0.0,0.0
ESP-La Liga,2526,Celta Vigo,Pablo Durán,ESP,"FW,MF",24,2001,30,17,1425,15.8,2,2,4,2,0,0,1,0,0.13,0.13,0.25,0.13,0.25
ESP-La Liga,2526,Celta Vigo,Sergio Carreira,ESP,MF,24,2000,34,29,2694,29.9,2,1,3,2,0,0,2,0,0.07,0.03,0.1,0.07,0.1
ESP-La Liga,2526,Celta Vigo,Williot Swedberg,SWE,"FW,MF",21,2004,29,13,1270,14.1,5,5,10,5,0,0,2,0,0.35,0.35,0.71,0.35,0.71
ESP-La Liga,2526,Celta Vigo,Yoel Lago,ESP,DF,21,2004,12,11,938,10.4,0,0,0,0,0,0,4,0,0.0,0.0,0.0,0.0,0.0
ESP-La Liga,2526,Celta Vigo,Álvaro Núñez,ESP,"DF,MF",25,2000,6,5,328,3.6,0,0,0,0,0,0,0,0,0.0,0.0,0.0,0.0,0.0
ESP-La Liga,2526,Celta Vigo,Óscar Mingueza,ESP,MF,26,1999,34,21,1968,21.9,1,4,5,1,0,0,4,0,0.05,0.18,0.23,0.05,0.23
ESP-La Liga,2526,Elche,Adam Boayar,MAR,MF,19,2005,7,0,104,1.2,1,0,1,1,0,0,0,0,0.87,0.0,0.87,0.87,0.87
ESP-La Liga,2526,Elche,Adrià Pedrosa,ESP,"DF,MF",27,1998,26,8,1090,12.1,1,1,2,1,0,0,4,0,0.08,0.08,0.17,0.08,0.17
ESP-La Liga,2526,Elche,Aleix Febas,ESP,MF,29,1996,36,36,3160,35.1,2,2,4,2,0,0,10,0,0.06,0.06,0.11,0.06,0.11
ESP-La Liga,2526,Elche,Ali Houary,MAR,MF,19,2005,2,2,123,1.4,0,0,0,0,0,0,0,0,0.0,0.0,0.0,0.0,0.0
ESP-La Liga,2526,Elche,André Silva,POR,FW,29,1995,31,22,1849,20.5,10,0,10,7,3,3,3,0,0.49,0.0,0.49,0.34,0.34
ESP-La Liga,2526,Elche,Bambo Diaby,SEN,DF,27,1997,4,1,102,1.1,0,0,0,0,0,0,1,0,0.0,0.0,0.0,0.0,0.0
ESP-La Liga,2526,Elche,Buba Sangaré,ESP,"DF,MF",17,2007,12,8,538,6.0,0,0,0,0,0,0,3,0,0.0,0.0,0.0,0.0,0.0
ESP-La Liga,2526,Elche,David Affengruber,AUT,DF,24,2001,36,33,2949,32.8,1,1,2,1,0,0,7,1,0.03,0.03,0.06,0.03,0.06
ESP-La Liga,2526,Elche,Federico Redondo,ARG,MF,22,2003,11,1,179,2.0,0,0,0,0,0,0,0,1,0.0,0.0,0.0,0.0,0.0
ESP-La Liga,2526,Elche,Germán Valera,ESP,"MF,DF",23,2002,36,33,2857,31.7,4,5,9,4,0,0,5,1,0.13,0.16,0.28,0.13,0.28
ESP-La Liga,2526,Elche,Gonzalo Villar,ESP,MF,27,1998,12,8,718,8.0,1,0,1,1,0,0,3,0,0.13,0.0,0.13,0.13,0.13
ESP-La Liga,2526,Elche,Grady Diangana,COD,"MF,FW",27,1998,20,13,926,10.3,1,0,1,1,0,0,3,0,0.1,0.0,0.1,0.1,0.1
ESP-La Liga,2526,Elche,Héctor Fort,ESP,"DF,MF",18,2006,14,7,482,5.4,2,2,4,2,0,0,0,0,0.37,0.37,0.75,0.37,0.75
ESP-La Liga,2526,Elche,Iñaki Peña,ESP,GK,26,1999,16,16,1440,16.0,0,0,0,0,0,0,0,0,0.0,0.0,0.0,0.0,0.0
ESP-La Liga,2526,Elche,Jairo Izquierdo,ESP,"DF,FW",31,1993,1,0,24,0.3,0,0,0,0,0,0,0,0,0.0,0.0,0.0,0.0,0.0
ESP-La Liga,2526,Elche,John Donald,ESP,"DF,MF",24,2000,21,6,665,7.4,1,0,1,1,0,0,3,0,0.14,0.0,0.14,0.14,0.14
ESP-La Liga,2526,Elche,Josan,ESP,"MF,DF",35,1989,19,4,565,6.3,0,3,3,0,0,0,2,0,0.0,0.48,0.48,0.0,0.48
ESP-La Liga,2526,Elche,Lucas Cepeda,CHI,MF,22,2002,10,4,402,4.5,1,0,1,1,0,0,1,0,0.22,0.0,0.22,0.22,0.22
ESP-La Liga,2526,Elche,Léo Pétrot,FRA,DF,28,1997,32,18,1572,17.5,0,0,0,0,0,0,2,1,0.0,0.0,0.0,0.0,0.0
ESP-La Liga,2526,Elche,Marc Aguado,ESP,MF,25,2000,35,30,2500,27.8,1,2,3,1,0,0,3,0,0.04,0.07,0.11,0.04,0.11
ESP-La Liga,2526,Elche,Martim Neto,POR,MF,22,2003,25,15,1347,15.0,2,5,7,2,0,0,3,0,0.13,0.33,0.47,0.13,0.47
ESP-La Liga,2526,Elche,Matías Dituro,ARG,GK,38,1987,22,22,1980,22.0,0,0,0,0,0,0,1,0,0.0,0.0,0.0,0.0,0.0
ESP-La Liga,2526,Elche,Mourad El Ghezouani,MAR,FW,27,1998,2,0,50,0.6,0,0,0,0,0,0,0,0,0.0,0.0,0.0,0.0,0.0
ESP-La Liga,2526,Elche,Pedro Bigas,ESP,DF,34,1990,28,25,2063,22.9,1,3,4,1,0,0,5,1,0.04,0.13,0.17,0.04,0.17
ESP-La Liga,2526,Elche,Rafa Mir,ESP,"FW,MF",28,1997,27,21,1803,20.0,8,0,8,7,1,2,4,0,0.4,0.0,0.4,0.35,0.35
ESP-La Liga,2526,Elche,Rodrigo Mendoza,ESP,"MF,FW",20,2005,16,6,794,8.8,1,0,1,1,0,0,4,0,0.11,0.0,0.11,0.11,0.11
ESP-La Liga,2526,Elche,Tete Morente,ESP,MF,28,1996,13,11,929,10.3,1,1,2,1,0,0,1,0,0.1,0.1,0.19,0.1,0.19
ESP-La Liga,2526,Elche,Víctor Chust,ESP,DF,25,2000,31,22,2166,24.1,1,0,1,1,0,0,8,1,0.04,0.0,0.04,0.04,0.04
ESP-La Liga,2526,Elche,Yago Santiago,ESP,MF,22,2003,9,3,281,3.1,0,0,0,0,0,0,1,0,0.0,0.0,0.0,0.0,0.0
ESP-La Liga,2526,Elche,Álex Sánchez,ESP,FW,19,2006,1,0,6,0.1,0,1,1,0,0,0,0,0,0.0,15.0,15.0,0.0,15.0
ESP-La Liga,2526,Elche,Álvaro Núñez,ESP,"DF,MF",25,2000,19,19,1647,18.3,0,2,2,0,0,0,2,0,0.0,0.11,0.11,0.0,0.11
ESP-La Liga,2526,Elche,Álvaro Rodríguez,URU,FW,21,2004,34,24,2201,24.5,7,5,12,7,0,0,2,0,0.29,0.2,0.49,0.29,0.49
ESP-La Liga,2526,Espanyol,Antoniu,ESP,MF,22,2002,13,3,289,3.2,0,0,0,0,0,0,2,0,0.0,0.0,0.0,0.0,0.0
ESP-La Liga,2526,Espanyol,Carlos Romero,ESP,DF,23,2001,36,36,3191,35.5,6,3,9,6,0,0,4,0,0.17,0.08,0.25,0.17,0.25
ESP-La Liga,2526,Espanyol,Charles Pickel,COD,MF,28,1997,24,4,707,7.9,1,0,1,1,0,0,4,2,0.13,0.0,0.13,0.13,0.13
ESP-La Liga,2526,Espanyol,Clemens Riedel,GER,DF,22,2003,20,16,1396,15.5,0,1,1,0,0,0,5,0,0.0,0.06,0.06,0.0,0.06
ESP-La Liga,2526,Espanyol,Cyril Ngonge,BEL,MF,25,2000,9,6,424,4.7,0,2,2,0,0,0,4,0,0.0,0.42,0.42,0.0,0.42
ESP-La Liga,2526,Espanyol,Edu Expósito,ESP,MF,28,1996,36,32,2523,28.0,1,6,7,1,0,0,9,0,0.04,0.21,0.25,0.04,0.25
ESP-La Liga,2526,Espanyol,Fernando Calero,ESP,DF,29,1995,28,24,2148,23.9,0,0,0,0,0,0,5,0,0.0,0.0,0.0,0.0,0.0
ESP-La Liga,2526,Espanyol,Fortuño,ESP,GK,23,2001,1,1,90,1.0,0,0,0,0,0,0,0,0,0.0,0.0,0.0,0.0,0.0
ESP-La Liga,2526,Espanyol,Javi Puado,ESP,"MF,FW",27,1998,10,8,674,7.5,2,0,2,1,1,2,2,0,0.27,0.0,0.27,0.13,0.13
ESP-La Liga,2526,Espanyol,Jofre,ESP,MF,24,2001,26,9,930,10.3,1,0,1,1,0,0,1,0,0.1,0.0,0.1,0.1,0.1
ESP-La Liga,2526,Espanyol,José Salinas,ESP,DF,24,2000,11,2,257,2.9,0,0,0,0,0,0,2,0,0.0,0.0,0.0,0.0,0.0
ESP-La Liga,2526,Espanyol,Kiké,ESP,FW,35,1989,37,17,1734,19.3,8,1,9,7,1,2,3,0,0.42,0.05,0.47,0.36,0.42
ESP-La Liga,2526,Espanyol,Leandro Cabrera,URU,DF,34,1991,37,37,3330,37.0,3,0,3,3,0,0,4,0,0.08,0.0,0.08,0.08,0.08
ESP-La Liga,2526,Espanyol,Lluc Castell,ESP,FW,18,2006,1,0,19,0.2,0,0,0,0,0,0,0,0,0.0,0.0,0.0,0.0,0.0
ESP-La Liga,2526,Espanyol,Luca Koleosho,ITA,MF,20,2004,3,0,63,0.7,0,0,0,0,0,0,0,0,0.0,0.0,0.0,0.0,0.0
ESP-La Liga,2526,Espanyol,Marko Dmitrović,SRB,GK,33,1992,37,37,3330,37.0,0,0,0,0,0,0,0,0,0.0,0.0,0.0,0.0,0.0
ESP-La Liga,2526,Espanyol,Miguel Ángel Rubio,ESP,DF,27,1998,12,1,206,2.3,1,0,1,1,0,0,0,0,0.44,0.0,0.44,0.44,0.44
ESP-La Liga,2526,Espanyol,Omar El Hilali,MAR,DF,21,2003,36,32,2826,31.4,0,2,2,0,0,0,9,0,0.0,0.06,0.06,0.0,0.06
ESP-La Liga,2526,Espanyol,Pere Milla,ESP,"MF,FW",32,1992,33,24,1973,21.9,7,1,8,7,0,0,6,1,0.32,0.05,0.36,0.32,0.36
ESP-La Liga,2526,Espanyol,Pol Lozano,ESP,MF,25,1999,33,28,2157,24.0,2,1,3,2,0,0,12,1,0.08,0.04,0.13,0.08,0.13
ESP-La Liga,2526,Espanyol,Ramón Terrats,ESP,MF,24,2000,29,12,1030,11.4,1,2,3,1,0,0,0,0,0.09,0.17,0.26,0.09,0.26
ESP-La Liga,2526,Espanyol,Roberto Férnandez,ESP,FW,23,2002,38,25,2382,26.5,7,3,10,6,1,1,3,0,0.26,0.11,0.38,0.23,0.34
ESP-La Liga,2526,Espanyol,Rubén,ESP,"DF,MF",24,2001,21,8,812,9.0,0,1,1,0,0,0,2,0,0.0,0.11,0.11,0.0,0.11
ESP-La Liga,2526,Espanyol,Tyrhys Dolan,ENG,MF,23,2001,36,28,2415,26.8,2,5,7,2,0,0,7,1,0.07,0.19,0.26,0.07,0.26
ESP-La Liga,2526,Espanyol,Urko González,ESP,MF,24,2001,35,28,2623,29.1,0,1,1,0,0,0,7,0,0.0,0.03,0.03,0.0,0.03
ESP-La Liga,2526,Getafe,Abdel Abqar,MAR,DF,26,1999,23,17,1437,16.0,0,2,2,0,0,0,10,1,0.0,0.13,0.13,0.0,0.13
ESP-La Liga,2526,Getafe,Abu Kamara,ENG,MF,22,2003,12,1,256,2.8,0,0,0,0,0,0,1,0,0.0,0.0,0.0,0.0,0.0
ESP-La Liga,2526,Getafe,Adrián Liso,ESP,"FW,MF",20,2005,28,21,1702,18.9,3,0,3,3,0,0,5,1,0.16,0.0,0.16,0.16,0.16
ESP-La Liga,2526,Getafe,Alejandro Mestanza,ESP,MF,20,2004,3,1,71,0.8,0,0,0,0,0,0,0,0,0.0,0.0,0.0,0.0,0.0
ESP-La Liga,2526,Getafe,Alex Sola,ESP,"DF,FW",26,1999,1,0,13,0.1,0,0,0,0,0,0,0,0,0.0,0.0,0.0,0.0,0.0
ESP-La Liga,2526,Getafe,Allan Nyom,CMR,DF,37,1988,15,7,523,5.8,0,1,1,0,0,0,6,1,0.0,0.17,0.17,0.0,0.17
ESP-La Liga,2526,Getafe,Borja Mayoral,ESP,FW,28,1997,16,12,1058,11.8,4,1,5,4,0,1,0,0,0.34,0.09,0.43,0.34,0.43
ESP-La Liga,2526,Getafe,Christantus Uche,NGA,FW,22,2003,3,3,270,3.0,1,1,2,1,0,0,1,0,0.33,0.33,0.67,0.33,0.67
ESP-La Liga,2526,Getafe,Coba da Costa,ESP,MF,23,2002,14,2,348,3.9,0,0,0,0,0,0,1,0,0.0,0.0,0.0,0.0,0.0
ESP-La Liga,2526,Getafe,Damián,ESP,MF,22,2003,3,2,151,1.7,0,0,0,0,0,0,0,0,0.0,0.0,0.0,0.0,0.0
ESP-La Liga,2526,Getafe,David Soria,ESP,GK,32,1993,38,38,3420,38.0,0,0,0,0,0,0,2,0,0.0,0.0,0.0,0.0,0.0
ESP-La Liga,2526,Getafe,Davinchi,ESP,DF,17,2007,14,7,700,7.8,0,0,0,0,0,0,2,0,0.0,0.0,0.0,0.0,0.0
ESP-La Liga,2526,Getafe,Diego Rico,ESP,DF,32,1993,28,18,1758,19.5,0,0,0,0,0,0,4,0,0.0,0.0,0.0,0.0,0.0
ESP-La Liga,2526,Getafe,Djené,TOG,"DF,MF",33,1991,34,32,2578,28.6,0,0,0,0,0,0,10,2,0.0,0.0,0.0,0.0,0.0
ESP-La Liga,2526,Getafe,Domingos Duarte,POR,DF,30,1995,34,34,2923,32.5,1,1,2,1,0,0,11,0,0.03,0.03,0.06,0.03,0.06
ESP-La Liga,2526,Getafe,Hugo Solozabal,ESP,MF,22,2003,1,0,11,0.1,0,0,0,0,0,0,0,0,0.0,0.0,0.0,0.0,0.0
ESP-La Liga,2526,Getafe,Iglesias,ESP,DF,27,1998,37,36,3185,35.4,1,2,3,1,0,0,4,0,0.03,0.06,0.08,0.03,0.08
ESP-La Liga,2526,Getafe,Ismael Bekhoucha,MAR,DF,20,2004,4,1,122,1.4,0,1,1,0,0,0,2,0,0.0,0.74,0.74,0.0,0.74
ESP-La Liga,2526,Getafe,Javier Muñoz,ESP,"MF,FW",30,1995,17,4,551,6.1,0,0,0,0,0,0,0,0,0.0,0.0,0.0,0.0,0.0
ESP-La Liga,2526,Getafe,Jorge Montes,ESP,DF,21,2004,1,0,27,0.3,0,0,0,0,0,0,0,0,0.0,0.0,0.0,0.0,0.0
ESP-La Liga,2526,Getafe,Joselu Pérez,ESP,DF,21,2004,2,0,22,0.2,0,0,0,0,0,0,0,0,0.0,0.0,0.0,0.0,0.0
ESP-La Liga,2526,Getafe,Juanmi,ESP,"FW,MF",32,1993,8,0,179,2.0,1,0,1,1,0,0,0,0,0.5,0.0,0.5,0.5,0.5
ESP-La Liga,2526,Getafe,Kiko Femenía,ESP,"DF,MF",34,1991,28,25,2008,22.3,1,1,2,1,0,0,6,0,0.04,0.04,0.09,0.04,0.09
ESP-La Liga,2526,Getafe,Luis Milla,ESP,MF,30,1994,37,37,3271,36.3,1,10,11,1,0,0,5,1,0.03,0.28,0.3,0.03,0.3
ESP-La Liga,2526,Getafe,Luis Vázquez,ARG,FW,24,2001,17,14,1194,13.3,3,1,4,3,0,0,2,0,0.23,0.08,0.3,0.23,0.3
ESP-La Liga,2526,Getafe,Mario Martín,ESP,"MF,FW",21,2004,35,26,2125,23.6,2,1,3,2,0,0,11,0,0.08,0.04,0.13,0.08,0.13
ESP-La Liga,2526,Getafe,Martin Satriano,URU,"FW,MF",24,2001,18,18,1603,17.8,6,1,7,6,0,0,5,0,0.34,0.06,0.39,0.34,0.39
ESP-La Liga,2526,Getafe,Mauro Arambarri,URU,MF,29,1995,37,37,3249,36.1,6,2,8,4,2,3,6,0,0.17,0.06,0.22,0.11,0.17
ESP-La Liga,2526,Getafe,Sebastián Boselli,URU,DF,21,2003,11,4,380,4.2,0,0,0,0,0,0,4,0,0.0,0.0,0.0,0.0,0.0
ESP-La Liga,2526,Getafe,Veljko Birmančević,SRB,FW,27,1998,6,1,142,1.6,0,0,0,0,0,0,0,0,0.0,0.0,0.0,0.0,0.0
ESP-La Liga,2526,Getafe,Yvan Neyou,CMR,MF,28,1997,5,0,67,0.7,0,0,0,0,0,0,2,0,0.0,0.0,0.0,0.0,0.0
ESP-La Liga,2526,Getafe,Zaid Romero,ARG,DF,25,1999,15,15,1349,15.0,1,0,1,1,0,0,5,1,0.07,0.0,0.07,0.07,0.07
ESP-La Liga,2526,Getafe,Álex Sancris,ESP,"MF,FW",28,1997,18,5,708,7.9,0,1,1,0,0,0,4,1,0.0,0.13,0.13,0.0,0.13
ESP-La Liga,2526,Girona,Abel Ruiz,ESP,FW,25,2000,9,0,187,2.1,0,0,0,0,0,0,0,0,0.0,0.0,0.0,0.0,0.0
ESP-La Liga,2526,Girona,Alejandro Francés,ESP,DF,22,2002,24,11,1116,12.4,0,2,2,0,0,0,2,1,0.0,0.16,0.16,0.0,0.16
ESP-La Liga,2526,Girona,Arnau Martinez,ESP,"DF,MF",22,2003,35,33,2666,29.6,2,3,5,2,0,0,6,0,0.07,0.1,0.17,0.07,0.17
ESP-La Liga,2526,Girona,Axel Witsel,BEL,MF,36,1989,32,30,2526,28.1,1,2,3,1,0,0,2,1,0.04,0.07,0.11,0.04,0.11
ESP-La Liga,2526,Girona,Azzedine Ounahi,MAR,MF,25,2000,24,20,1760,19.6,5,2,7,4,1,1,6,0,0.26,0.1,0.36,0.2,0.31
ESP-La Liga,2526,Girona,Bojan Miovski,MKD,FW,26,1999,1,1,44,0.5,0,0,0,0,0,0,0,0,0.0,0.0,0.0,0.0,0.0
ESP-La Liga,2526,Girona,Bryan Gil,ESP,"MF,FW",24,2001,29,20,1578,17.5,0,3,3,0,0,0,6,0,0.0,0.17,0.17,0.0,0.17
ESP-La Liga,2526,Girona,Claudio Echeverri,ARG,"FW,MF",19,2006,17,5,624,6.9,1,1,2,1,0,0,4,0,0.14,0.14,0.29,0.14,0.29
ESP-La Liga,2526,Girona,Cristhian Stuani,URU,FW,38,1986,21,1,412,4.6,5,0,5,2,3,4,4,0,1.09,0.0,1.09,0.44,0.44
ESP-La Liga,2526,Girona,Daley Blind,NED,DF,35,1990,31,30,2606,29.0,0,0,0,0,0,0,1,0,0.0,0.0,0.0,0.0,0.0
ESP-La Liga,2526,Girona,David López,ESP,DF,35,1989,6,3,293,3.3,0,0,0,0,0,0,0,0,0.0,0.0,0.0,0.0,0.0
ESP-La Liga,2526,Girona,Dawda Camara,MTN,FW,22,2002,2,1,72,0.8,0,0,0,0,0,0,0,0,0.0,0.0,0.0,0.0,0.0
ESP-La Liga,2526,Girona,Donny van de Beek,NED,MF,28,1997,2,1,41,0.5,0,0,0,0,0,0,0,0,0.0,0.0,0.0,0.0,0.0
ESP-La Liga,2526,Girona,Fran Beltrán,ESP,MF,26,1999,17,11,1012,11.2,1,0,1,1,0,0,3,0,0.09,0.0,0.09,0.09,0.09
ESP-La Liga,2526,Girona,Hugo Rincón,ESP,DF,22,2003,33,16,1750,19.4,1,1,2,1,0,0,4,0,0.05,0.05,0.1,0.05,0.1
ESP-La Liga,2526,Girona,Iván Martín,ESP,MF,26,1999,35,29,2532,28.1,0,1,1,0,0,0,5,1,0.0,0.04,0.04,0.0,0.04
ESP-La Liga,2526,Girona,Jhon Solis,COL,MF,20,2004,12,3,380,4.2,0,0,0,0,0,0,0,0,0.0,0.0,0.0,0.0,0.0
ESP-La Liga,2526,Girona,Joel Roca,ESP,"MF,FW",20,2005,32,16,1473,16.4,3,1,4,3,0,0,4,1,0.18,0.06,0.24,0.18,0.24
ESP-La Liga,2526,Girona,Juan Arango,VEN,MF,19,2006,2,0,18,0.2,0,0,0,0,0,0,1,0,0.0,0.0,0.0,0.0,0.0
ESP-La Liga,2526,Girona,Ladislav Krejčí,CZE,DF,26,1999,2,2,180,2.0,0,0,0,0,0,0,1,0,0.0,0.0,0.0,0.0,0.0
ESP-La Liga,2526,Girona,Lancinet Kourouma,GUI,FW,21,2004,5,0,43,0.5,0,0,0,0,0,0,0,1,0.0,0.0,0.0,0.0,0.0
ESP-La Liga,2526,Girona,Marc-André ter Stegen,GER,GK,33,1992,2,2,180,2.0,0,0,0,0,0,0,0,0,0.0,0.0,0.0,0.0,0.0
ESP-La Liga,2526,Girona,Paulo Gazzaniga,ARG,GK,33,1992,35,35,3102,34.5,0,0,0,0,0,0,4,1,0.0,0.0,0.0,0.0,0.0
ESP-La Liga,2526,Girona,Portu,ESP,"FW,MF",33,1992,10,4,474,5.3,0,0,0,0,0,0,2,0,0.0,0.0,0.0,0.0,0.0
ESP-La Liga,2526,Girona,Thomas Lemar,FRA,MF,29,1995,27,14,1258,14.0,3,1,4,3,0,0,4,0,0.21,0.07,0.29,0.21,0.29
ESP-La Liga,2526,Girona,Viktor Tsyhankov,UKR,"MF,FW",27,1997,32,31,2630,29.2,6,5,11,6,0,0,3,0,0.21,0.17,0.38,0.21,0.38
ESP-La Liga,2526,Girona,Vitor Reis,BRA,DF,19,2006,36,35,3138,34.9,1,1,2,1,0,0,9,1,0.03,0.03,0.06,0.03,0.06
ESP-La Liga,2526,Girona,Vladyslav Krapyvtsov,UKR,GK,20,2005,2,1,136,1.5,0,0,0,0,0,0,0,0,0.0,0.0,0.0,0.0,0.0
ESP-La Liga,2526,Girona,Vladyslav Vanat,UKR,FW,23,2002,27,27,1942,21.6,9,1,10,6,3,3,4,0,0.42,0.05,0.46,0.28,0.32
ESP-La Liga,2526,Girona,Yangel Herrera,VEN,MF,27,1998,2,2,110,1.2,0,0,0,0,0,0,0,0,0.0,0.0,0.0,0.0,0.0
ESP-La Liga,2526,Girona,Yaser Asprilla,COL,"FW,MF",21,2003,15,6,611,6.8,0,0,0,0,0,0,0,0,0.0,0.0,0.0,0.0,0.0
ESP-La Liga,2526,Girona,Álex Moreno,ESP,DF,32,1993,31,28,2559,28.4,0,3,3,0,0,0,5,0,0.0,0.11,0.11,0.0,0.11
ESP-La Liga,2526,Levante,Adrián de la Fuente,ESP,DF,26,1999,33,30,2711,30.1,3,1,4,2,1,3,5,0,0.1,0.03,0.13,0.07,0.1
ESP-La Liga,2526,Levante,Alan Matturro,URU,DF,20,2004,19,10,947,10.5,1,1,2,1,0,0,0,1,0.1,0.1,0.19,0.1,0.19
ESP-La Liga,2526,Levante,Brugui,ESP,"MF,FW",28,1996,19,10,1005,11.2,1,1,2,1,0,0,1,1,0.09,0.09,0.18,0.09,0.18
ESP-La Liga,2526,Levante,Carlos Espí,ESP,FW,20,2005,25,13,1343,14.9,11,0,11,11,0,0,3,0,0.74,0.0,0.74,0.74,0.74
ESP-La Liga,2526,Levante,Carlos Álvarez,ESP,MF,21,2003,30,23,1890,21.0,3,1,4,3,0,0,3,0,0.14,0.05,0.19,0.14,0.19
ESP-La Liga,2526,Levante,Diego Pampín,ESP,DF,25,2000,8,6,534,5.9,0,0,0,0,0,0,3,0,0.0,0.0,0.0,0.0,0.0
ESP-La Liga,2526,Levante,Goduine Koyalipou,CTA,FW,25,2000,11,2,247,2.7,1,0,1,1,0,0,1,0,0.36,0.0,0.36,0.36,0.36
ESP-La Liga,2526,Levante,Iker Losada,ESP,MF,23,2001,23,10,902,10.0,3,1,4,3,0,0,1,0,0.3,0.1,0.4,0.3,0.4
ESP-La Liga,2526,Levante,Iván Romero,ESP,"FW,MF",24,2001,32,28,2259,25.1,7,1,8,7,0,1,5,0,0.28,0.04,0.32,0.28,0.32
ESP-La Liga,2526,Levante,Jeremy Toljan,GER,DF,30,1994,37,37,3164,35.2,1,4,5,1,0,0,8,0,0.03,0.11,0.14,0.03,0.14
ESP-La Liga,2526,Levante,Jorge Cabello,ESP,DF,21,2004,5,4,362,4.0,0,0,0,0,0,0,1,0,0.0,0.0,0.0,0.0,0.0
ESP-La Liga,2526,Levante,José Luis Morales,ESP,MF,38,1987,20,1,363,4.0,1,1,2,0,1,1,1,0,0.25,0.25,0.5,0.0,0.25
ESP-La Liga,2526,Levante,Kareem Tunde,ESP,MF,19,2005,21,17,1133,12.6,0,1,1,0,0,0,3,0,0.0,0.08,0.08,0.0,0.08
ESP-La Liga,2526,Levante,Karl Etta Eyong,CMR,FW,21,2003,30,15,1416,15.7,6,2,8,6,0,1,3,0,0.38,0.13,0.51,0.38,0.51
ESP-La Liga,2526,Levante,Kervin Arriaga,HON,MF,27,1998,27,16,1532,17.0,3,3,6,3,0,0,8,1,0.18,0.18,0.35,0.18,0.35
ESP-La Liga,2526,Levante,Manu Sánchez,ESP,DF,24,2000,33,31,2814,31.3,1,2,3,1,0,0,8,0,0.03,0.06,0.1,0.03,0.1
ESP-La Liga,2526,Levante,Mathew Ryan,AUS,GK,33,1992,36,36,3240,36.0,0,0,0,0,0,0,4,0,0.0,0.0,0.0,0.0,0.0
ESP-La Liga,2526,Levante,Matias Moreno,ARG,DF,21,2003,28,27,2252,25.0,0,0,0,0,0,0,8,0,0.0,0.0,0.0,0.0,0.0
ESP-La Liga,2526,Levante,Nacho Pérez,ESP,DF,16,2008,3,1,148,1.6,0,0,0,0,0,0,1,0,0.0,0.0,0.0,0.0,0.0
ESP-La Liga,2526,Levante,Olasagasti,ESP,MF,24,2000,33,18,1734,19.3,1,5,6,1,0,0,2,1,0.05,0.26,0.31,0.05,0.31
ESP-La Liga,2526,Levante,Oriol Rey,ESP,MF,27,1998,20,14,1319,14.7,0,1,1,0,0,0,4,0,0.0,0.07,0.07,0.0,0.07
ESP-La Liga,2526,Levante,Pablo Cuñat,ESP,GK,23,2002,2,2,180,2.0,0,0,0,0,0,0,0,0,0.0,0.0,0.0,0.0,0.0
ESP-La Liga,2526,Levante,Pablo Martínez,ESP,MF,27,1998,27,21,1857,20.6,1,5,6,1,0,0,3,0,0.05,0.24,0.29,0.05,0.29
ESP-La Liga,2526,Levante,Paco Cortés,ESP,"MF,FW",17,2007,12,4,472,5.2,0,0,0,0,0,0,2,0,0.0,0.0,0.0,0.0,0.0
ESP-La Liga,2526,Levante,Sergio Lozano,ESP,MF,26,1999,1,0,12,0.1,0,0,0,0,0,0,0,0,0.0,0.0,0.0,0.0,0.0
ESP-La Liga,2526,Levante,Tay Abed,ISR,MF,21,2004,7,0,93,1.0,0,0,0,0,0,0,0,0,0.0,0.0,0.0,0.0,0.0
ESP-La Liga,2526,Levante,Ugo Raghouber,FRA,MF,22,2003,16,8,706,7.8,0,0,0,0,0,0,1,0,0.0,0.0,0.0,0.0,0.0
ESP-La Liga,2526,Levante,Unai Elgezabal,ESP,"DF,MF",32,1993,12,11,958,10.6,1,0,1,1,0,0,2,0,0.09,0.0,0.09,0.09,0.09
ESP-La Liga,2526,Levante,Unai Vencedor Paris,ESP,MF,24,2000,16,11,812,9.0,0,0,0,0,0,0,3,1,0.0,0.0,0.0,0.0,0.0
ESP-La Liga,2526,Levante,Víctor García,ESP,"MF,FW",27,1997,21,12,1040,11.6,2,1,3,2,0,0,1,0,0.17,0.09,0.26,0.17,0.26
ESP-La Liga,2526,Mallorca,Abdón Prats,ESP,FW,32,1992,15,0,143,1.6,0,0,0,0,0,0,0,0,0.0,0.0,0.0,0.0,0.0
ESP-La Liga,2526,Mallorca,Antonio Raillo,ESP,DF,33,1991,24,23,2070,23.0,0,1,1,0,0,0,4,0,0.0,0.04,0.04,0.0,0.04
ESP-La Liga,2526,Mallorca,Antonio Sánchez,ESP,"MF,DF",28,1997,30,9,1073,11.9,0,0,0,0,0,0,5,1,0.0,0.0,0.0,0.0,0.0
ESP-La Liga,2526,Mallorca,Dani Rodríguez,ESP,"FW,MF",37,1988,2,0,68,0.8,0,0,0,0,0,0,0,0,0.0,0.0,0.0,0.0,0.0
ESP-La Liga,2526,Mallorca,David López,ESP,DF,22,2003,14,9,837,9.3,0,0,0,0,0,0,2,0,0.0,0.0,0.0,0.0,0.0
ESP-La Liga,2526,Mallorca,Jan Salas,ESP,MF,19,2005,2,0,17,0.2,0,0,0,0,0,0,0,0,0.0,0.0,0.0,0.0,0.0
ESP-La Liga,2526,Mallorca,Jan Virgili,ESP,"MF,FW",19,2006,31,19,1792,19.9,2,4,6,2,0,0,0,1,0.1,0.2,0.3,0.1,0.3
ESP-La Liga,2526,Mallorca,Javier Llabrés,ESP,MF,22,2002,16,1,187,2.1,0,0,0,0,0,0,0,0,0.0,0.0,0.0,0.0,0.0
ESP-La Liga,2526,Mallorca,Javier Olaizola,ESP,DF,18,2007,2,0,51,0.6,0,0,0,0,0,0,0,0,0.0,0.0,0.0,0.0,0.0
ESP-La Liga,2526,Mallorca,Johan Mojica,COL,DF,32,1992,35,30,2724,30.3,0,4,4,0,0,0,6,1,0.0,0.13,0.13,0.0,0.13
ESP-La Liga,2526,Mallorca,Justin-Noël Kalumba,FRA,FW,20,2004,3,1,81,0.9,0,0,0,0,0,0,0,0,0.0,0.0,0.0,0.0,0.0
ESP-La Liga,2526,Mallorca,Leo Román,ESP,GK,25,2000,33,33,2970,33.0,0,0,0,0,0,0,4,0,0.0,0.0,0.0,0.0,0.0
ESP-La Liga,2526,Mallorca,Lucas Bergström,FIN,GK,22,2002,5,5,450,5.0,0,0,0,0,0,0,1,0,0.0,0.0,0.0,0.0,0.0
ESP-La Liga,2526,Mallorca,Luis Orejuela,,DF,,,1,1,90,1.0,0,0,0,0,0,0,0,0,0.0,0.0,0.0,0.0,0.0
ESP-La Liga,2526,Mallorca,Manu Morlanes,ESP,MF,26,1999,32,22,1765,19.6,3,0,3,3,0,0,5,1,0.15,0.0,0.15,0.15,0.15
ESP-La Liga,2526,Mallorca,Marash Kumbulla,ALB,DF,25,2000,8,5,439,4.9,0,0,0,0,0,0,1,0,0.0,0.0,0.0,0.0,0.0
ESP-La Liga,2526,Mallorca,Marc Domenech,ESP,MF,19,2006,7,2,214,2.4,0,1,1,0,0,0,0,0,0.0,0.42,0.42,0.0,0.42
ESP-La Liga,2526,Mallorca,Martin Valjent,SVK,DF,29,1995,37,37,3308,36.8,0,0,0,0,0,0,6,0,0.0,0.0,0.0,0.0,0.0
ESP-La Liga,2526,Mallorca,Mateo Joseph,ESP,"MF,FW",21,2003,29,19,1699,18.9,2,3,5,2,0,0,2,0,0.11,0.16,0.26,0.11,0.26
ESP-La Liga,2526,Mallorca,Mateu Morey,ESP,"DF,MF",25,2000,18,9,704,7.8,1,0,1,1,0,0,2,0,0.13,0.0,0.13,0.13,0.13
ESP-La Liga,2526,Mallorca,Miguel Calatayud,ESP,DF,19,2006,2,0,43,0.5,0,0,0,0,0,0,0,0,0.0,0.0,0.0,0.0,0.0
ESP-La Liga,2526,Mallorca,Omar Mascarell,EQG,"MF,DF",32,1993,30,26,2239,24.9,2,2,4,2,0,0,5,0,0.08,0.08,0.16,0.08,0.16
ESP-La Liga,2526,Mallorca,Pablo Maffeo,ESP,DF,28,1997,31,30,2662,29.6,1,2,3,1,0,0,11,0,0.03,0.07,0.1,0.03,0.1
ESP-La Liga,2526,Mallorca,Pablo Torre,ESP,"MF,FW",22,2003,35,19,1599,17.8,4,4,8,4,0,0,4,0,0.23,0.23,0.45,0.23,0.45
ESP-La Liga,2526,Mallorca,Samu Costa,POR,MF,24,2000,34,31,2697,30.0,7,2,9,7,0,0,11,0,0.23,0.07,0.3,0.23,0.3
ESP-La Liga,2526,Mallorca,Sergi Darder,ESP,MF,31,1993,38,30,2680,29.8,1,5,6,1,0,0,3,0,0.03,0.17,0.2,0.03,0.2
ESP-La Liga,2526,Mallorca,Takuma Asano,JPN,"MF,FW",30,1994,20,8,664,7.4,1,0,1,1,0,0,2,0,0.14,0.0,0.14,0.14,0.14
ESP-La Liga,2526,Mallorca,Toni Lato,ESP,"DF,MF",27,1997,12,7,583,6.5,0,1,1,0,0,0,3,0,0.0,0.15,0.15,0.0,0.15
ESP-La Liga,2526,Mallorca,Vedat Muriqi,KVX,FW,31,1994,37,36,3128,34.8,23,1,24,18,5,7,4,1,0.66,0.03,0.69,0.52,0.55
ESP-La Liga,2526,Mallorca,Zito Luvumbo,ANG,"FW,MF",23,2002,10,6,508,5.6,0,2,2,0,0,0,2,0,0.0,0.35,0.35,0.0,0.35
ESP-La Liga,2526,Osasuna,Abel Bretones,ESP,"MF,DF",24,2000,28,17,1624,18.0,1,2,3,1,0,0,5,1,0.06,0.11,0.17,0.06,0.17
ESP-La Liga,2526,Osasuna,Aimar Oroz,ESP,"MF,FW",23,2001,31,26,2139,23.8,0,2,2,0,0,0,6,0,0.0,0.08,0.08,0.0,0.08
ESP-La Liga,2526,Osasuna,Aitor Fernández,ESP,GK,34,1991,2,1,136,1.5,0,0,0,0,0,0,3,0,0.0,0.0,0.0,0.0,0.0
ESP-La Liga,2526,Osasuna,Ante Budimir,CRO,FW,34,1991,37,35,2938,32.6,17,0,17,11,6,8,3,0,0.52,0.0,0.52,0.34,0.34
ESP-La Liga,2526,Osasuna,Asier Osambela,ESP,DF,21,2004,17,2,343,3.8,1,0,1,1,0,0,1,1,0.26,0.0,0.26,0.26,0.26
ESP-La Liga,2526,Osasuna,Catena,ESP,DF,30,1994,35,35,3071,34.1,3,2,5,3,0,0,11,1,0.09,0.06,0.15,0.09,0.15
ESP-La Liga,2526,Osasuna,Enzo Boyomo,CMR,DF,23,2001,30,29,2542,28.2,1,2,3,1,0,0,7,0,0.04,0.07,0.11,0.04,0.11
ESP-La Liga,2526,Osasuna,Iker Benito,ESP,MF,22,2002,6,1,159,1.8,1,0,1,1,0,0,1,0,0.57,0.0,0.57,0.57,0.57
ESP-La Liga,2526,Osasuna,Iker Muñoz,ESP,MF,22,2002,19,8,952,10.6,0,0,0,0,0,0,5,0,0.0,0.0,0.0,0.0,0.0
ESP-La Liga,2526,Osasuna,Iñigo Arguibide,ESP,DF,20,2005,6,2,187,2.1,0,0,0,0,0,0,0,1,0.0,0.0,0.0,0.0,0.0
ESP-La Liga,2526,Osasuna,Javi Galán,ESP,DF,30,1994,20,19,1672,18.6,0,1,1,0,0,0,3,0,0.0,0.05,0.05,0.0,0.05
ESP-La Liga,2526,Osasuna,Jon Moncayola,ESP,MF,27,1998,36,35,3016,33.5,0,4,4,0,0,0,9,0,0.0,0.12,0.12,0.0,0.12
ESP-La Liga,2526,Osasuna,Jorge Herrando,ESP,DF,24,2001,28,17,1600,17.8,0,1,1,0,0,0,3,0,0.0,0.06,0.06,0.0,0.06
ESP-La Liga,2526,Osasuna,Juan Cruz Armada,ESP,DF,33,1992,15,7,649,7.2,0,0,0,0,0,0,2,0,0.0,0.0,0.0,0.0,0.0
ESP-La Liga,2526,Osasuna,Kike Barja,ESP,MF,28,1997,27,2,446,5.0,2,2,4,2,0,0,3,0,0.4,0.4,0.81,0.4,0.81
ESP-La Liga,2526,Osasuna,Lucas Torró,ESP,MF,31,1994,34,31,2293,25.5,0,1,1,0,0,0,6,0,0.0,0.04,0.04,0.0,0.04
ESP-La Liga,2526,Osasuna,Moi Gómez,ESP,MF,31,1994,26,12,1201,13.3,0,2,2,0,0,0,3,0,0.0,0.15,0.15,0.0,0.15
ESP-La Liga,2526,Osasuna,Raúl,ESP,FW,24,2000,36,6,1041,11.6,7,1,8,7,0,0,2,1,0.61,0.09,0.69,0.61,0.69
ESP-La Liga,2526,Osasuna,Raúl Moro,ESP,MF,22,2002,14,7,625,6.9,0,2,2,0,0,0,0,0,0.0,0.29,0.29,0.0,0.29
ESP-La Liga,2526,Osasuna,Rubén García,ESP,"MF,FW",32,1993,35,28,2229,24.8,2,5,7,2,0,0,6,0,0.08,0.2,0.28,0.08,0.28
ESP-La Liga,2526,Osasuna,Sergio Herrera,ESP,GK,32,1993,37,37,3284,36.5,0,0,0,0,0,0,3,1,0.0,0.0,0.0,0.0,0.0
ESP-La Liga,2526,Osasuna,Sheraldo Becker,SUR,"FW,MF",30,1995,9,0,158,1.8,0,0,0,0,0,0,0,0,0.0,0.0,0.0,0.0,0.0
ESP-La Liga,2526,Osasuna,Valentin Rosier,FRA,"DF,MF",28,1996,31,30,2547,28.3,1,1,2,1,0,0,6,1,0.04,0.04,0.07,0.04,0.07
ESP-La Liga,2526,Osasuna,Víctor Muñoz,ESP,"MF,FW",22,2003,34,31,2656,29.5,6,2,8,6,0,0,3,0,0.2,0.07,0.27,0.2,0.27
ESP-La Liga,2526,Oviedo,Aarón Escandell,ESP,GK,29,1995,36,36,3240,36.0,0,1,1,0,0,0,3,0,0.0,0.03,0.03,0.0,0.03
ESP-La Liga,2526,Oviedo,Alberto Reina,ESP,MF,27,1997,37,31,2462,27.4,4,1,5,4,0,0,6,1,0.15,0.04,0.18,0.15,0.18
ESP-La Liga,2526,Oviedo,Borja Sánchez Laborde,ESP,MF,29,1996,1,0,14,0.2,0,0,0,0,0,0,0,0,0.0,0.0,0.0,0.0,0.0
ESP-La Liga,2526,Oviedo,Dani Calvo,ESP,DF,31,1994,20,17,1611,17.9,0,0,0,0,0,0,3,0,0.0,0.0,0.0,0.0,0.0
ESP-La Liga,2526,Oviedo,David Carmo,ANG,DF,26,1999,22,20,1786,19.8,1,0,1,1,0,0,8,1,0.05,0.0,0.05,0.05,0.05
ESP-La Liga,2526,Oviedo,David Costas,ESP,DF,30,1995,25,22,2066,23.0,1,0,1,1,0,0,3,0,0.04,0.0,0.04,0.04,0.04
ESP-La Liga,2526,Oviedo,Eric Bailly,CIV,DF,31,1994,15,15,1234,13.7,1,0,1,1,0,0,3,0,0.07,0.0,0.07,0.07,0.07
ESP-La Liga,2526,Oviedo,Federico Viñas,URU,"FW,MF",27,1998,33,28,2439,27.1,9,1,10,7,2,2,7,3,0.33,0.04,0.37,0.26,0.3
ESP-La Liga,2526,Oviedo,Haissem Hassan,EGY,"MF,FW",23,2002,37,20,1942,21.6,0,3,3,0,0,0,1,0,0.0,0.14,0.14,0.0,0.14
ESP-La Liga,2526,Oviedo,Horaţiu Moldovan,ROU,GK,27,1998,2,2,180,2.0,0,0,0,0,0,0,0,0,0.0,0.0,0.0,0.0,0.0
ESP-La Liga,2526,Oviedo,Ilyas Chaira,MAR,"MF,FW",24,2001,36,30,2447,27.2,6,2,8,6,0,0,2,1,0.22,0.07,0.29,0.22,0.29
ESP-La Liga,2526,Oviedo,Javi López,ESP,DF,23,2002,25,20,1711,19.0,0,1,1,0,0,0,3,1,0.0,0.05,0.05,0.0,0.05
ESP-La Liga,2526,Oviedo,Josip Brekalo,CRO,"MF,FW",27,1998,14,6,486,5.4,0,0,0,0,0,0,1,0,0.0,0.0,0.0,0.0,0.0
ESP-La Liga,2526,Oviedo,Kwasi Sibo,GHA,MF,27,1998,26,21,1681,18.7,0,0,0,0,0,0,3,1,0.0,0.0,0.0,0.0,0.0
ESP-La Liga,2526,Oviedo,Leander Dendoncker,BEL,MF,30,1995,19,15,1330,14.8,1,0,1,1,0,0,2,0,0.07,0.0,0.07,0.07,0.07
ESP-La Liga,2526,Oviedo,Lucas Ahijado,ESP,DF,30,1995,20,11,1098,12.2,0,1,1,0,0,0,3,0,0.0,0.08,0.08,0.0,0.08
ESP-La Liga,2526,Oviedo,Luka Ilić,SRB,"MF,FW",26,1999,19,8,742,8.2,1,0,1,1,0,0,4,1,0.12,0.0,0.12,0.12,0.12
ESP-La Liga,2526,Oviedo,Marco Esteban,ESP,DF,19,2006,1,0,45,0.5,0,0,0,0,0,0,0,0,0.0,0.0,0.0,0.0,0.0
ESP-La Liga,2526,Oviedo,Nacho Vidal,ESP,DF,30,1995,29,27,2263,25.1,0,0,0,0,0,0,4,0,0.0,0.0,0.0,0.0,0.0
ESP-La Liga,2526,Oviedo,Nicolas Fonseca,URU,MF,26,1998,19,12,1018,11.3,0,0,0,0,0,0,6,0,0.0,0.0,0.0,0.0,0.0
ESP-La Liga,2526,Oviedo,Oier Luengo,ESP,DF,27,1997,3,3,225,2.5,0,1,1,0,0,0,1,0,0.0,0.4,0.4,0.0,0.4
ESP-La Liga,2526,Oviedo,Omar Falah,ESP,DF,21,2003,1,0,14,0.2,0,0,0,0,0,0,0,0,0.0,0.0,0.0,0.0,0.0
ESP-La Liga,2526,Oviedo,Ovie Ejaria,ENG,MF,27,1997,8,2,200,2.2,0,0,0,0,0,0,1,0,0.0,0.0,0.0,0.0,0.0
ESP-La Liga,2526,Oviedo,Pablo Agudín,ESP,MF,17,2007,7,0,90,1.0,0,0,0,0,0,0,0,0,0.0,0.0,0.0,0.0,0.0
ESP-La Liga,2526,Oviedo,Rahim Bonkano,NIG,DF,23,2002,27,18,1713,19.0,0,0,0,0,0,0,2,0,0.0,0.0,0.0,0.0,0.0
ESP-La Liga,2526,Oviedo,Salomón Rondón,VEN,FW,35,1989,16,13,1032,11.5,2,0,2,2,0,1,2,0,0.17,0.0,0.17,0.17,0.17
ESP-La Liga,2526,Oviedo,Santi Cazorla,ESP,MF,40,1984,28,6,940,10.4,0,1,1,0,0,0,2,1,0.0,0.1,0.1,0.0,0.1
ESP-La Liga,2526,Oviedo,Santiago Colombatto,ARG,MF,28,1997,32,23,2064,22.9,0,1,1,0,0,0,6,0,0.0,0.04,0.04,0.0,0.04
ESP-La Liga,2526,Oviedo,Thiago Borbas,URU,FW,23,2002,12,0,179,2.0,0,0,0,0,0,0,1,0,0.0,0.0,0.0,0.0,0.0
ESP-La Liga,2526,Oviedo,Thiago Fernández,ARG,"MF,FW",21,2004,16,9,817,9.1,0,4,4,0,0,0,4,0,0.0,0.44,0.44,0.0,0.44
ESP-La Liga,2526,Oviedo,Álex Forés,ESP,FW,24,2001,18,3,360,4.0,0,1,1,0,0,0,0,0,0.0,0.25,0.25,0.0,0.25
ESP-La Liga,2526,Rayo Vallecano,Abdul Mumin,GHA,DF,27,1998,3,1,79,0.9,0,0,0,0,0,0,0,0,0.0,0.0,0.0,0.0,0.0
ESP-La Liga,2526,Rayo Vallecano,Alexandre Alemão,BRA,FW,27,1998,26,11,1136,12.6,4,0,4,4,0,0,3,0,0.32,0.0,0.32,0.32,0.32
ESP-La Liga,2526,Rayo Vallecano,Alfonso Espino,URU,"DF,MF",33,1992,30,15,1486,16.5,2,0,2,2,0,0,3,0,0.12,0.0,0.12,0.12,0.12
ESP-La Liga,2526,Rayo Vallecano,Andrei Ratiu,ROU,DF,27,1998,35,31,2807,31.2,0,4,4,0,0,0,9,0,0.0,0.13,0.13,0.0,0.13
ESP-La Liga,2526,Rayo Vallecano,Augusto Batalla,ARG,GK,29,1996,34,34,3060,34.0,0,0,0,0,0,0,6,0,0.0,0.0,0.0,0.0,0.0
ESP-La Liga,2526,Rayo Vallecano,Carlos Martín,ESP,"MF,FW",23,2002,11,7,450,5.0,0,0,0,0,0,0,1,0,0.0,0.0,0.0,0.0,0.0
ESP-La Liga,2526,Rayo Vallecano,Dani Cárdenas,ESP,GK,28,1997,4,4,360,4.0,0,0,0,0,0,0,0,0,0.0,0.0,0.0,0.0,0.0
ESP-La Liga,2526,Rayo Vallecano,Florian Lejeune,FRA,DF,34,1991,36,36,3230,35.9,2,1,3,2,0,0,7,0,0.06,0.03,0.08,0.06,0.08
ESP-La Liga,2526,Rayo Vallecano,Francisco Perez,ESP,"MF,FW",22,2002,29,12,1237,13.7,2,1,3,2,0,0,4,0,0.15,0.07,0.22,0.15,0.22
ESP-La Liga,2526,Rayo Vallecano,Gerard Gumbau,ESP,MF,30,1994,28,14,1175,13.1,0,3,3,0,0,0,4,0,0.0,0.23,0.23,0.0,0.23
ESP-La Liga,2526,Rayo Vallecano,Ilias Akhomach,MAR,"MF,FW",21,2004,11,7,709,7.9,0,1,1,0,0,0,2,0,0.0,0.13,0.13,0.0,0.13
ESP-La Liga,2526,Rayo Vallecano,Isaac Palazón Camacho,ESP,"MF,FW",30,1994,31,27,2248,25.0,3,3,6,1,2,3,10,1,0.12,0.12,0.24,0.04,0.16
ESP-La Liga,2526,Rayo Vallecano,Iván Balliu,ALB,DF,33,1992,14,6,582,6.5,0,0,0,0,0,0,2,0,0.0,0.0,0.0,0.0,0.0
ESP-La Liga,2526,Rayo Vallecano,Jorge de Frutos,ESP,"FW,MF",28,1997,36,31,2463,27.4,10,1,11,9,1,1,3,0,0.37,0.04,0.4,0.33,0.37
ESP-La Liga,2526,Rayo Vallecano,Jozhua Vertrouwd,NED,DF,20,2004,9,3,446,5.0,0,0,0,0,0,0,0,0,0.0,0.0,0.0,0.0,0.0
ESP-La Liga,2526,Rayo Vallecano,Luiz Felipe,ITA,DF,28,1997,10,7,470,5.2,0,0,0,0,0,0,1,0,0.0,0.0,0.0,0.0,0.0
ESP-La Liga,2526,Rayo Vallecano,Nobel Mendy,SEN,DF,20,2004,24,22,1797,20.0,2,0,2,2,0,0,9,2,0.1,0.0,0.1,0.1,0.1
ESP-La Liga,2526,Rayo Vallecano,Pathé Ciss,SEN,"MF,DF",31,1994,29,20,1999,22.2,2,1,3,2,0,0,9,2,0.09,0.05,0.14,0.09,0.14
ESP-La Liga,2526,Rayo Vallecano,Pedro Díaz,ESP,MF,27,1998,34,21,1870,20.8,0,1,1,0,0,0,2,0,0.0,0.05,0.05,0.0,0.05
ESP-La Liga,2526,Rayo Vallecano,Pelayo Fernandez,ESP,DF,22,2003,1,0,45,0.5,0,0,0,0,0,0,0,0,0.0,0.0,0.0,0.0,0.0
ESP-La Liga,2526,Rayo Vallecano,Pep Chavarría,ESP,DF,27,1998,33,29,2682,29.8,1,2,3,1,0,0,6,1,0.03,0.07,0.1,0.03,0.1
ESP-La Liga,2526,Rayo Vallecano,Randy Nteka,ANG,FW,27,1997,13,3,374,4.2,3,0,3,3,0,1,3,0,0.72,0.0,0.72,0.72,0.72
ESP-La Liga,2526,Rayo Vallecano,Samu Becerra,ESP,MF,19,2006,3,0,12,0.1,0,0,0,0,0,0,0,0,0.0,0.0,0.0,0.0,0.0
ESP-La Liga,2526,Rayo Vallecano,Sergio Camello,ESP,"FW,MF",24,2001,22,8,823,9.1,5,1,6,5,0,0,3,1,0.55,0.11,0.66,0.55,0.66
ESP-La Liga,2526,Rayo Vallecano,Unai López,ESP,MF,29,1995,28,19,1612,17.9,0,4,4,0,0,0,8,1,0.0,0.22,0.22,0.0,0.22
ESP-La Liga,2526,Rayo Vallecano,Álvaro García,ESP,"MF,FW",32,1992,32,23,2101,23.3,4,5,9,4,0,0,3,0,0.17,0.21,0.39,0.17,0.39
ESP-La Liga,2526,Rayo Vallecano,Óscar Trejo,ARG,MF,37,1988,7,1,144,1.6,0,1,1,0,0,0,2,0,0.0,0.62,0.62,0.0,0.62
ESP-La Liga,2526,Rayo Vallecano,Óscar Valentín,ESP,MF,30,1994,33,26,2108,23.4,1,0,1,1,0,0,3,1,0.04,0.0,0.04,0.04,0.04
ESP-La Liga,2526,Real Betis,Abde Ezzalzouli,MAR,"MF,FW",23,2001,29,26,2247,25.0,10,8,18,10,0,0,3,0,0.4,0.32,0.72,0.4,0.72
ESP-La Liga,2526,Real Betis,Adrián,ESP,GK,38,1987,1,1,90,1.0,0,0,0,0,0,0,0,0,0.0,0.0,0.0,0.0,0.0
ESP-La Liga,2526,Real Betis,Aitor Ruibal,ESP,"DF,MF",29,1996,27,20,1808,20.1,4,2,6,4,0,0,6,1,0.2,0.1,0.3,0.2,0.3
ESP-La Liga,2526,Real Betis,Antony,BRA,"MF,FW",25,2000,32,30,2447,27.2,8,6,14,8,0,0,6,1,0.29,0.22,0.51,0.29,0.51
ESP-La Liga,2526,Real Betis,Cucho,COL,FW,26,1999,32,30,2580,28.7,11,3,14,10,1,1,5,0,0.38,0.1,0.49,0.35,0.45
ESP-La Liga,2526,Real Betis,Cédric Bakambu,COD,FW,34,1991,18,5,569,6.3,3,1,4,3,0,0,1,0,0.47,0.16,0.63,0.47,0.63
ESP-La Liga,2526,Real Betis,Daniel Guerrero,ESP,MF,20,2005,1,0,1,0.0,0,0,0,0,0,0,0,0,0.0,0.0,0.0,0.0,0.0
ESP-La Liga,2526,Real Betis,Diego Llorente,ESP,DF,31,1993,18,14,1229,13.7,1,0,1,1,0,0,5,0,0.07,0.0,0.07,0.07,0.07
ESP-La Liga,2526,Real Betis,Ezequiel Ávila,ARG,FW,31,1994,16,3,380,4.2,1,0,1,0,1,1,3,0,0.24,0.0,0.24,0.0,0.0
ESP-La Liga,2526,Real Betis,Giovani Lo Celso,ARG,MF,29,1996,24,15,1393,15.5,2,3,5,2,0,0,4,0,0.13,0.19,0.32,0.13,0.32
ESP-La Liga,2526,Real Betis,Héctor Bellerín,ESP,DF,30,1995,27,20,1822,20.2,2,3,5,2,0,0,2,0,0.1,0.15,0.25,0.1,0.25
ESP-La Liga,2526,Real Betis,Isco,ESP,MF,33,1992,8,1,233,2.6,1,1,2,0,1,1,0,0,0.39,0.39,0.77,0.0,0.39
ESP-La Liga,2526,Real Betis,Iván Corralejo,ESP,MF,18,2007,1,0,15,0.2,0,0,0,0,0,0,0,0,0.0,0.0,0.0,0.0,0.0
ESP-La Liga,2526,Real Betis,Junior Firpo,DOM,DF,28,1996,12,10,827,9.2,0,1,1,0,0,0,2,0,0.0,0.11,0.11,0.0,0.11
ESP-La Liga,2526,Real Betis,Marc Bartra,ESP,DF,34,1991,25,21,1978,22.0,1,0,1,1,0,0,3,0,0.05,0.0,0.05,0.05,0.05
ESP-La Liga,2526,Real Betis,Marc Roca,ESP,MF,28,1996,29,23,2026,22.5,1,1,2,1,0,0,1,0,0.04,0.04,0.09,0.04,0.09
ESP-La Liga,2526,Real Betis,Natan,BRA,DF,24,2001,33,32,2807,31.2,0,0,0,0,0,0,8,0,0.0,0.0,0.0,0.0,0.0
ESP-La Liga,2526,Real Betis,Nelson Deossa,COL,MF,25,2000,20,8,743,8.3,0,0,0,0,0,0,3,0,0.0,0.0,0.0,0.0,0.0
ESP-La Liga,2526,Real Betis,Pablo Fornals,ESP,MF,29,1996,37,34,2848,31.6,9,6,15,9,0,0,2,0,0.28,0.19,0.47,0.28,0.47
ESP-La Liga,2526,Real Betis,Pablo Garcia,ESP,MF,19,2006,15,2,388,4.3,0,0,0,0,0,0,1,0,0.0,0.0,0.0,0.0,0.0
ESP-La Liga,2526,Real Betis,Pau López,ESP,GK,30,1994,9,9,810,9.0,0,0,0,0,0,0,1,0,0.0,0.0,0.0,0.0,0.0
ESP-La Liga,2526,Real Betis,Ricardo Rodríguez,SUI,DF,32,1992,23,18,1547,17.2,0,1,1,0,0,0,0,0,0.0,0.06,0.06,0.0,0.06
ESP-La Liga,2526,Real Betis,Rodrigo Riquelme,ESP,MF,25,2000,25,7,821,9.1,1,1,2,1,0,0,2,0,0.11,0.11,0.22,0.11,0.22
ESP-La Liga,2526,Real Betis,Sergi Altimira,ESP,MF,23,2001,24,13,1186,13.2,1,2,3,1,0,0,3,0,0.08,0.15,0.23,0.08,0.23
ESP-La Liga,2526,Real Betis,Sofyan Amrabat,MAR,MF,28,1996,17,14,1295,14.4,0,0,0,0,0,0,4,0,0.0,0.0,0.0,0.0,0.0
ESP-La Liga,2526,Real Betis,Valentín Gómez,ARG,DF,22,2003,28,19,1882,20.9,1,0,1,1,0,0,5,0,0.05,0.0,0.05,0.05,0.05
ESP-La Liga,2526,Real Betis,Álvaro Fidalgo,MEX,MF,28,1997,9,8,542,6.0,1,0,1,1,0,0,0,0,0.17,0.0,0.17,0.17,0.17
ESP-La Liga,2526,Real Betis,Álvaro Vallés,ESP,GK,28,1997,28,28,2520,28.0,0,0,0,0,0,0,1,0,0.0,0.0,0.0,0.0,0.0
ESP-La Liga,2526,Real Betis,Ángel Ortíz,ESP,DF,21,2004,13,7,584,6.5,0,0,0,0,0,0,1,0,0.0,0.0,0.0,0.0,0.0
ESP-La Liga,2526,Real Madrid,Andriy Lunin,UKR,GK,26,1999,6,6,540,6.0,0,0,0,0,0,0,0,1,0.0,0.0,0.0,0.0,0.0
ESP-La Liga,2526,Real Madrid,Antonio Rüdiger,GER,DF,32,1993,18,16,1490,16.6,1,0,1,1,0,0,0,0,0.06,0.0,0.06,0.06,0.06
ESP-La Liga,2526,Real Madrid,Arda Güler,TUR,MF,20,2005,33,25,2014,22.4,4,9,13,4,0,0,1,0,0.18,0.4,0.58,0.18,0.58
ESP-La Liga,2526,Real Madrid,Aurélien Tchouaméni,FRA,MF,25,2000,33,31,2615,29.1,1,0,1,1,0,0,8,0,0.03,0.0,0.03,0.03,0.03
ESP-La Liga,2526,Real Madrid,Brahim Díaz,MAR,"FW,MF",25,1999,30,13,1257,14.0,1,6,7,1,0,0,2,0,0.07,0.43,0.5,0.07,0.5
ESP-La Liga,2526,Real Madrid,César Palacios,ESP,MF,20,2004,5,0,86,1.0,0,0,0,0,0,0,0,0,0.0,0.0,0.0,0.0,0.0
ESP-La Liga,2526,Real Madrid,Dani Carvajal,ESP,DF,33,1992,17,10,977,10.9,0,1,1,0,0,0,0,0,0.0,0.09,0.09,0.0,0.09
ESP-La Liga,2526,Real Madrid,Dani Ceballos,ESP,MF,28,1996,16,4,486,5.4,0,0,0,0,0,0,1,0,0.0,0.0,0.0,0.0,0.0
ESP-La Liga,2526,Real Madrid,Daniel Yáñez,ESP,MF,18,2007,2,0,47,0.5,0,1,1,0,0,0,0,0,0.0,1.91,1.91,0.0,1.91
ESP-La Liga,2526,Real Madrid,David Alaba,AUT,DF,33,1992,11,5,424,4.7,0,0,0,0,0,0,1,0,0.0,0.0,0.0,0.0,0.0
ESP-La Liga,2526,Real Madrid,David Jiménez,ESP,DF,21,2004,2,1,76,0.8,0,0,0,0,0,0,0,0,0.0,0.0,0.0,0.0,0.0
ESP-La Liga,2526,Real Madrid,Dean Huijsen,ESP,DF,20,2005,28,24,2034,22.6,2,2,4,2,0,0,7,1,0.09,0.09,0.18,0.09,0.18
ESP-La Liga,2526,Real Madrid,Diego Aguado,ESP,DF,18,2007,1,0,30,0.3,0,0,0,0,0,0,0,0,0.0,0.0,0.0,0.0,0.0
ESP-La Liga,2526,Real Madrid,Eduardo Camavinga,FRA,MF,22,2002,29,16,1528,17.0,1,0,1,1,0,0,2,0,0.06,0.0,0.06,0.06,0.06
ESP-La Liga,2526,Real Madrid,Endrick,BRA,FW,19,2006,1,0,12,0.1,0,0,0,0,0,0,0,1,0.0,0.0,0.0,0.0,0.0
ESP-La Liga,2526,Real Madrid,Federico Valverde,URU,"MF,DF",27,1998,33,31,2740,30.4,5,8,13,5,0,0,3,1,0.16,0.26,0.43,0.16,0.43
ESP-La Liga,2526,Real Madrid,Ferland Mendy,FRA,DF,30,1995,5,3,207,2.3,0,0,0,0,0,0,0,0,0.0,0.0,0.0,0.0,0.0
ESP-La Liga,2526,Real Madrid,Fran Garcia,ESP,"DF,MF",25,1999,13,10,929,10.3,1,1,2,1,0,0,2,1,0.1,0.1,0.19,0.1,0.19
ESP-La Liga,2526,Real Madrid,Franco Mastantuono,ARG,"MF,FW",17,2007,23,11,1037,11.5,1,0,1,1,0,0,5,1,0.09,0.0,0.09,0.09,0.09
ESP-La Liga,2526,Real Madrid,Gonzalo García,ESP,FW,21,2004,30,9,964,10.7,6,1,7,6,0,0,2,0,0.56,0.09,0.65,0.56,0.65
ESP-La Liga,2526,Real Madrid,Jorge Cestero,ESP,MF,19,2006,2,0,13,0.1,0,0,0,0,0,0,0,0,0.0,0.0,0.0,0.0,0.0
ESP-La Liga,2526,Real Madrid,Jude Bellingham,ENG,MF,22,2003,28,22,1916,21.3,6,4,10,6,0,0,3,0,0.28,0.19,0.47,0.28,0.47
ESP-La Liga,2526,Real Madrid,Kylian Mbappé,FRA,FW,26,1998,31,29,2599,28.9,25,5,30,17,8,9,4,0,0.87,0.17,1.04,0.59,0.76
ESP-La Liga,2526,Real Madrid,Manuel Serrano,ESP,DF,21,2004,1,0,7,0.1,0,0,0,0,0,0,0,0,0.0,0.0,0.0,0.0,0.0
ESP-La Liga,2526,Real Madrid,Manuel Ángel,ESP,MF,21,2004,4,1,96,1.1,0,0,0,0,0,0,0,0,0.0,0.0,0.0,0.0,0.0
ESP-La Liga,2526,Real Madrid,Raúl Asencio,ESP,DF,22,2003,23,18,1708,19.0,2,0,2,2,0,0,4,0,0.11,0.0,0.11,0.11,0.11
ESP-La Liga,2526,Real Madrid,Rodrygo,BRA,"MF,FW",24,2001,19,6,684,7.6,1,3,4,1,0,0,3,0,0.13,0.39,0.53,0.13,0.53
ESP-La Liga,2526,Real Madrid,Thiago Pinar,ESP,MF,17,2007,10,8,592,6.6,0,2,2,0,0,0,2,0,0.0,0.3,0.3,0.0,0.3
ESP-La Liga,2526,Real Madrid,Thibaut Courtois,BEL,GK,33,1992,32,32,2880,32.0,0,0,0,0,0,0,1,0,0.0,0.0,0.0,0.0,0.0
ESP-La Liga,2526,Real Madrid,Trent Alexander-Arnold,ENG,DF,26,1998,21,14,1163,12.9,0,4,4,0,0,0,4,0,0.0,0.31,0.31,0.0,0.31
ESP-La Liga,2526,Real Madrid,Victor Valdepeñas,ESP,DF,18,2006,1,1,77,0.9,0,0,0,0,0,0,0,0,0.0,0.0,0.0,0.0,0.0
ESP-La Liga,2526,Real Madrid,Vinicius Júnior,BRA,"FW,MF",25,2000,36,32,2815,31.3,16,5,21,12,4,5,8,0,0.51,0.16,0.67,0.38,0.54
ESP-La Liga,2526,Real Madrid,Álvaro Carreras,ESP,DF,22,2003,28,26,2332,25.9,2,3,5,2,0,0,5,1,0.08,0.12,0.19,0.08,0.19
ESP-La Liga,2526,Real Madrid,Álvaro Leiva,ESP,FW,22,2002,1,0,4,0.0,0,0,0,0,0,0,0,0,0.0,0.0,0.0,0.0,0.0
ESP-La Liga,2526,Real Madrid,Éder Militão,BRA,DF,27,1998,16,14,1139,12.7,2,1,3,2,0,0,2,0,0.16,0.08,0.24,0.16,0.24
ESP-La Liga,2526,Real Sociedad,Aihen Muñoz,ESP,DF,27,1997,21,9,848,9.4,1,0,1,1,0,0,1,0,0.11,0.0,0.11,0.11,0.11
ESP-La Liga,2526,Real Sociedad,Ander Barrenetxea,ESP,MF,23,2001,30,22,1763,19.6,3,5,8,3,0,0,5,0,0.15,0.26,0.41,0.15,0.41
ESP-La Liga,2526,Real Sociedad,Aritz Elustondo,ESP,DF,31,1994,16,8,720,8.0,0,1,1,0,0,0,0,0,0.0,0.12,0.12,0.0,0.12
ESP-La Liga,2526,Real Sociedad,Arkaitz Mariezkurrena,ESP,FW,20,2005,1,0,1,0.0,0,0,0,0,0,0,0,0,0.0,0.0,0.0,0.0,0.0
ESP-La Liga,2526,Real Sociedad,Arsen Zakharyan,RUS,MF,22,2003,17,3,458,5.1,0,0,0,0,0,0,2,0,0.0,0.0,0.0,0.0,0.0
ESP-La Liga,2526,Real Sociedad,Beñat Turrientes,ESP,MF,23,2002,27,16,1348,15.0,0,3,3,0,0,0,7,0,0.0,0.2,0.2,0.0,0.2
ESP-La Liga,2526,Real Sociedad,Brais Méndez,ESP,"MF,FW",28,1997,29,21,1660,18.4,6,2,8,5,1,2,4,1,0.33,0.11,0.43,0.27,0.38
ESP-La Liga,2526,Real Sociedad,Carlos Soler,ESP,MF,28,1997,33,26,2317,25.7,4,3,7,4,0,0,3,1,0.16,0.12,0.27,0.16,0.27
ESP-La Liga,2526,Real Sociedad,Daniel Díaz,ESP,FW,19,2006,1,0,18,0.2,0,0,0,0,0,0,0,0,0.0,0.0,0.0,0.0,0.0
ESP-La Liga,2526,Real Sociedad,Duje Ćaleta-Car,CRO,DF,28,1996,27,24,2150,23.9,1,0,1,1,0,0,6,1,0.04,0.0,0.04,0.04,0.04
ESP-La Liga,2526,Real Sociedad,Gonçalo Guedes,POR,MF,28,1996,32,22,1823,20.3,8,4,12,8,0,0,3,0,0.39,0.2,0.59,0.39,0.59
ESP-La Liga,2526,Real Sociedad,Gorka Carrera,ESP,FW,20,2005,3,0,62,0.7,0,0,0,0,0,0,1,0,0.0,0.0,0.0,0.0,0.0
ESP-La Liga,2526,Real Sociedad,Ibai Aguirre,ESP,MF,18,2007,1,0,6,0.1,0,0,0,0,0,0,0,0,0.0,0.0,0.0,0.0,0.0
ESP-La Liga,2526,Real Sociedad,Igor Zubeldia,ESP,DF,28,1997,25,23,2082,23.1,0,1,1,0,0,0,9,0,0.0,0.04,0.04,0.0,0.04
ESP-La Liga,2526,Real Sociedad,Iñaki Rupérez,ESP,DF,22,2003,1,0,1,0.0,0,0,0,0,0,0,0,0,0.0,0.0,0.0,0.0,0.0
ESP-La Liga,2526,Real Sociedad,Job Ochieng',KEN,MF,22,2003,2,1,93,1.0,0,0,0,0,0,0,0,0,0.0,0.0,0.0,0.0,0.0
ESP-La Liga,2526,Real Sociedad,Jon Aramburu,VEN,DF,23,2002,35,31,2773,30.8,1,0,1,1,0,0,11,0,0.03,0.0,0.03,0.03,0.03
ESP-La Liga,2526,Real Sociedad,Jon Gorrotxategi,ESP,MF,23,2002,30,26,2210,24.6,1,3,4,1,0,0,7,0,0.04,0.12,0.16,0.04,0.16
ESP-La Liga,2526,Real Sociedad,Jon Karrikaburu,ESP,FW,22,2002,7,0,135,1.5,0,0,0,0,0,0,0,0,0.0,0.0,0.0,0.0,0.0
ESP-La Liga,2526,Real Sociedad,Jon Martin,ESP,DF,19,2006,25,25,2250,25.0,2,0,2,2,0,0,6,0,0.08,0.0,0.08,0.08,0.08
ESP-La Liga,2526,Real Sociedad,Lander Astiazaran,ESP,MF,19,2006,1,0,1,0.0,0,0,0,0,0,0,0,0,0.0,0.0,0.0,0.0,0.0
ESP-La Liga,2526,Real Sociedad,Luka Sučić,CRO,"MF,FW",22,2002,22,10,1022,11.4,3,1,4,3,0,0,1,0,0.26,0.09,0.35,0.26,0.35
ESP-La Liga,2526,Real Sociedad,Luken Beitia,ESP,DF,21,2004,2,1,95,1.1,0,0,0,0,0,0,0,0,0.0,0.0,0.0,0.0,0.0
ESP-La Liga,2526,Real Sociedad,Mikel Goti,ESP,MF,23,2002,4,1,76,0.8,0,0,0,0,0,0,0,0,0.0,0.0,0.0,0.0,0.0
ESP-La Liga,2526,Real Sociedad,Mikel Oyarzabal,ESP,FW,28,1997,34,30,2710,30.1,15,4,19,8,7,7,3,0,0.5,0.13,0.63,0.27,0.4
ESP-La Liga,2526,Real Sociedad,Orri Steinn Óskarsson,ISL,FW,20,2004,20,8,835,9.3,9,0,9,9,0,0,5,0,0.97,0.0,0.97,0.97,0.97
ESP-La Liga,2526,Real Sociedad,Pablo Marín,ESP,MF,22,2003,34,15,1502,16.7,0,1,1,0,0,0,2,0,0.0,0.06,0.06,0.0,0.06
ESP-La Liga,2526,Real Sociedad,Sergio Gómez,ESP,DF,24,2000,35,30,2701,30.0,0,6,6,0,0,0,5,1,0.0,0.2,0.2,0.0,0.2
ESP-La Liga,2526,Real Sociedad,Takefusa Kubo,JPN,MF,24,2001,24,17,1503,16.7,2,4,6,2,0,0,2,0,0.12,0.24,0.36,0.12,0.36
ESP-La Liga,2526,Real Sociedad,Umar Sadiq,NGA,FW,28,1997,5,2,153,1.7,0,0,0,0,0,0,1,0,0.0,0.0,0.0,0.0,0.0
ESP-La Liga,2526,Real Sociedad,Unai Marrero,ESP,GK,23,2001,1,1,90,1.0,0,0,0,0,0,0,1,0,0.0,0.0,0.0,0.0,0.0
ESP-La Liga,2526,Real Sociedad,Urko González,ESP,"DF,MF",24,2001,1,0,11,0.1,0,0,0,0,0,0,0,0,0.0,0.0,0.0,0.0,0.0
ESP-La Liga,2526,Real Sociedad,Wesley,BRA,MF,20,2005,5,1,88,1.0,0,0,0,0,0,0,0,0,0.0,0.0,0.0,0.0,0.0
ESP-La Liga,2526,Real Sociedad,Yangel Herrera,VEN,MF,27,1998,12,6,526,5.8,0,0,0,0,0,0,2,0,0.0,0.0,0.0,0.0,0.0
ESP-La Liga,2526,Real Sociedad,Álex Remiro,ESP,GK,30,1995,37,37,3330,37.0,0,0,0,0,0,0,1,0,0.0,0.0,0.0,0.0,0.0
ESP-La Liga,2526,Real Sociedad,Álvaro Odriozola,ESP,DF,29,1995,5,2,201,2.2,1,0,1,1,0,0,0,0,0.45,0.0,0.45,0.45,0.45
ESP-La Liga,2526,Sevilla,Adnan Januzaj,BEL,"MF,FW",30,1995,12,2,321,3.6,0,0,0,0,0,0,1,0,0.0,0.0,0.0,0.0,0.0
ESP-La Liga,2526,Sevilla,Adrià Pedrosa,ESP,"DF,MF",27,1998,1,0,6,0.1,0,0,0,0,0,0,0,0,0.0,0.0,0.0,0.0,0.0
ESP-La Liga,2526,Sevilla,Akor Adams,NGA,FW,25,2000,32,21,2064,22.9,10,3,13,7,3,3,3,0,0.44,0.13,0.57,0.31,0.44
ESP-La Liga,2526,Sevilla,Alexis Sánchez,CHI,"FW,MF",36,1988,28,11,1308,14.5,4,2,6,3,1,1,3,0,0.28,0.14,0.41,0.21,0.34
ESP-La Liga,2526,Sevilla,Alfon,ESP,MF,26,1999,10,4,312,3.5,1,0,1,1,0,0,0,0,0.29,0.0,0.29,0.29,0.29
ESP-La Liga,2526,Sevilla,Batista Mendy,FRA,MF,25,2000,27,19,1617,18.0,1,0,1,1,0,0,6,0,0.06,0.0,0.06,0.06,0.06
ESP-La Liga,2526,Sevilla,Carmona,ESP,"DF,MF",23,2002,35,29,2565,28.5,1,3,4,1,0,0,13,0,0.04,0.11,0.14,0.04,0.14
ESP-La Liga,2526,Sevilla,Castrin,ESP,DF,22,2003,19,13,1277,14.2,1,0,1,1,0,0,4,0,0.07,0.0,0.07,0.07,0.07
ESP-La Liga,2526,Sevilla,Chidera Ejuke,NGA,"MF,FW",27,1998,27,6,932,10.4,1,1,2,1,0,0,0,0,0.1,0.1,0.19,0.1,0.19
ESP-La Liga,2526,Sevilla,César Azpilicueta,ESP,DF,35,1989,17,17,1213,13.5,0,1,1,0,0,0,4,0,0.0,0.07,0.07,0.0,0.07
ESP-La Liga,2526,Sevilla,Djibril Sow,SUI,MF,28,1997,33,27,2187,24.3,5,4,9,5,0,0,6,0,0.21,0.16,0.37,0.21,0.37
ESP-La Liga,2526,Sevilla,Dodi Lukebakio,BEL,MF,27,1997,2,2,180,2.0,1,0,1,1,0,0,0,0,0.5,0.0,0.5,0.5,0.5
ESP-La Liga,2526,Sevilla,Federico Gattoni,ARG,DF,26,1999,1,0,10,0.1,0,0,0,0,0,0,0,0,0.0,0.0,0.0,0.0,0.0
ESP-La Liga,2526,Sevilla,Fábio Cardoso,POR,DF,31,1994,4,4,295,3.3,0,0,0,0,0,0,0,0,0.0,0.0,0.0,0.0,0.0
ESP-La Liga,2526,Sevilla,Gabriel Suazo,CHI,"DF,MF",27,1997,29,25,2096,23.3,0,2,2,0,0,0,7,0,0.0,0.09,0.09,0.0,0.09
ESP-La Liga,2526,Sevilla,Isaac Romero,ESP,"FW,MF",25,2000,29,18,1484,16.5,4,0,4,4,0,1,6,1,0.24,0.0,0.24,0.24,0.24
ESP-La Liga,2526,Sevilla,Joan Jordán,ESP,MF,31,1994,3,0,25,0.3,0,0,0,0,0,0,1,1,0.0,0.0,0.0,0.0,0.0
ESP-La Liga,2526,Sevilla,Joaquín Martínez Gauna,ESP,"MF,DF",22,2003,21,14,1408,15.6,2,3,5,2,0,0,1,0,0.13,0.19,0.32,0.13,0.32
ESP-La Liga,2526,Sevilla,Juanlu Sánchez,ESP,"MF,DF",21,2003,32,23,1990,22.1,0,3,3,0,0,0,6,1,0.0,0.14,0.14,0.0,0.14
ESP-La Liga,2526,Sevilla,Kike Salas,ESP,DF,23,2002,26,24,2203,24.5,2,0,2,2,0,0,1,0,0.08,0.0,0.08,0.08,0.08
ESP-La Liga,2526,Sevilla,Lucien Agoume,FRA,MF,23,2002,34,31,2686,29.8,1,3,4,1,0,0,12,0,0.03,0.1,0.13,0.03,0.13
ESP-La Liga,2526,Sevilla,Manu Bueno,ESP,MF,21,2004,8,2,272,3.0,0,0,0,0,0,0,2,0,0.0,0.0,0.0,0.0,0.0
ESP-La Liga,2526,Sevilla,Marcão,BRA,DF,29,1996,13,11,938,10.4,1,0,1,1,0,0,5,1,0.1,0.0,0.1,0.1,0.1
ESP-La Liga,2526,Sevilla,Miguel Ángel Sierra,ESP,FW,21,2004,4,0,62,0.7,0,0,0,0,0,0,0,0,0.0,0.0,0.0,0.0,0.0
ESP-La Liga,2526,Sevilla,Neal Maupay,FRA,FW,28,1996,12,10,865,9.6,2,1,3,2,0,0,2,0,0.21,0.1,0.31,0.21,0.31
ESP-La Liga,2526,Sevilla,Nemanja Gudelj,SRB,"DF,MF",33,1991,34,26,2348,26.1,2,0,2,2,0,0,9,0,0.08,0.0,0.08,0.08,0.08
ESP-La Liga,2526,Sevilla,Odysseas Vlachodimos,GRE,GK,31,1994,33,33,2970,33.0,0,0,0,0,0,0,1,0,0.0,0.0,0.0,0.0,0.0
ESP-La Liga,2526,Sevilla,Peque,ESP,"MF,FW",22,2002,26,12,982,10.9,2,1,3,2,0,0,7,0,0.18,0.09,0.27,0.18,0.27
ESP-La Liga,2526,Sevilla,Ramón Martínez,ESP,DF,22,2002,2,0,102,1.1,0,0,0,0,0,0,0,0,0.0,0.0,0.0,0.0,0.0
ESP-La Liga,2526,Sevilla,Ruben Vargas,SUI,"MF,FW",26,1998,24,20,1594,17.7,3,6,9,2,1,1,2,0,0.17,0.34,0.51,0.11,0.45
ESP-La Liga,2526,Sevilla,Stanis Idumbo,BEL,MF,20,2005,1,1,45,0.5,0,0,0,0,0,0,0,0,0.0,0.0,0.0,0.0,0.0
ESP-La Liga,2526,Sevilla,Tanguy Nianzou,FRA,DF,23,2002,12,8,655,7.3,0,0,0,0,0,0,5,1,0.0,0.0,0.0,0.0,0.0
ESP-La Liga,2526,Sevilla,Ørjan Nyland,NOR,GK,34,1990,5,5,450,5.0,0,0,0,0,0,0,1,0,0.0,0.0,0.0,0.0,0.0
ESP-La Liga,2526,Valencia,André Almeida,POR,MF,25,2000,22,11,1017,11.3,0,2,2,0,0,0,0,0,0.0,0.18,0.18,0.0,0.18
ESP-La Liga,2526,Valencia,Arnaut Danjuma,NED,"MF,FW",28,1997,30,18,1628,18.1,3,2,5,3,0,1,0,0,0.17,0.11,0.28,0.17,0.28
ESP-La Liga,2526,Valencia,Baptiste Santamaria,FRA,MF,30,1995,19,7,754,8.4,1,1,2,1,0,0,2,0,0.12,0.12,0.24,0.12,0.24
ESP-La Liga,2526,Valencia,Copete,ESP,DF,25,1999,21,19,1759,19.5,0,0,0,0,0,0,5,0,0.0,0.0,0.0,0.0,0.0
ESP-La Liga,2526,Valencia,César Tárrega,ESP,DF,23,2002,32,29,2598,28.9,0,0,0,0,0,0,7,0,0.0,0.0,0.0,0.0,0.0
ESP-La Liga,2526,Valencia,Dani Raba,ESP,FW,29,1995,13,3,270,3.0,0,1,1,0,0,0,0,0,0.0,0.33,0.33,0.0,0.33
ESP-La Liga,2526,Valencia,Diego López,ESP,"MF,FW",23,2002,34,20,1762,19.6,4,1,5,4,0,0,2,0,0.2,0.05,0.26,0.2,0.26
ESP-La Liga,2526,Valencia,Dimitri Foulquier,FRA,DF,32,1993,15,12,1150,12.8,0,0,0,0,0,0,1,0,0.0,0.0,0.0,0.0,0.0
ESP-La Liga,2526,Valencia,Eray Cömert,SUI,DF,27,1998,17,15,1337,14.9,2,1,3,2,0,0,3,1,0.13,0.07,0.2,0.13,0.2
ESP-La Liga,2526,Valencia,Filip Ugrinic,SUI,MF,26,1999,27,17,1504,16.7,0,3,3,0,0,0,3,0,0.0,0.18,0.18,0.0,0.18
ESP-La Liga,2526,Valencia,Guido Rodríguez,ARG,MF,31,1994,16,14,1309,14.5,4,0,4,4,0,0,4,0,0.28,0.0,0.28,0.28,0.28
ESP-La Liga,2526,Valencia,Hugo Duro,ESP,FW,25,1999,36,22,1979,22.0,10,0,10,9,1,2,4,0,0.45,0.0,0.45,0.41,0.41
ESP-La Liga,2526,Valencia,Javier Guerra,ESP,"MF,FW",22,2003,36,25,2061,22.9,4,6,10,4,0,0,3,0,0.17,0.26,0.44,0.17,0.44
ESP-La Liga,2526,Valencia,Jesus Vazquez,ESP,"DF,MF",22,2003,24,7,974,10.8,0,0,0,0,0,0,2,0,0.0,0.0,0.0,0.0,0.0
ESP-La Liga,2526,Valencia,José Luis García Vayá,ESP,"MF,DF",26,1998,31,26,2225,24.7,2,0,2,1,1,3,4,0,0.08,0.0,0.08,0.04,0.04
ESP-La Liga,2526,Valencia,José Luis Gayà,ESP,DF,30,1995,32,31,2448,27.2,1,2,3,1,0,0,6,1,0.04,0.07,0.11,0.04,0.11
ESP-La Liga,2526,Valencia,Julen Agirrezabala,ESP,GK,24,2000,18,18,1620,18.0,0,0,0,0,0,0,1,0,0.0,0.0,0.0,0.0,0.0
ESP-La Liga,2526,Valencia,Largie Ramazani,BEL,"MF,FW",24,2001,27,11,1234,13.7,6,1,7,3,3,3,4,0,0.44,0.07,0.51,0.22,0.29
ESP-La Liga,2526,Valencia,Lucas Beltrán,ARG,FW,24,2001,27,16,1365,15.2,1,2,3,1,0,0,1,0,0.07,0.13,0.2,0.07,0.2
ESP-La Liga,2526,Valencia,Luis Rioja,ESP,MF,31,1993,37,31,2624,29.2,3,6,9,3,0,0,1,0,0.1,0.21,0.31,0.1,0.31
ESP-La Liga,2526,Valencia,Mouctar Diakhaby,GUI,DF,28,1996,8,7,543,6.0,1,0,1,1,0,0,3,0,0.17,0.0,0.17,0.17,0.17
ESP-La Liga,2526,Valencia,Renzo Saravia,ARG,DF,32,1993,5,4,351,3.9,0,0,0,0,0,0,2,0,0.0,0.0,0.0,0.0,0.0
ESP-La Liga,2526,Valencia,Ruben Lendinez,ESP,DF,22,2003,1,0,4,0.0,0,0,0,0,0,0,0,0,0.0,0.0,0.0,0.0,0.0
ESP-La Liga,2526,Valencia,Stole Dimitrievski,MKD,GK,31,1993,20,20,1800,20.0,0,0,0,0,0,0,1,0,0.0,0.0,0.0,0.0,0.0
ESP-La Liga,2526,Valencia,Thierry Correia,POR,"DF,MF",26,1999,24,17,1392,15.5,0,2,2,0,0,0,5,0,0.0,0.13,0.13,0.0,0.13
ESP-La Liga,2526,Valencia,Umar Sadiq,NGA,FW,28,1997,20,8,911,10.1,4,2,6,4,0,0,3,0,0.4,0.2,0.59,0.4,0.59
ESP-La Liga,2526,Valencia,Unai Núñez,ESP,DF,28,1997,13,10,911,10.1,0,0,0,0,0,0,3,0,0.0,0.0,0.0,0.0,0.0
ESP-La Liga,2526,Villarreal,Adrià Altimira,ESP,"DF,MF",24,2001,1,0,9,0.1,0,0,0,0,0,0,0,0,0.0,0.0,0.0,0.0,0.0
ESP-La Liga,2526,Villarreal,Alassane Diatta,SEN,MF,20,2005,1,0,25,0.3,0,0,0,0,0,0,0,0,0.0,0.0,0.0,0.0,0.0
ESP-La Liga,2526,Villarreal,Alberto Moleiro,ESP,MF,21,2003,37,30,2478,27.5,10,5,15,10,0,0,4,0,0.36,0.18,0.54,0.36,0.54
ESP-La Liga,2526,Villarreal,Alex Freeman,USA,DF,20,2004,9,3,346,3.8,0,0,0,0,0,0,0,0,0.0,0.0,0.0,0.0,0.0
ESP-La Liga,2526,Villarreal,Alfon,ESP,MF,26,1999,10,3,333,3.7,1,0,1,1,0,0,0,0,0.27,0.0,0.27,0.27,0.27
ESP-La Liga,2526,Villarreal,Alfonso Pedraza,ESP,DF,29,1996,27,19,1689,18.8,1,3,4,1,0,0,8,0,0.05,0.16,0.21,0.05,0.21
ESP-La Liga,2526,Villarreal,Arnau Tenas,ESP,GK,24,2001,10,10,900,10.0,0,0,0,0,0,0,0,0,0.0,0.0,0.0,0.0,0.0
ESP-La Liga,2526,Villarreal,Ayoze Pérez,ESP,FW,32,1993,25,12,1124,12.5,5,4,9,4,1,1,4,0,0.4,0.32,0.72,0.32,0.64
ESP-La Liga,2526,Villarreal,Carlos Macià,ESP,MF,16,2008,5,0,83,0.9,0,0,0,0,0,0,1,0,0.0,0.0,0.0,0.0,0.0
ESP-La Liga,2526,Villarreal,Daniel Parejo,ESP,MF,36,1989,32,16,1392,15.5,1,0,1,0,1,1,3,0,0.06,0.0,0.06,0.0,0.0
ESP-La Liga,2526,Villarreal,Georges Mikautadze,GEO,FW,24,2000,32,23,2109,23.4,13,6,19,13,0,0,1,0,0.55,0.26,0.81,0.55,0.81
ESP-La Liga,2526,Villarreal,Gerard Moreno,ESP,FW,33,1992,22,16,1343,14.9,10,0,10,7,3,3,0,0,0.67,0.0,0.67,0.47,0.47
ESP-La Liga,2526,Villarreal,Hugo López,ESP,MF,18,2007,2,1,56,0.6,0,0,0,0,0,0,0,0,0.0,0.0,0.0,0.0,0.0
ESP-La Liga,2526,Villarreal,Ilias Akhomach,MAR,MF,21,2004,9,2,188,2.1,0,0,0,0,0,0,0,0,0.0,0.0,0.0,0.0,0.0
ESP-La Liga,2526,Villarreal,Juan Foyth,ARG,DF,27,1998,13,12,934,10.4,0,0,0,0,0,0,2,0,0.0,0.0,0.0,0.0,0.0
ESP-La Liga,2526,Villarreal,Karl Etta Eyong,CMR,FW,21,2003,3,3,256,2.8,1,2,3,1,0,0,0,0,0.35,0.7,1.05,0.35,1.05
ESP-La Liga,2526,Villarreal,Logan Costa,CPV,DF,24,2001,2,0,30,0.3,0,0,0,0,0,0,0,0,0.0,0.0,0.0,0.0,0.0
ESP-La Liga,2526,Villarreal,Luiz Lúcio Reis Júnior,BRA,GK,24,2001,28,28,2520,28.0,0,0,0,0,0,0,3,0,0.0,0.0,0.0,0.0,0.0
ESP-La Liga,2526,Villarreal,Manor Solomon,ISR,MF,26,1999,6,1,150,1.7,1,1,2,1,0,0,0,0,0.6,0.6,1.2,0.6,1.2
ESP-La Liga,2526,Villarreal,Nicolas Pépé,CIV,"MF,FW",30,1995,36,26,2393,26.6,8,8,16,7,1,1,4,0,0.3,0.3,0.6,0.26,0.56
ESP-La Liga,2526,Villarreal,Pape Gueye,SEN,MF,26,1999,30,26,2131,23.7,5,2,7,4,1,1,8,0,0.21,0.08,0.3,0.17,0.25
ESP-La Liga,2526,Villarreal,Pau Cabanes,ESP,FW,20,2005,1,0,16,0.2,0,0,0,0,0,0,0,0,0.0,0.0,0.0,0.0,0.0
ESP-La Liga,2526,Villarreal,Pau Navarro,ESP,DF,20,2005,23,23,1921,21.3,0,0,0,0,0,0,4,0,0.0,0.0,0.0,0.0,0.0
ESP-La Liga,2526,Villarreal,Rafa Marín,ESP,DF,23,2002,23,21,1979,22.0,1,0,1,1,0,0,1,0,0.05,0.0,0.05,0.05,0.05
ESP-La Liga,2526,Villarreal,Renato Veiga,POR,DF,22,2003,32,27,2481,27.6,0,0,0,0,0,0,5,1,0.0,0.0,0.0,0.0,0.0
ESP-La Liga,2526,Villarreal,Santi Comesaña,ESP,MF,28,1996,34,28,2407,26.7,3,6,9,3,0,0,5,1,0.11,0.22,0.34,0.11,0.34
ESP-La Liga,2526,Villarreal,Santiago Mouriño,URU,DF,23,2002,28,27,2377,26.4,1,2,3,1,0,0,11,1,0.04,0.08,0.11,0.04,0.11
ESP-La Liga,2526,Villarreal,Sergi Cardona,ESP,DF,26,1999,31,20,1970,21.9,1,4,5,1,0,0,4,0,0.05,0.18,0.23,0.05,0.23
ESP-La Liga,2526,Villarreal,Tajon Buchanan,CAN,MF,26,1999,34,21,1819,20.2,7,1,8,7,0,0,8,0,0.35,0.05,0.4,0.35,0.4
ESP-La Liga,2526,Villarreal,Tani Oluwaseyi,CAN,FW,25,2000,27,9,901,10.0,2,2,4,2,0,0,1,0,0.2,0.2,0.4,0.2,0.4
ESP-La Liga,2526,Villarreal,Thomas Partey,GHA,MF,32,1993,25,8,934,10.4,0,0,0,0,0,0,1,0,0.0,0.0,0.0,0.0,0.0
ESP-La Liga,2526,Villarreal,Willy Kambwala,FRA,DF,20,2004,2,1,86,1.0,0,0,0,0,0,0,0,0,0.0,0.0,0.0,0.0,0.0
ESP-La Liga,2526,Villarreal,Yéremy Pino,ESP,MF,22,2002,2,2,159,1.8,0,1,1,0,0,0,0,0,0.0,0.57,0.57,0.0,0.57
FRA-Ligue 1,2526,Angers,Abdoulaye Bamba,CIV,DF,35,1990,6,3,255,2.8,0,0,0,0,0,0,1,0,0.0,0.0,0.0,0.0,0.0
FRA-Ligue 1,2526,Angers,Amine Sbai,MAR,"MF,FW",24,2000,25,23,1818,20.2,3,1,4,3,0,1,3,1,0.15,0.05,0.2,0.15,0.2
FRA-Ligue 1,2526,Angers,Bane Diatta,FRA,MF,17,2008,1,0,5,0.1,0,0,0,0,0,0,0,0,0.0,0.0,0.0,0.0,0.0
FRA-Ligue 1,2526,Angers,Branco van den Boomen,NED,MF,30,1995,15,14,1238,13.8,0,1,1,0,0,1,3,0,0.0,0.07,0.07,0.0,0.07
FRA-Ligue 1,2526,Angers,Carlens Arcus,HAI,DF,29,1996,26,24,2040,22.7,0,3,3,0,0,0,7,0,0.0,0.13,0.13,0.0,0.13
FRA-Ligue 1,2526,Angers,Dan Sinaté,FRA,DF,19,2006,3,0,33,0.4,0,0,0,0,0,0,0,0,0.0,0.0,0.0,0.0,0.0
FRA-Ligue 1,2526,Angers,Emmanuel Biumla,FRA,DF,20,2005,9,3,387,4.3,0,0,0,0,0,0,0,0,0.0,0.0,0.0,0.0,0.0
FRA-Ligue 1,2526,Angers,Esteban Lepaul,FRA,FW,25,2000,2,2,174,1.9,1,0,1,1,0,0,0,0,0.52,0.0,0.52,0.52,0.52
FRA-Ligue 1,2526,Angers,Florent Hanin,ALG,"DF,MF",35,1990,25,9,865,9.6,0,0,0,0,0,0,0,0,0.0,0.0,0.0,0.0,0.0
FRA-Ligue 1,2526,Angers,Goduine Koyalipou,CTA,FW,25,2000,13,7,668,7.4,2,1,3,1,1,1,0,0,0.27,0.13,0.4,0.13,0.27
FRA-Ligue 1,2526,Angers,Haris Belkebla,ALG,MF,31,1994,33,33,2875,31.9,0,0,0,0,0,0,7,0,0.0,0.0,0.0,0.0,0.0
FRA-Ligue 1,2526,Angers,Harouna Djibrin,CMR,MF,18,2006,15,1,336,3.7,2,1,3,2,0,0,2,0,0.54,0.27,0.8,0.54,0.8
FRA-Ligue 1,2526,Angers,Hervé Koffi,BFA,GK,28,1996,30,30,2658,29.5,0,0,0,0,0,0,1,0,0.0,0.0,0.0,0.0,0.0
FRA-Ligue 1,2526,Angers,Himad Abdelli,ALG,MF,25,1999,13,11,943,10.5,2,0,2,0,2,2,1,0,0.19,0.0,0.19,0.0,0.0
FRA-Ligue 1,2526,Angers,Jacques Ekomie,GAB,"DF,MF",21,2003,32,25,2239,24.9,0,0,0,0,0,0,3,0,0.0,0.0,0.0,0.0,0.0
FRA-Ligue 1,2526,Angers,Jim Allevinah,GAB,MF,30,1995,6,0,133,1.5,1,0,1,1,0,0,0,0,0.68,0.0,0.68,0.68,0.68
FRA-Ligue 1,2526,Angers,Jordan Lefort,MTN,DF,31,1993,34,34,3060,34.0,0,2,2,0,0,0,2,0,0.0,0.06,0.06,0.0,0.06
FRA-Ligue 1,2526,Angers,Justin-Noël Kalumba,FRA,"FW,MF",20,2004,4,3,224,2.5,0,0,0,0,0,0,0,0,0.0,0.0,0.0,0.0,0.0
FRA-Ligue 1,2526,Angers,Lanroy Machine,FRA,FW,19,2005,22,3,519,5.8,1,0,1,1,0,0,1,0,0.17,0.0,0.17,0.17,0.17
FRA-Ligue 1,2526,Angers,Lilian Raolisoa,FRA,"MF,DF",25,2000,32,21,1966,21.8,2,4,6,2,0,0,3,0,0.09,0.18,0.27,0.09,0.27
FRA-Ligue 1,2526,Angers,Louis Mouton,FRA,MF,23,2002,32,24,1891,21.0,2,1,3,2,0,0,2,1,0.1,0.05,0.14,0.1,0.14
FRA-Ligue 1,2526,Angers,Marius Courcoul,FRA,MF,18,2007,18,3,374,4.2,0,0,0,0,0,0,0,0,0.0,0.0,0.0,0.0,0.0
FRA-Ligue 1,2526,Angers,Marius Louer,FRA,DF,18,2007,9,6,543,6.0,0,0,0,0,0,0,1,0,0.0,0.0,0.0,0.0,0.0
FRA-Ligue 1,2526,Angers,Melvin Zinga,FRA,GK,23,2002,3,2,222,2.5,0,0,0,0,0,0,0,0,0.0,0.0,0.0,0.0,0.0
FRA-Ligue 1,2526,Angers,Oumar Pona,FRA,GK,19,2006,2,2,180,2.0,0,0,0,0,0,0,1,0,0.0,0.0,0.0,0.0,0.0
FRA-Ligue 1,2526,Angers,Ousmane Camara,MLI,DF,22,2003,32,31,2718,30.2,1,0,1,1,0,0,4,0,0.03,0.0,0.03,0.03,0.03
FRA-Ligue 1,2526,Angers,Pierrick Capelle,FRA,MF,38,1987,16,6,651,7.2,0,1,1,0,0,0,2,0,0.0,0.14,0.14,0.0,0.14
FRA-Ligue 1,2526,Angers,Prosper Peter,NGA,FW,17,2007,29,14,1273,14.1,5,0,5,5,0,0,0,0,0.35,0.0,0.35,0.35,0.35
FRA-Ligue 1,2526,Angers,Sidiki Cherif,FRA,"FW,MF",18,2006,19,14,1157,12.9,4,0,4,4,0,0,3,0,0.31,0.0,0.31,0.31,0.31
FRA-Ligue 1,2526,Angers,Yassin Belkhdim,FRA,MF,23,2002,27,26,2135,23.7,2,2,4,2,0,0,5,0,0.08,0.08,0.17,0.08,0.17
FRA-Ligue 1,2526,Auxerre,Assane Dioussé,SEN,MF,27,1997,15,1,219,2.4,0,0,0,0,0,0,3,0,0.0,0.0,0.0,0.0,0.0
FRA-Ligue 1,2526,Auxerre,Bryan Okoh,SUI,DF,22,2003,13,12,1005,11.2,3,0,3,3,0,0,2,0,0.27,0.0,0.27,0.27,0.27
FRA-Ligue 1,2526,Auxerre,Clément Akpa,CIV,DF,23,2001,26,21,1944,21.6,0,0,0,0,0,0,4,1,0.0,0.0,0.0,0.0,0.0
FRA-Ligue 1,2526,Auxerre,Danny Loader,CMR,"MF,FW",24,2000,30,29,2517,28.0,3,3,6,3,0,0,9,0,0.11,0.11,0.21,0.11,0.21
FRA-Ligue 1,2526,Auxerre,Donovan Léon,GUF,GK,32,1992,29,29,2460,27.3,0,0,0,0,0,0,1,2,0.0,0.0,0.0,0.0,0.0
FRA-Ligue 1,2526,Auxerre,Elisha Owusu,GHA,MF,27,1997,29,27,2344,26.0,0,0,0,0,0,0,7,0,0.0,0.0,0.0,0.0,0.0
FRA-Ligue 1,2526,Auxerre,Francisco Sierralta,CHI,DF,28,1997,10,9,861,9.6,1,0,1,1,0,0,2,0,0.1,0.0,0.1,0.1,0.1
FRA-Ligue 1,2526,Auxerre,Fredrik Oppegard,NOR,"MF,DF",22,2002,23,15,1246,13.8,0,0,0,0,0,0,1,1,0.0,0.0,0.0,0.0,0.0
FRA-Ligue 1,2526,Auxerre,Gabriel Osho,NGA,DF,26,1998,2,2,134,1.5,0,0,0,0,0,0,0,0,0.0,0.0,0.0,0.0,0.0
FRA-Ligue 1,2526,Auxerre,Gideon Mensah,GHA,DF,27,1998,30,26,2327,25.9,0,2,2,0,0,0,8,0,0.0,0.08,0.08,0.0,0.08
FRA-Ligue 1,2526,Auxerre,Ibrahim Osman,GHA,"MF,FW",20,2004,14,7,625,6.9,0,2,2,0,0,0,0,0,0.0,0.29,0.29,0.0,0.29
FRA-Ligue 1,2526,Auxerre,Josué Casimir,HAI,"MF,FW",23,2001,31,16,1522,16.9,1,0,1,1,0,1,6,1,0.06,0.0,0.06,0.06,0.06
FRA-Ligue 1,2526,Auxerre,Kévin Danois,FRA,MF,21,2004,33,32,2830,31.4,3,1,4,3,0,0,3,0,0.1,0.03,0.13,0.1,0.13
FRA-Ligue 1,2526,Auxerre,Lamine Sy,MTN,DF,22,2002,24,17,1536,17.1,0,0,0,0,0,0,1,0,0.0,0.0,0.0,0.0,0.0
FRA-Ligue 1,2526,Auxerre,Lassine Sinayoko,MLI,"FW,MF",25,1999,32,32,2770,30.8,12,4,16,9,3,4,8,0,0.39,0.13,0.52,0.29,0.42
FRA-Ligue 1,2526,Auxerre,Lasso Coulibaly,CIV,MF,22,2002,17,1,321,3.6,0,0,0,0,0,0,1,0,0.0,0.0,0.0,0.0,0.0
FRA-Ligue 1,2526,Auxerre,Mamoudou Cissokho,FRA,FW,17,2007,2,0,2,0.0,0,0,0,0,0,0,0,0,0.0,0.0,0.0,0.0,0.0
FRA-Ligue 1,2526,Auxerre,Marvin Senaya,GHA,"DF,MF",24,2001,25,20,1780,19.8,1,0,1,1,0,0,5,0,0.05,0.0,0.05,0.05,0.05
FRA-Ligue 1,2526,Auxerre,Naouirou Ahamada,FRA,MF,23,2002,15,8,682,7.6,0,1,1,0,0,0,0,0,0.0,0.13,0.13,0.0,0.13
FRA-Ligue 1,2526,Auxerre,Oussama El Azzouzi,MAR,"MF,DF",24,2001,11,10,807,9.0,1,0,1,1,0,0,1,1,0.11,0.0,0.11,0.11,0.11
FRA-Ligue 1,2526,Auxerre,Romain Faivre,FRA,"MF,FW",27,1998,10,7,581,6.5,0,2,2,0,0,0,0,0,0.0,0.31,0.31,0.0,0.31
FRA-Ligue 1,2526,Auxerre,Rudy Matondo,FRA,MF,17,2008,16,6,614,6.8,0,0,0,0,0,0,3,0,0.0,0.0,0.0,0.0,0.0
FRA-Ligue 1,2526,Auxerre,Ryan Rodin,FRA,MF,19,2006,3,0,26,0.3,0,0,0,0,0,0,0,0,0.0,0.0,0.0,0.0,0.0
FRA-Ligue 1,2526,Auxerre,Sekou Mara,FRA,FW,23,2002,27,14,1226,13.6,3,2,5,3,0,0,0,0,0.22,0.15,0.37,0.22,0.37
FRA-Ligue 1,2526,Auxerre,Sinaly Diomande,CIV,DF,24,2001,24,24,2131,23.7,2,2,4,2,0,0,4,1,0.08,0.08,0.17,0.08,0.17
FRA-Ligue 1,2526,Auxerre,Telli Siwe,FRA,DF,20,2004,4,4,315,3.5,0,0,0,0,0,0,0,0,0.0,0.0,0.0,0.0,0.0
FRA-Ligue 1,2526,Auxerre,Theo Bair,CAN,FW,25,1999,2,0,10,0.1,0,0,0,0,0,0,0,0,0.0,0.0,0.0,0.0,0.0
FRA-Ligue 1,2526,Auxerre,Théo De Percin,MTQ,GK,24,2001,8,5,598,6.6,0,0,0,0,0,0,0,0,0.0,0.0,0.0,0.0,0.0
FRA-Ligue 1,2526,Auxerre,Tidiane Devernois,FRA,MF,17,2007,2,0,10,0.1,0,0,0,0,0,0,0,0,0.0,0.0,0.0,0.0,0.0
FRA-Ligue 1,2526,Auxerre,Yvan Zaddy,CIV,MF,19,2006,1,0,1,0.0,0,0,0,0,0,0,0,0,0.0,0.0,0.0,0.0,0.0
FRA-Ligue 1,2526,Brest,Axel Camblan,FRA,FW,21,2003,1,0,12,0.1,0,0,0,0,0,0,0,0,0.0,0.0,0.0,0.0,0.0
FRA-Ligue 1,2526,Brest,Bradley Locko,FRA,DF,23,2002,21,14,1286,14.3,0,2,2,0,0,0,0,0,0.0,0.14,0.14,0.0,0.14
FRA-Ligue 1,2526,Brest,Brendan Chardonnet,FRA,DF,30,1994,29,29,2546,28.3,1,3,4,1,0,0,6,0,0.04,0.11,0.14,0.04,0.14
FRA-Ligue 1,2526,Brest,Daouda Guindo,MLI,DF,22,2002,25,19,1686,18.7,1,1,2,1,0,0,4,1,0.05,0.05,0.11,0.05,0.11
FRA-Ligue 1,2526,Brest,Grégoire Coudert,FRA,GK,26,1999,25,24,2192,24.4,0,0,0,0,0,0,2,0,0.0,0.0,0.0,0.0,0.0
FRA-Ligue 1,2526,Brest,Hamidou Makalou,MLI,MF,19,2006,17,2,341,3.8,0,0,0,0,0,0,0,0,0.0,0.0,0.0,0.0,0.0
FRA-Ligue 1,2526,Brest,Hugo Magnetti,FRA,MF,27,1998,33,31,2688,29.9,1,1,2,1,0,0,4,1,0.03,0.03,0.07,0.03,0.07
FRA-Ligue 1,2526,Brest,Ibrahim Kanté,FRA,MF,18,2007,1,0,9,0.1,0,0,0,0,0,0,0,0,0.0,0.0,0.0,0.0,0.0
FRA-Ligue 1,2526,Brest,Joris Chotard,FRA,MF,23,2001,33,31,2773,30.8,2,1,3,2,0,0,2,0,0.06,0.03,0.1,0.06,0.1
FRA-Ligue 1,2526,Brest,Julien Le Cardinal,FRA,DF,27,1997,5,3,328,3.6,1,0,1,1,0,0,1,0,0.27,0.0,0.27,0.27,0.27
FRA-Ligue 1,2526,Brest,Junior Diaz,CIV,DF,22,2003,20,17,1562,17.4,0,0,0,0,0,0,4,0,0.0,0.0,0.0,0.0,0.0
FRA-Ligue 1,2526,Brest,Junior Dina Ebimbe,CMR,MF,24,2000,27,15,1165,12.9,5,0,5,5,0,0,3,0,0.39,0.0,0.39,0.39,0.39
FRA-Ligue 1,2526,Brest,Justin Bourgault,FRA,FW,19,2005,1,0,16,0.2,0,0,0,0,0,0,0,0,0.0,0.0,0.0,0.0,0.0
FRA-Ligue 1,2526,Brest,Kamory Doumbia,MLI,MF,22,2003,24,22,1750,19.4,5,4,9,5,0,0,6,0,0.26,0.21,0.46,0.26,0.46
FRA-Ligue 1,2526,Brest,Kenny Lala,MAD,DF,33,1991,32,31,2791,31.0,0,3,3,0,0,0,4,0,0.0,0.1,0.1,0.0,0.1
FRA-Ligue 1,2526,Brest,Lucas Tousart,FRA,"MF,DF",28,1997,24,9,834,9.3,1,0,1,1,0,0,0,0,0.11,0.0,0.11,0.11,0.11
FRA-Ligue 1,2526,Brest,Luck Zogbé,CIV,DF,20,2005,9,3,288,3.2,0,0,0,0,0,0,0,0,0.0,0.0,0.0,0.0,0.0
FRA-Ligue 1,2526,Brest,Ludovic Ajorque,FRA,FW,31,1994,32,32,2820,31.3,8,9,17,8,0,0,9,1,0.26,0.29,0.54,0.26,0.54
FRA-Ligue 1,2526,Brest,Mama Samba Baldé,GNB,"FW,MF",29,1995,18,8,716,8.0,2,2,4,2,0,0,0,0,0.25,0.25,0.5,0.25,0.5
FRA-Ligue 1,2526,Brest,Pathé Mboup,SEN,MF,21,2003,28,9,1054,11.7,1,0,1,1,0,0,6,0,0.09,0.0,0.09,0.09,0.09
FRA-Ligue 1,2526,Brest,Pierre Lees-Melou,FRA,MF,32,1993,2,2,180,2.0,0,0,0,0,0,0,0,0,0.0,0.0,0.0,0.0,0.0
FRA-Ligue 1,2526,Brest,Radosław Majecki,POL,GK,25,1999,10,10,864,9.6,0,0,0,0,0,0,0,1,0.0,0.0,0.0,0.0,0.0
FRA-Ligue 1,2526,Brest,Raphael Le Guen,FRA,DF,18,2006,6,4,375,4.2,0,0,0,0,0,0,0,0,0.0,0.0,0.0,0.0,0.0
FRA-Ligue 1,2526,Brest,Romain Del Castillo,FRA,"MF,FW",29,1996,32,32,2625,29.2,9,3,12,3,6,8,2,1,0.31,0.1,0.41,0.1,0.21
FRA-Ligue 1,2526,Brest,Rémy Labeau Lascary,GLP,"MF,FW",22,2003,27,12,1200,13.3,5,1,6,5,0,0,2,0,0.37,0.07,0.45,0.37,0.45
FRA-Ligue 1,2526,Brest,Soumaïla Coulibaly,FRA,DF,21,2003,16,15,1338,14.9,0,0,0,0,0,0,3,0,0.0,0.0,0.0,0.0,0.0
FRA-Ligue 1,2526,Brest,Sérigné Diop,SEN,FW,20,2005,2,0,12,0.1,0,0,0,0,0,0,0,0,0.0,0.0,0.0,0.0,0.0
FRA-Ligue 1,2526,Le Havre,Abdoulaye Touré,GUI,MF,31,1994,11,8,740,8.2,2,0,2,2,0,1,2,0,0.24,0.0,0.24,0.24,0.24
FRA-Ligue 1,2526,Le Havre,Arouna Sangante,SEN,DF,23,2002,28,28,2324,25.8,1,1,2,1,0,0,4,2,0.04,0.04,0.08,0.04,0.08
FRA-Ligue 1,2526,Le Havre,Ayumu Seko,JPN,"MF,DF",25,2000,30,29,2625,29.2,0,0,0,0,0,0,6,0,0.0,0.0,0.0,0.0,0.0
FRA-Ligue 1,2526,Le Havre,Damián Pizarro,CHI,FW,20,2005,2,0,28,0.3,0,0,0,0,0,0,0,0,0.0,0.0,0.0,0.0,0.0
FRA-Ligue 1,2526,Le Havre,Daren Mosengo,FRA,MF,18,2006,7,0,108,1.2,0,0,0,0,0,0,0,0,0.0,0.0,0.0,0.0,0.0
FRA-Ligue 1,2526,Le Havre,Enzo Koffi Vinette,FRA,DF,19,2006,14,4,385,4.3,0,0,0,0,0,0,2,0,0.0,0.0,0.0,0.0,0.0
FRA-Ligue 1,2526,Le Havre,Etienne Youte Kinkoue,FRA,"DF,MF",23,2002,9,4,419,4.7,0,0,0,0,0,0,2,0,0.0,0.0,0.0,0.0,0.0
FRA-Ligue 1,2526,Le Havre,Felix Mambimbi,SUI,"FW,MF",24,2001,17,7,530,5.9,1,0,1,1,0,0,1,0,0.17,0.0,0.17,0.17,0.17
FRA-Ligue 1,2526,Le Havre,Fodé Doucouré,MLI,"MF,FW",24,2001,26,15,1239,13.8,3,1,4,3,0,0,2,0,0.22,0.07,0.29,0.22,0.29
FRA-Ligue 1,2526,Le Havre,Gautier Lloris,FRA,DF,30,1995,29,28,2398,26.6,1,1,2,1,0,0,2,1,0.04,0.04,0.08,0.04,0.08
FRA-Ligue 1,2526,Le Havre,Georges Gomis,SEN,DF,17,2008,1,0,1,0.0,0,0,0,0,0,0,0,0,0.0,0.0,0.0,0.0,0.0
FRA-Ligue 1,2526,Le Havre,Godson Kyeremeh,FRA,FW,25,2000,13,3,381,4.2,1,1,2,1,0,0,0,0,0.24,0.24,0.47,0.24,0.47
FRA-Ligue 1,2526,Le Havre,Issa Soumaré,SEN,"FW,MF",24,2000,34,33,2948,32.8,8,5,13,7,1,3,3,0,0.24,0.15,0.4,0.21,0.37
FRA-Ligue 1,2526,Le Havre,Kenny Quetant,FRA,FW,19,2006,9,4,372,4.1,1,0,1,1,0,0,1,0,0.24,0.0,0.24,0.24,0.24
FRA-Ligue 1,2526,Le Havre,Lionel Mpasi,COD,GK,30,1994,4,3,315,3.5,0,0,0,0,0,0,1,0,0.0,0.0,0.0,0.0,0.0
FRA-Ligue 1,2526,Le Havre,Loïc Nego,HUN,"DF,MF",34,1991,30,26,2339,26.0,0,0,0,0,0,0,3,0,0.0,0.0,0.0,0.0,0.0
FRA-Ligue 1,2526,Le Havre,Lucas Gourna-Douath,FRA,MF,21,2003,15,14,1272,14.1,0,0,0,0,0,0,5,0,0.0,0.0,0.0,0.0,0.0
FRA-Ligue 1,2526,Le Havre,Mbwana Samatta,TAN,FW,32,1992,27,17,1542,17.1,2,1,3,2,0,0,4,0,0.12,0.06,0.18,0.12,0.18
FRA-Ligue 1,2526,Le Havre,Mory Diaw,SEN,GK,32,1993,30,30,2655,29.5,0,1,1,0,0,0,1,0,0.0,0.03,0.03,0.0,0.03
FRA-Ligue 1,2526,Le Havre,Noam Obougou Jacquet,FRA,FW,19,2006,5,0,104,1.2,1,0,1,1,0,0,0,0,0.87,0.0,0.87,0.87,0.87
FRA-Ligue 1,2526,Le Havre,Paul Argney,FRA,GK,19,2006,1,1,90,1.0,0,0,0,0,0,0,0,0,0.0,0.0,0.0,0.0,0.0
FRA-Ligue 1,2526,Le Havre,Rassoul Ndiaye,SEN,MF,23,2001,33,30,2566,28.5,4,4,8,4,0,0,2,0,0.14,0.14,0.28,0.14,0.28
FRA-Ligue 1,2526,Le Havre,Reda Khadra,GER,FW,24,2001,8,1,229,2.5,0,0,0,0,0,0,0,0,0.0,0.0,0.0,0.0,0.0
FRA-Ligue 1,2526,Le Havre,Simon Ebonog,CMR,MF,20,2004,30,21,1759,19.5,1,0,1,1,0,0,8,0,0.05,0.0,0.05,0.05,0.05
FRA-Ligue 1,2526,Le Havre,Sofiane Boufal,MAR,"MF,FW",31,1993,17,13,1019,11.3,1,4,5,1,0,1,2,0,0.09,0.35,0.44,0.09,0.44
FRA-Ligue 1,2526,Le Havre,Stephan Zagadou,FRA,DF,16,2008,8,6,495,5.5,1,0,1,1,0,0,0,1,0.18,0.0,0.18,0.18,0.18
FRA-Ligue 1,2526,Le Havre,Thomas Delaine,FRA,"MF,DF",33,1992,5,2,201,2.2,0,0,0,0,0,0,1,0,0.0,0.0,0.0,0.0,0.0
FRA-Ligue 1,2526,Le Havre,Timothee Pembele,FRA,"MF,DF",22,2002,14,2,381,4.2,0,0,0,0,0,0,1,0,0.0,0.0,0.0,0.0,0.0
FRA-Ligue 1,2526,Le Havre,Yanis Zouaoui,ALG,"DF,MF",27,1998,30,28,2338,26.0,1,1,2,0,1,1,7,0,0.04,0.04,0.08,0.0,0.04
FRA-Ligue 1,2526,Le Havre,Yassine Kechta,MAR,MF,23,2002,30,14,1332,14.8,2,1,3,2,0,0,3,0,0.14,0.07,0.2,0.14,0.2
FRA-Ligue 1,2526,Le Havre,Younes Namli,DEN,"FW,MF",31,1994,12,3,327,3.6,0,1,1,0,0,0,2,0,0.0,0.28,0.28,0.0,0.28
FRA-Ligue 1,2526,Lens,Abdallah Sima,SEN,"MF,FW",24,2001,21,6,718,8.0,2,2,4,2,0,0,3,0,0.25,0.25,0.5,0.25,0.5
FRA-Ligue 1,2526,Lens,Adrien Thomasson,FRA,MF,31,1993,32,31,2683,29.8,3,9,12,3,0,0,11,0,0.1,0.3,0.4,0.1,0.4
FRA-Ligue 1,2526,Lens,Allan Saint-Maximin,FRA,MF,28,1997,10,2,410,4.6,3,3,6,3,0,0,0,0,0.66,0.66,1.32,0.66,1.32
FRA-Ligue 1,2526,Lens,Amadou Haidara,MLI,MF,27,1998,7,2,259,2.9,1,1,2,1,0,0,0,0,0.35,0.35,0.69,0.35,0.69
FRA-Ligue 1,2526,Lens,Andrija Bulatović,MNE,MF,18,2006,19,6,762,8.5,0,4,4,0,0,0,2,0,0.0,0.47,0.47,0.0,0.47
FRA-Ligue 1,2526,Lens,Andy Diouf,FRA,MF,22,2003,1,1,90,1.0,0,0,0,0,0,0,0,0,0.0,0.0,0.0,0.0,0.0
FRA-Ligue 1,2526,Lens,Anthony Bermont,FRA,FW,20,2005,10,0,104,1.2,0,0,0,0,0,0,0,0,0.0,0.0,0.0,0.0,0.0
FRA-Ligue 1,2526,Lens,Arthur Masuaku,COD,"DF,MF",31,1993,4,3,227,2.5,0,0,0,0,0,0,1,0,0.0,0.0,0.0,0.0,0.0
FRA-Ligue 1,2526,Lens,Deiver Machado,COL,MF,31,1993,5,4,273,3.0,0,0,0,0,0,0,1,0,0.0,0.0,0.0,0.0,0.0
FRA-Ligue 1,2526,Lens,Erawan Garnier,THA,DF,19,2006,1,0,7,0.1,0,0,0,0,0,0,0,0,0.0,0.0,0.0,0.0,0.0
FRA-Ligue 1,2526,Lens,Florian Sotoca,FRA,"MF,FW",34,1990,26,4,507,5.6,1,0,1,1,0,0,1,0,0.18,0.0,0.18,0.18,0.18
FRA-Ligue 1,2526,Lens,Florian Thauvin,FRA,MF,32,1993,33,29,2443,27.1,11,6,17,9,2,3,6,0,0.41,0.22,0.63,0.33,0.55
FRA-Ligue 1,2526,Lens,Fodé Sylla,FRA,MF,19,2006,4,1,99,1.1,0,0,0,0,0,0,0,0,0.0,0.0,0.0,0.0,0.0
FRA-Ligue 1,2526,Lens,Ismaëlo Ganiou,FRA,DF,20,2005,23,22,2014,22.4,3,0,3,3,0,0,4,1,0.13,0.0,0.13,0.13,0.13
FRA-Ligue 1,2526,Lens,Jonathan Gradit,FRA,DF,32,1992,10,10,807,9.0,0,0,0,0,0,0,2,1,0.0,0.0,0.0,0.0,0.0
FRA-Ligue 1,2526,Lens,Kyllian Antonio,FRA,DF,17,2008,4,2,190,2.1,0,1,1,0,0,0,1,0,0.0,0.47,0.47,0.0,0.47
FRA-Ligue 1,2526,Lens,Malang Sarr,FRA,DF,26,1999,33,33,2925,32.5,0,1,1,0,0,0,4,0,0.0,0.03,0.03,0.0,0.03
FRA-Ligue 1,2526,Lens,Mamadou Sangare,MLI,MF,23,2002,29,27,2323,25.8,3,4,7,3,0,0,5,0,0.12,0.15,0.27,0.12,0.27
FRA-Ligue 1,2526,Lens,Mathieu Gorgelin,FRA,GK,34,1990,1,1,90,1.0,0,0,0,0,0,0,0,0,0.0,0.0,0.0,0.0,0.0
FRA-Ligue 1,2526,Lens,Matthieu Udol,FRA,"MF,DF",29,1996,34,33,3002,33.4,1,7,8,1,0,0,2,0,0.03,0.21,0.24,0.03,0.24
FRA-Ligue 1,2526,Lens,Mezian Soares,POR,MF,15,2009,1,0,12,0.1,1,0,1,1,0,0,0,0,7.5,0.0,7.5,7.5,7.5
FRA-Ligue 1,2526,Lens,Morgan Guilavogui,GUI,MF,27,1998,16,3,491,5.5,1,0,1,1,0,0,3,1,0.18,0.0,0.18,0.18,0.18
FRA-Ligue 1,2526,Lens,Nidal Čelik,BIH,DF,19,2006,8,8,616,6.8,0,0,0,0,0,0,2,0,0.0,0.0,0.0,0.0,0.0
FRA-Ligue 1,2526,Lens,Odsonne Édouard,FRA,FW,27,1998,29,26,1796,20.0,12,3,15,11,1,1,2,0,0.6,0.15,0.75,0.55,0.7
FRA-Ligue 1,2526,Lens,Rayan Fofana,FRA,"FW,MF",19,2006,25,7,798,8.9,5,0,5,5,0,0,0,0,0.56,0.0,0.56,0.56,0.56
FRA-Ligue 1,2526,Lens,Robin Risser,FRA,GK,20,2004,33,33,2970,33.0,0,1,1,0,0,0,2,0,0.0,0.03,0.03,0.0,0.03
FRA-Ligue 1,2526,Lens,Ruben Aguilar,FRA,MF,32,1993,26,20,1720,19.1,2,2,4,2,0,0,6,1,0.1,0.1,0.21,0.1,0.21
FRA-Ligue 1,2526,Lens,Samson Baidoo,AUT,DF,21,2004,23,20,1827,20.3,2,1,3,2,0,0,2,0,0.1,0.05,0.15,0.1,0.15
FRA-Ligue 1,2526,Lens,Saud Abdulhamid,KSA,MF,26,1999,25,14,1352,15.0,2,4,6,2,0,0,4,1,0.13,0.27,0.4,0.13,0.4
FRA-Ligue 1,2526,Lens,Wesley Saïd,FRA,MF,30,1995,29,26,1991,22.1,12,2,14,11,1,1,2,0,0.54,0.09,0.63,0.5,0.59
FRA-Ligue 1,2526,Lille,Alexsandro Ribeiro,BRA,DF,25,1999,9,7,509,5.7,0,0,0,0,0,0,0,1,0.0,0.0,0.0,0.0,0.0
FRA-Ligue 1,2526,Lille,André Gomes,POR,MF,32,1993,2,0,8,0.1,0,0,0,0,0,0,0,0,0.0,0.0,0.0,0.0,0.0
FRA-Ligue 1,2526,Lille,Arnaud Bodart,BEL,GK,27,1998,3,2,226,2.5,0,0,0,0,0,0,0,0,0.0,0.0,0.0,0.0,0.0
FRA-Ligue 1,2526,Lille,Ayyoub Bouaddi,MAR,MF,17,2007,30,28,2321,25.8,0,1,1,0,0,0,7,1,0.0,0.04,0.04,0.0,0.04
FRA-Ligue 1,2526,Lille,Aïssa Mandi,ALG,DF,33,1991,29,28,2424,26.9,1,0,1,1,0,0,8,0,0.04,0.0,0.04,0.04,0.04
FRA-Ligue 1,2526,Lille,Benjamin André,FRA,MF,34,1990,27,26,2332,25.9,2,2,4,2,0,0,9,0,0.08,0.08,0.15,0.08,0.15
FRA-Ligue 1,2526,Lille,Berke Özer,TUR,GK,25,2000,32,32,2834,31.5,0,1,1,0,0,0,5,0,0.0,0.03,0.03,0.0,0.03
FRA-Ligue 1,2526,Lille,Calvin Verdonk,IDN,DF,28,1997,18,7,790,8.8,0,0,0,0,0,0,3,1,0.0,0.0,0.0,0.0,0.0
FRA-Ligue 1,2526,Lille,Chancel Mbemba,COD,DF,30,1994,13,9,954,10.6,0,0,0,0,0,0,3,0,0.0,0.0,0.0,0.0,0.0
FRA-Ligue 1,2526,Lille,Ethan Mbappé,FRA,"MF,FW",18,2006,18,4,567,6.3,3,1,4,3,0,0,1,0,0.48,0.16,0.63,0.48,0.63
FRA-Ligue 1,2526,Lille,Félix Correia,POR,MF,24,2001,34,26,2053,22.8,4,5,9,4,0,0,2,0,0.18,0.22,0.39,0.18,0.39
FRA-Ligue 1,2526,Lille,Gaëtan Perrin,FRA,"MF,FW",29,1996,12,3,338,3.8,1,0,1,1,0,0,2,0,0.27,0.0,0.27,0.27,0.27
FRA-Ligue 1,2526,Lille,Hamza Igamane,MAR,FW,22,2002,13,4,432,4.8,5,1,6,5,0,0,2,0,1.04,0.21,1.25,1.04,1.25
FRA-Ligue 1,2526,Lille,Hákon Haraldsson,ISL,MF,22,2003,32,29,2460,27.3,8,2,10,8,0,0,6,0,0.29,0.07,0.37,0.29,0.37
FRA-Ligue 1,2526,Lille,Marius Broholm,NOR,MF,20,2004,11,3,279,3.1,1,1,2,0,1,1,0,0,0.32,0.32,0.65,0.0,0.32
FRA-Ligue 1,2526,Lille,Matias Fernandez-Pardo,BEL,"FW,MF",20,2005,29,27,2370,26.3,8,5,13,6,2,2,5,0,0.3,0.19,0.49,0.23,0.42
FRA-Ligue 1,2526,Lille,Maxima Goffi,FRA,DF,17,2008,1,0,39,0.4,0,0,0,0,0,0,0,0,0.0,0.0,0.0,0.0,0.0
FRA-Ligue 1,2526,Lille,Nabil Bentaleb,ALG,MF,30,1994,26,13,1287,14.3,2,2,4,1,1,1,3,0,0.14,0.14,0.28,0.07,0.21
FRA-Ligue 1,2526,Lille,Nathan Ngoy,BEL,DF,22,2003,29,27,2405,26.7,1,2,3,1,0,0,10,1,0.04,0.07,0.11,0.04,0.11
FRA-Ligue 1,2526,Lille,Ngal'Ayel Mukau,COD,MF,20,2004,30,19,1534,17.0,1,0,1,1,0,0,3,0,0.06,0.0,0.06,0.06,0.06
FRA-Ligue 1,2526,Lille,Noah Edjouma,FRA,MF,19,2005,3,1,92,1.0,0,0,0,0,0,0,0,0,0.0,0.0,0.0,0.0,0.0
FRA-Ligue 1,2526,Lille,Olivier Giroud,FRA,FW,38,1986,30,17,1609,17.9,7,1,8,4,3,4,2,0,0.39,0.06,0.45,0.22,0.28
FRA-Ligue 1,2526,Lille,Osame Sahraoui,MAR,MF,24,2001,18,4,505,5.6,1,2,3,1,0,0,0,0,0.18,0.36,0.53,0.18,0.53
FRA-Ligue 1,2526,Lille,Ousmane Toure,FRA,DF,20,2005,1,1,51,0.6,0,0,0,0,0,0,0,0,0.0,0.0,0.0,0.0,0.0
FRA-Ligue 1,2526,Lille,Romain Perraud,FRA,DF,27,1997,30,27,2241,24.9,3,4,7,3,0,0,4,1,0.12,0.16,0.28,0.12,0.28
FRA-Ligue 1,2526,Lille,Soriba Diaoune,FRA,MF,17,2007,10,1,185,2.1,1,1,2,1,0,0,0,0,0.49,0.49,0.97,0.49,0.97
FRA-Ligue 1,2526,Lille,Thomas Meunier,BEL,DF,33,1991,25,21,1909,21.2,2,2,4,2,0,0,3,0,0.09,0.09,0.19,0.09,0.19
FRA-Ligue 1,2526,Lille,Tiago Santos,POR,DF,23,2002,15,8,709,7.9,0,0,0,0,0,0,0,0,0.0,0.0,0.0,0.0,0.0
FRA-Ligue 1,2526,Lille,Ugo Raghouber,FRA,MF,22,2003,1,0,3,0.0,0,0,0,0,0,0,0,0,0.0,0.0,0.0,0.0,0.0
FRA-Ligue 1,2526,Lille,Vincent Burlet,BEL,DF,19,2005,1,0,19,0.2,0,0,0,0,0,0,0,0,0.0,0.0,0.0,0.0,0.0
FRA-Ligue 1,2526,Lorient,Abdoulaye Faye,SEN,DF,20,2004,17,16,1444,16.0,0,0,0,0,0,0,8,0,0.0,0.0,0.0,0.0,0.0
FRA-Ligue 1,2526,Lorient,Arsène Kouassi,BFA,MF,20,2004,31,30,2605,28.9,2,6,8,2,0,0,4,0,0.07,0.21,0.28,0.07,0.28
FRA-Ligue 1,2526,Lorient,Arthur Avom,CMR,MF,20,2004,31,22,2119,23.5,2,1,3,2,0,0,3,0,0.08,0.04,0.13,0.08,0.13
FRA-Ligue 1,2526,Lorient,Bamba Dieng,SEN,FW,25,2000,22,15,1212,13.5,10,1,11,9,1,2,2,0,0.74,0.07,0.82,0.67,0.74
FRA-Ligue 1,2526,Lorient,Bamo Meïté,CIV,DF,23,2001,25,22,1979,22.0,0,3,3,0,0,0,5,0,0.0,0.14,0.14,0.0,0.14
FRA-Ligue 1,2526,Lorient,Bingourou Kamara,SEN,GK,28,1996,3,3,270,3.0,0,0,0,0,0,0,0,0,0.0,0.0,0.0,0.0,0.0
FRA-Ligue 1,2526,Lorient,Daniel Xavier Semedo,FRA,MF,21,2003,1,0,11,0.1,0,0,0,0,0,0,0,0,0.0,0.0,0.0,0.0,0.0
FRA-Ligue 1,2526,Lorient,Darlin Yongwa,CMR,"DF,MF",24,2000,23,14,1312,14.6,0,1,1,0,0,0,4,1,0.0,0.07,0.07,0.0,0.07
FRA-Ligue 1,2526,Lorient,Dermane Karim,TOG,MF,21,2003,30,15,1365,15.2,1,2,3,1,0,0,3,0,0.07,0.13,0.2,0.07,0.2
FRA-Ligue 1,2526,Lorient,Formose Mendy,SEN,DF,24,2001,2,2,135,1.5,0,0,0,0,0,0,1,0,0.0,0.0,0.0,0.0,0.0
FRA-Ligue 1,2526,Lorient,Igor Carioca,BRA,DF,28,1996,17,13,1213,13.5,1,0,1,1,0,0,1,0,0.07,0.0,0.07,0.07,0.07
FRA-Ligue 1,2526,Lorient,Jean-Victor Makengo,FRA,MF,27,1998,31,23,1800,20.0,4,2,6,4,0,0,2,0,0.2,0.1,0.3,0.2,0.3
FRA-Ligue 1,2526,Lorient,Joel Mvuka,NOR,"MF,DF",22,2002,15,5,560,6.2,0,0,0,0,0,0,0,0,0.0,0.0,0.0,0.0,0.0
FRA-Ligue 1,2526,Lorient,Laurent Abergel,FRA,MF,32,1993,28,27,2318,25.8,1,0,1,1,0,0,7,0,0.04,0.0,0.04,0.04,0.04
FRA-Ligue 1,2526,Lorient,Martin Nogoto Bley,BFA,MF,19,2006,1,0,1,0.0,0,0,0,0,0,0,0,0,0.0,0.0,0.0,0.0,0.0
FRA-Ligue 1,2526,Lorient,Mohamed Bamba,CIV,FW,23,2001,18,7,682,7.6,1,2,3,1,0,1,3,0,0.13,0.26,0.4,0.13,0.4
FRA-Ligue 1,2526,Lorient,Montassar Talbi,TUN,DF,27,1998,29,29,2610,29.0,0,1,1,0,0,0,3,0,0.0,0.03,0.03,0.0,0.03
FRA-Ligue 1,2526,Lorient,Nathaniel Adjei,GHA,DF,22,2002,15,9,835,9.3,0,0,0,0,0,0,0,0,0.0,0.0,0.0,0.0,0.0
FRA-Ligue 1,2526,Lorient,Noah Cadiou,GLP,MF,26,1998,28,20,1879,20.9,3,1,4,3,0,0,2,0,0.14,0.05,0.19,0.14,0.19
FRA-Ligue 1,2526,Lorient,Pablo Pagis,FRA,"MF,FW",22,2002,28,22,1756,19.5,10,5,15,8,2,2,1,0,0.51,0.26,0.77,0.41,0.67
FRA-Ligue 1,2526,Lorient,Panos Katseris,GRE,"MF,DF",24,2001,16,8,747,8.3,1,2,3,1,0,0,3,0,0.12,0.24,0.36,0.12,0.36
FRA-Ligue 1,2526,Lorient,Sambou Soumano,SEN,FW,24,2001,31,8,941,10.5,4,2,6,4,0,1,2,0,0.38,0.19,0.57,0.38,0.57
FRA-Ligue 1,2526,Lorient,Souleymane Touré,FRA,DF,22,2003,1,0,29,0.3,0,0,0,0,0,0,0,0,0.0,0.0,0.0,0.0,0.0
FRA-Ligue 1,2526,Lorient,Théo Le Bris,FRA,MF,22,2002,28,22,1893,21.0,2,2,4,2,0,0,0,0,0.1,0.1,0.19,0.1,0.19
FRA-Ligue 1,2526,Lorient,Tosin Aiyegun,BEN,"FW,MF",27,1998,27,11,1073,11.9,5,0,5,5,0,1,1,0,0.42,0.0,0.42,0.42,0.42
FRA-Ligue 1,2526,Lorient,Yvon Mvogo,SUI,GK,31,1994,31,31,2790,31.0,0,0,0,0,0,0,0,0,0.0,0.0,0.0,0.0,0.0
FRA-Ligue 1,2526,Lyon,Abner,BRA,"DF,MF",25,2000,26,25,2150,23.9,3,2,5,3,0,0,4,1,0.13,0.08,0.21,0.13,0.21
FRA-Ligue 1,2526,Lyon,Adam Karabec,CZE,"MF,FW",22,2003,21,11,922,10.2,1,0,1,1,0,0,3,0,0.1,0.0,0.1,0.1,0.1
FRA-Ligue 1,2526,Lyon,Adil Hamdani,FRA,MF,16,2009,4,0,27,0.3,0,0,0,0,0,0,0,0,0.0,0.0,0.0,0.0,0.0
FRA-Ligue 1,2526,Lyon,Afonso Moreira,POR,"MF,FW",20,2005,27,18,1722,19.1,4,7,11,4,0,0,3,0,0.21,0.37,0.57,0.21,0.57
FRA-Ligue 1,2526,Lyon,Ainsley Maitland-Niles,ENG,"DF,MF",27,1997,30,28,2483,27.6,1,4,5,1,0,1,7,1,0.04,0.14,0.18,0.04,0.18
FRA-Ligue 1,2526,Lyon,Clinton Mata,ANG,DF,32,1992,32,32,2833,31.5,0,0,0,0,0,0,5,0,0.0,0.0,0.0,0.0,0.0
FRA-Ligue 1,2526,Lyon,Corentin Tolisso,FRA,MF,30,1994,30,26,2302,25.6,11,4,15,9,2,3,4,0,0.43,0.16,0.59,0.35,0.51
FRA-Ligue 1,2526,Lyon,Dominik Greif,SVK,GK,28,1997,29,29,2610,29.0,0,1,1,0,0,0,1,0,0.0,0.03,0.03,0.0,0.03
FRA-Ligue 1,2526,Lyon,Endrick,BRA,"FW,MF",19,2006,16,14,1215,13.5,5,7,12,4,1,1,4,1,0.37,0.52,0.89,0.3,0.81
FRA-Ligue 1,2526,Lyon,Enzo Molebe,FRA,FW,17,2007,1,0,10,0.1,0,0,0,0,0,0,0,0,0.0,0.0,0.0,0.0,0.0
FRA-Ligue 1,2526,Lyon,Ernest Nuamah,GHA,"FW,MF",21,2003,3,0,35,0.4,0,0,0,0,0,0,0,0,0.0,0.0,0.0,0.0,0.0
FRA-Ligue 1,2526,Lyon,Georges Mikautadze,GEO,FW,24,2000,2,2,179,2.0,1,0,1,1,0,0,0,0,0.5,0.0,0.5,0.5,0.5
FRA-Ligue 1,2526,Lyon,Hans Hateboer,NED,"DF,MF",31,1994,15,8,740,8.2,0,0,0,0,0,0,0,1,0.0,0.0,0.0,0.0,0.0
FRA-Ligue 1,2526,Lyon,Khalis Merah,FRA,"MF,FW",18,2007,22,15,1130,12.6,0,1,1,0,0,0,2,0,0.0,0.08,0.08,0.0,0.08
FRA-Ligue 1,2526,Lyon,Malick Fofana,BEL,"MF,FW",20,2005,12,9,749,8.3,2,1,3,2,0,0,1,0,0.24,0.12,0.36,0.24,0.36
FRA-Ligue 1,2526,Lyon,Martin Satriano,URU,FW,24,2001,11,8,692,7.7,2,1,3,2,0,0,1,0,0.26,0.13,0.39,0.26,0.39
FRA-Ligue 1,2526,Lyon,Mathys De Carvalho,FRA,MF,20,2005,11,3,295,3.3,0,0,0,0,0,0,1,0,0.0,0.0,0.0,0.0,0.0
FRA-Ligue 1,2526,Lyon,Moussa Niakhaté,SEN,DF,29,1996,32,30,2759,30.7,0,2,2,0,0,0,3,0,0.0,0.07,0.07,0.0,0.07
FRA-Ligue 1,2526,Lyon,Nicolás Tagliafico,ARG,DF,32,1992,20,14,1310,14.6,0,3,3,0,0,0,5,2,0.0,0.21,0.21,0.0,0.21
FRA-Ligue 1,2526,Lyon,Noah Nartey,DEN,"MF,FW",19,2005,11,5,545,6.1,2,0,2,2,0,0,0,0,0.33,0.0,0.33,0.33,0.33
FRA-Ligue 1,2526,Lyon,Noham Kamara,FRA,DF,18,2007,2,0,7,0.1,0,0,0,0,0,0,0,0,0.0,0.0,0.0,0.0,0.0
FRA-Ligue 1,2526,Lyon,Orel Mangala,BEL,MF,27,1998,9,5,414,4.6,0,0,0,0,0,0,0,0,0.0,0.0,0.0,0.0,0.0
FRA-Ligue 1,2526,Lyon,Pavel Šulc,CZE,"FW,MF",24,2000,27,17,1566,17.4,11,3,14,11,0,0,3,0,0.63,0.17,0.8,0.63,0.8
FRA-Ligue 1,2526,Lyon,Rachid Ghezzal,ALG,"MF,FW",33,1992,10,2,225,2.5,0,0,0,0,0,0,0,0,0.0,0.0,0.0,0.0,0.0
FRA-Ligue 1,2526,Lyon,Roman Yaremchuk,UKR,FW,29,1995,11,5,561,6.2,4,1,5,4,0,0,1,0,0.64,0.16,0.8,0.64,0.8
FRA-Ligue 1,2526,Lyon,Ruben Kluivert,NED,DF,24,2001,16,9,772,8.6,1,2,3,1,0,0,4,0,0.12,0.23,0.35,0.12,0.35
FRA-Ligue 1,2526,Lyon,Rémi Himbert,FRA,FW,17,2008,6,1,131,1.5,1,0,1,1,0,0,0,0,0.69,0.0,0.69,0.69,0.69
FRA-Ligue 1,2526,Lyon,Rémy Descamps,FRA,GK,29,1996,5,5,450,5.0,0,0,0,0,0,0,0,0,0.0,0.0,0.0,0.0,0.0
FRA-Ligue 1,2526,Lyon,Sael Kumbedi,FRA,DF,20,2005,1,1,65,0.7,0,0,0,0,0,0,1,0,0.0,0.0,0.0,0.0,0.0
FRA-Ligue 1,2526,Lyon,Steeve Kango,FRA,DF,18,2006,4,1,80,0.9,0,0,0,0,0,0,0,0,0.0,0.0,0.0,0.0,0.0
FRA-Ligue 1,2526,Lyon,Tanner Tessmann,USA,MF,23,2001,29,22,1953,21.7,1,0,1,1,0,0,2,0,0.05,0.0,0.05,0.05,0.05
FRA-Ligue 1,2526,Lyon,Tyler Morton,ENG,MF,22,2002,29,29,2517,28.0,2,2,4,2,0,0,6,1,0.07,0.07,0.14,0.07,0.14
FRA-Ligue 1,2526,Marseille,Adrien Rabiot,FRA,MF,30,1995,1,1,90,1.0,0,0,0,0,0,0,1,0,0.0,0.0,0.0,0.0,0.0
FRA-Ligue 1,2526,Marseille,Amine Gouiri,ALG,"FW,MF",25,2000,22,15,1326,14.7,8,3,11,8,0,0,1,0,0.54,0.2,0.75,0.54,0.75
FRA-Ligue 1,2526,Marseille,Angel Gomes,ENG,MF,24,2000,14,12,888,9.9,3,0,3,3,0,0,4,0,0.3,0.0,0.3,0.3,0.3
FRA-Ligue 1,2526,Marseille,Arthur Vermeeren,BEL,MF,20,2005,20,10,828,9.2,0,1,1,0,0,0,1,1,0.0,0.11,0.11,0.0,0.11
FRA-Ligue 1,2526,Marseille,Benjamin Pavard,FRA,DF,29,1996,27,22,1928,21.4,1,2,3,1,0,0,6,0,0.05,0.09,0.14,0.05,0.14
FRA-Ligue 1,2526,Marseille,Bilal Nadir,MAR,MF,21,2003,20,5,598,6.6,0,4,4,0,0,0,6,1,0.0,0.6,0.6,0.0,0.6
FRA-Ligue 1,2526,Marseille,CJ Egan-Riley,ENG,"DF,MF",22,2003,11,8,624,6.9,0,0,0,0,0,0,1,1,0.0,0.0,0.0,0.0,0.0
FRA-Ligue 1,2526,Marseille,Darryl Bakola,FRA,MF,17,2007,8,0,75,0.8,0,0,0,0,0,0,0,0,0.0,0.0,0.0,0.0,0.0
FRA-Ligue 1,2526,Marseille,Derek Cornelius,CAN,"DF,FW",27,1997,2,0,58,0.6,0,0,0,0,0,0,0,0,0.0,0.0,0.0,0.0,0.0
FRA-Ligue 1,2526,Marseille,Emerson Palmieri,ITA,"DF,MF",30,1994,28,23,2114,23.5,0,3,3,0,0,0,3,0,0.0,0.13,0.13,0.0,0.13
FRA-Ligue 1,2526,Marseille,Emmanuel Lago,CIV,FW,20,2004,2,0,49,0.5,0,0,0,0,0,0,1,0,0.0,0.0,0.0,0.0,0.0
FRA-Ligue 1,2526,Marseille,Ethan Nwaneri,ENG,MF,18,2007,9,3,324,3.6,2,1,3,2,0,0,1,0,0.56,0.28,0.83,0.56,0.83
FRA-Ligue 1,2526,Marseille,Facundo Medina,ARG,DF,26,1999,17,16,1365,15.2,0,1,1,0,0,0,7,0,0.0,0.07,0.07,0.0,0.07
FRA-Ligue 1,2526,Marseille,Geoffrey Kondogbia,CTA,"MF,DF",32,1993,10,9,587,6.5,0,0,0,0,0,0,3,0,0.0,0.0,0.0,0.0,0.0
FRA-Ligue 1,2526,Marseille,Gerónimo Rulli,ARG,GK,33,1992,29,29,2610,29.0,0,0,0,0,0,0,3,0,0.0,0.0,0.0,0.0,0.0
FRA-Ligue 1,2526,Marseille,Hamed Junior Traorè,CIV,MF,25,2000,13,7,619,6.9,2,1,3,2,0,0,1,0,0.29,0.15,0.44,0.29,0.44
FRA-Ligue 1,2526,Marseille,Hilan Hamzaoui,FRA,DF,19,2006,1,0,3,0.0,0,0,0,0,0,0,0,0,0.0,0.0,0.0,0.0,0.0
FRA-Ligue 1,2526,Marseille,Himad Abdelli,ALG,MF,25,1999,8,1,138,1.5,0,0,0,0,0,0,1,0,0.0,0.0,0.0,0.0,0.0
FRA-Ligue 1,2526,Marseille,Igor Paixão,BRA,MF,25,2000,30,22,1975,21.9,6,5,11,6,0,0,3,0,0.27,0.23,0.5,0.27,0.5
FRA-Ligue 1,2526,Marseille,Jeffrey De Lange,NED,GK,27,1998,5,5,450,5.0,0,0,0,0,0,0,0,0,0.0,0.0,0.0,0.0,0.0
FRA-Ligue 1,2526,Marseille,Jonathan Rowe,ENG,FW,22,2003,1,1,62,0.7,0,0,0,0,0,0,0,0,0.0,0.0,0.0,0.0,0.0
FRA-Ligue 1,2526,Marseille,Leonardo Balerdi,ARG,DF,26,1999,26,21,2001,22.2,0,1,1,0,0,0,5,0,0.0,0.04,0.04,0.0,0.04
FRA-Ligue 1,2526,Marseille,Mason Greenwood,ENG,MF,23,2001,32,29,2462,27.4,16,7,23,10,6,8,4,0,0.58,0.26,0.84,0.37,0.62
FRA-Ligue 1,2526,Marseille,Matt O'Riley,DEN,MF,24,2000,15,6,741,8.2,1,2,3,1,0,0,2,0,0.12,0.24,0.36,0.12,0.36
FRA-Ligue 1,2526,Marseille,Michael Amir Murillo,PAN,"DF,MF",29,1996,16,11,989,11.0,2,1,3,2,0,0,4,0,0.18,0.09,0.27,0.18,0.27
FRA-Ligue 1,2526,Marseille,Nayef Aguerd,MAR,DF,29,1996,16,16,1396,15.5,1,0,1,1,0,0,4,0,0.06,0.0,0.06,0.06,0.06
FRA-Ligue 1,2526,Marseille,Neal Maupay,FRA,"FW,MF",28,1996,1,0,2,0.0,0,0,0,0,0,0,0,0,0.0,0.0,0.0,0.0,0.0
FRA-Ligue 1,2526,Marseille,Nouhoum Kamissoko,MLI,MF,20,2004,3,0,24,0.3,0,0,0,0,0,0,0,0,0.0,0.0,0.0,0.0,0.0
FRA-Ligue 1,2526,Marseille,Pierre Højbjerg,DEN,MF,29,1995,32,30,2712,30.1,4,5,9,4,0,0,4,0,0.13,0.17,0.3,0.13,0.3
FRA-Ligue 1,2526,Marseille,Pierre-Emerick Aubameyang,GAB,FW,36,1989,30,23,2039,22.7,10,5,15,10,0,0,1,0,0.44,0.22,0.66,0.44,0.66
FRA-Ligue 1,2526,Marseille,Pol Lirola,ESP,"DF,MF",27,1997,3,0,34,0.4,0,0,0,0,0,0,0,0,0.0,0.0,0.0,0.0,0.0
FRA-Ligue 1,2526,Marseille,Quinten Timber,NED,MF,24,2001,15,14,1105,12.3,0,0,0,0,0,0,4,0,0.0,0.0,0.0,0.0,0.0
FRA-Ligue 1,2526,Marseille,Robinio Vaz,FRA,FW,18,2007,14,3,379,4.2,4,2,6,4,0,0,2,0,0.95,0.47,1.42,0.95,1.42
FRA-Ligue 1,2526,Marseille,Tadjidine Mmadi,FRA,FW,18,2007,3,0,45,0.5,0,0,0,0,0,0,0,0,0.0,0.0,0.0,0.0,0.0
FRA-Ligue 1,2526,Marseille,Timothy Weah,USA,"MF,DF",25,2000,29,26,2253,25.0,2,2,4,2,0,0,5,0,0.08,0.08,0.16,0.08,0.16
FRA-Ligue 1,2526,Marseille,Tochukwu Nnadi,NGA,"MF,DF",22,2003,8,4,351,3.9,0,1,1,0,0,0,1,0,0.0,0.26,0.26,0.0,0.26
FRA-Ligue 1,2526,Marseille,Ugo Lamare,FRA,FW,18,2007,3,0,17,0.2,0,0,0,0,0,0,0,0,0.0,0.0,0.0,0.0,0.0
FRA-Ligue 1,2526,Marseille,Ulisses Garcia,SUI,"MF,DF",29,1996,4,2,211,2.3,0,0,0,0,0,0,1,1,0.0,0.0,0.0,0.0,0.0
FRA-Ligue 1,2526,Metz,Alpha Touré,SEN,MF,19,2006,30,16,1606,17.8,0,1,1,0,0,0,5,0,0.0,0.06,0.06,0.0,0.06
FRA-Ligue 1,2526,Metz,Believe Munongo,FRA,MF,15,2009,11,5,431,4.8,0,0,0,0,0,0,1,0,0.0,0.0,0.0,0.0,0.0
FRA-Ligue 1,2526,Metz,Benjamin Stambouli,FRA,MF,34,1990,19,10,960,10.7,0,0,0,0,0,0,0,0,0.0,0.0,0.0,0.0,0.0
FRA-Ligue 1,2526,Metz,Boubacar Traoré,MLI,MF,23,2001,20,16,1387,15.4,1,0,1,1,0,0,4,0,0.06,0.0,0.06,0.06,0.06
FRA-Ligue 1,2526,Metz,Bouna Sarr,SEN,"MF,DF",33,1992,12,10,895,9.9,0,0,0,0,0,0,1,0,0.0,0.0,0.0,0.0,0.0
FRA-Ligue 1,2526,Metz,Brian Madjo,LUX,FW,16,2009,5,2,157,1.7,0,0,0,0,0,0,0,0,0.0,0.0,0.0,0.0,0.0
FRA-Ligue 1,2526,Metz,Cheikh Tidiane Sabaly,SEN,"MF,FW",26,1999,14,12,967,10.7,0,2,2,0,0,0,2,0,0.0,0.19,0.19,0.0,0.19
FRA-Ligue 1,2526,Metz,Cléo Melieres,FRA,FW,20,2005,2,0,31,0.3,0,0,0,0,0,0,1,0,0.0,0.0,0.0,0.0,0.0
FRA-Ligue 1,2526,Metz,Fodé Ballo-Touré,SEN,"DF,MF",28,1997,13,11,836,9.3,0,0,0,0,0,0,2,0,0.0,0.0,0.0,0.0,0.0
FRA-Ligue 1,2526,Metz,Gauthier Hein,FRA,"MF,FW",28,1996,29,26,2351,26.1,8,7,15,3,5,5,3,1,0.31,0.27,0.57,0.11,0.38
FRA-Ligue 1,2526,Metz,Giorgi Abuashvili,GEO,"MF,FW",22,2003,23,6,698,7.8,2,0,2,2,0,0,1,0,0.26,0.0,0.26,0.26,0.26
FRA-Ligue 1,2526,Metz,Giorgi Kvilitaia,GEO,FW,31,1993,10,5,495,5.5,2,0,2,2,0,0,1,0,0.36,0.0,0.36,0.36,0.36
FRA-Ligue 1,2526,Metz,Habib Diallo,SEN,FW,30,1995,25,21,1909,21.2,4,1,5,4,0,1,0,0,0.19,0.05,0.24,0.19,0.24
FRA-Ligue 1,2526,Metz,Heorhii Tsitaishvili,GEO,"MF,DF",24,2000,33,28,2449,27.2,3,2,5,3,0,0,3,0,0.11,0.07,0.18,0.11,0.18
FRA-Ligue 1,2526,Metz,Ibou Sané,SEN,"FW,MF",20,2005,16,5,541,6.0,1,1,2,1,0,0,2,0,0.17,0.17,0.33,0.17,0.33
FRA-Ligue 1,2526,Metz,Idrissa Guèye,SEN,FW,18,2006,3,1,132,1.5,0,0,0,0,0,0,0,0,0.0,0.0,0.0,0.0,0.0
FRA-Ligue 1,2526,Metz,Ismaël Guerti,FRA,FW,21,2004,3,0,27,0.3,0,0,0,0,0,0,0,0,0.0,0.0,0.0,0.0,0.0
FRA-Ligue 1,2526,Metz,Jahyann Pandore,FRA,MF,17,2007,4,0,88,1.0,1,0,1,1,0,0,0,0,1.02,0.0,1.02,1.02,1.02
FRA-Ligue 1,2526,Metz,Jean-Philippe Gbamin,CIV,"DF,MF",29,1995,31,30,2485,27.6,1,1,2,1,0,0,2,1,0.04,0.04,0.07,0.04,0.07
FRA-Ligue 1,2526,Metz,Jessy Deminguet,FRA,MF,27,1998,31,25,1995,22.2,2,0,2,2,0,0,4,0,0.09,0.0,0.09,0.09,0.09
FRA-Ligue 1,2526,Metz,Joel Asoro,SWE,FW,26,1999,8,2,227,2.5,0,0,0,0,0,0,0,0,0.0,0.0,0.0,0.0,0.0
FRA-Ligue 1,2526,Metz,Jonathan Fischer,DEN,GK,23,2001,27,26,2354,26.2,0,0,0,0,0,0,0,0,0.0,0.0,0.0,0.0,0.0
FRA-Ligue 1,2526,Metz,Joseph Nduquidi,FRA,MF,20,2004,1,0,7,0.1,0,0,0,0,0,0,0,0,0.0,0.0,0.0,0.0,0.0
FRA-Ligue 1,2526,Metz,Koffi Kouao,CIV,"DF,MF",27,1998,27,27,2265,25.2,2,1,3,2,0,0,10,0,0.08,0.04,0.12,0.08,0.12
FRA-Ligue 1,2526,Metz,Lucas Michal,FRA,MF,20,2005,9,2,212,2.4,0,0,0,0,0,0,1,0,0.0,0.0,0.0,0.0,0.0
FRA-Ligue 1,2526,Metz,Malick Mbaye,SEN,MF,21,2004,5,3,300,3.3,0,0,0,0,0,0,1,0,0.0,0.0,0.0,0.0,0.0
FRA-Ligue 1,2526,Metz,Maxime Colin,FRA,DF,33,1991,22,18,1692,18.8,0,0,0,0,0,0,1,0,0.0,0.0,0.0,0.0,0.0
FRA-Ligue 1,2526,Metz,Michel Mboula,GAB,"DF,MF",22,2003,14,10,746,8.3,0,0,0,0,0,0,2,0,0.0,0.0,0.0,0.0,0.0
FRA-Ligue 1,2526,Metz,Morgan Bokelé Mputu,CMR,MF,21,2004,10,1,227,2.5,0,0,0,0,0,0,0,0,0.0,0.0,0.0,0.0,0.0
FRA-Ligue 1,2526,Metz,Nathan Mbala,,"MF,FW",17,2008,13,4,441,4.9,2,2,4,2,0,0,0,0,0.41,0.41,0.82,0.41,0.82
FRA-Ligue 1,2526,Metz,Pape Mamadou Sy,SEN,GK,28,1997,8,8,706,7.8,0,0,0,0,0,0,0,0,0.0,0.0,0.0,0.0,0.0
FRA-Ligue 1,2526,Metz,Sadibou Sané,SEN,DF,21,2004,23,22,1940,21.6,2,1,3,2,0,0,5,2,0.09,0.05,0.14,0.09,0.14
FRA-Ligue 1,2526,Metz,Terry Yegbe,GHA,DF,24,2001,24,22,1963,21.8,0,1,1,0,0,0,3,0,0.0,0.05,0.05,0.0,0.05
FRA-Ligue 1,2526,Monaco,Aladji Bamba,FRA,MF,19,2006,18,10,816,9.1,0,2,2,0,0,0,2,0,0.0,0.22,0.22,0.0,0.22
FRA-Ligue 1,2526,Monaco,Aleksandr Golovin,RUS,MF,29,1996,25,21,1649,18.3,5,5,10,5,0,0,4,1,0.27,0.27,0.55,0.27,0.55
FRA-Ligue 1,2526,Monaco,Ansu Fati,ESP,"MF,FW",22,2002,25,10,1093,12.1,11,0,11,8,3,4,1,0,0.91,0.0,0.91,0.66,0.66
FRA-Ligue 1,2526,Monaco,Caio Henrique,BRA,"DF,MF",28,1997,22,17,1536,17.1,0,2,2,0,0,0,2,0,0.0,0.12,0.12,0.0,0.12
FRA-Ligue 1,2526,Monaco,Christian Mawissa,FRA,"DF,MF",20,2005,18,13,1191,13.2,0,0,0,0,0,0,4,0,0.0,0.0,0.0,0.0,0.0
FRA-Ligue 1,2526,Monaco,Denis Zakaria,SUI,"DF,MF",28,1996,24,23,2031,22.6,2,1,3,2,0,0,4,1,0.09,0.04,0.13,0.09,0.13
FRA-Ligue 1,2526,Monaco,Eliesse Ben Seghir,MAR,MF,20,2005,2,0,45,0.5,0,0,0,0,0,0,0,0,0.0,0.0,0.0,0.0,0.0
FRA-Ligue 1,2526,Monaco,Eric Dier,ENG,DF,31,1994,9,7,688,7.6,1,0,1,1,0,0,0,0,0.13,0.0,0.13,0.13,0.13
FRA-Ligue 1,2526,Monaco,Folarin Balogun,USA,FW,24,2001,30,26,2230,24.8,13,4,17,10,3,3,4,1,0.52,0.16,0.69,0.4,0.57
FRA-Ligue 1,2526,Monaco,George Ilenikhena,NGA,FW,18,2006,15,3,385,4.3,2,0,2,2,0,0,0,0,0.47,0.0,0.47,0.47,0.47
FRA-Ligue 1,2526,Monaco,Ilane Touré,FRA,MF,18,2006,2,0,35,0.4,0,0,0,0,0,0,0,0,0.0,0.0,0.0,0.0,0.0
FRA-Ligue 1,2526,Monaco,Jordan Teze,NED,"MF,DF",25,1999,33,28,2489,27.7,1,2,3,1,0,0,8,0,0.04,0.07,0.11,0.04,0.11
FRA-Ligue 1,2526,Monaco,Kassoum Ouattara,FRA,"MF,DF",20,2004,15,12,967,10.7,0,3,3,0,0,0,3,0,0.0,0.28,0.28,0.0,0.28
FRA-Ligue 1,2526,Monaco,Krépin Diatta,SEN,"MF,DF",26,1999,18,10,1013,11.3,0,1,1,0,0,0,2,0,0.0,0.09,0.09,0.0,0.09
FRA-Ligue 1,2526,Monaco,Lamine Camara,SEN,MF,21,2004,24,22,1847,20.5,3,4,7,3,0,0,6,0,0.15,0.19,0.34,0.15,0.34
FRA-Ligue 1,2526,Monaco,Lucas Michal,FRA,FW,20,2005,2,0,59,0.7,0,0,0,0,0,0,0,0,0.0,0.0,0.0,0.0,0.0
FRA-Ligue 1,2526,Monaco,Lukáš Hrádecký,FIN,GK,35,1989,17,17,1439,16.0,0,0,0,0,0,0,1,0,0.0,0.0,0.0,0.0,0.0
FRA-Ligue 1,2526,Monaco,Maghnes Akliouche,FRA,"MF,FW",23,2002,31,28,2400,26.7,6,6,12,6,0,0,3,0,0.23,0.23,0.45,0.23,0.45
FRA-Ligue 1,2526,Monaco,Mamadou Coulibaly,FRA,MF,21,2004,25,15,1381,15.3,3,3,6,3,0,0,7,1,0.2,0.2,0.39,0.2,0.39
FRA-Ligue 1,2526,Monaco,Mika Biereth,DEN,FW,22,2003,32,12,1074,11.9,2,2,4,2,0,0,0,0,0.17,0.17,0.34,0.17,0.34
FRA-Ligue 1,2526,Monaco,Mohammed Salisu,GHA,DF,26,1999,12,12,1080,12.0,1,0,1,1,0,0,3,0,0.08,0.0,0.08,0.08,0.08
FRA-Ligue 1,2526,Monaco,Pape Cabral,FRA,MF,18,2007,4,0,77,0.9,0,0,0,0,0,0,0,0,0.0,0.0,0.0,0.0,0.0
FRA-Ligue 1,2526,Monaco,Paris Brunner,GER,FW,19,2006,7,1,132,1.5,0,0,0,0,0,0,1,0,0.0,0.0,0.0,0.0,0.0
FRA-Ligue 1,2526,Monaco,Paul Pogba,FRA,MF,32,1993,6,1,119,1.3,0,0,0,0,0,0,0,0,0.0,0.0,0.0,0.0,0.0
FRA-Ligue 1,2526,Monaco,Philipp Köhn,SUI,GK,27,1998,19,17,1621,18.0,0,0,0,0,0,0,1,0,0.0,0.0,0.0,0.0,0.0
FRA-Ligue 1,2526,Monaco,Samuel Nibombé,BEL,DF,17,2007,1,0,1,0.0,0,0,0,0,0,0,0,0,0.0,0.0,0.0,0.0,0.0
FRA-Ligue 1,2526,Monaco,Simon Adingra,CIV,"MF,FW",23,2002,14,10,855,9.5,3,2,5,3,0,0,0,0,0.32,0.21,0.53,0.32,0.53
FRA-Ligue 1,2526,Monaco,Stanis Idumbo,BEL,MF,20,2005,8,0,171,1.9,1,1,2,1,0,0,0,0,0.53,0.53,1.05,0.53,1.05
FRA-Ligue 1,2526,Monaco,Takumi Minamino,JPN,MF,30,1995,15,11,944,10.5,3,2,5,3,0,0,4,0,0.29,0.19,0.48,0.29,0.48
FRA-Ligue 1,2526,Monaco,Thilo Kehrer,GER,DF,28,1996,28,28,2353,26.1,0,0,0,0,0,0,8,2,0.0,0.0,0.0,0.0,0.0
FRA-Ligue 1,2526,Monaco,Vanderson,BRA,"DF,MF",24,2001,14,7,616,6.8,0,2,2,0,0,0,4,0,0.0,0.29,0.29,0.0,0.29
FRA-Ligue 1,2526,Monaco,Wout Faes,BEL,DF,27,1998,14,13,1141,12.7,0,0,0,0,0,0,3,0,0.0,0.0,0.0,0.0,0.0
FRA-Ligue 1,2526,Nantes,Abakar Sylla,CIV,DF,22,2002,2,1,65,0.7,0,0,0,0,0,0,0,0,0.0,0.0,0.0,0.0,0.0
FRA-Ligue 1,2526,Nantes,Ali Yousuf,LBY,DF,24,2001,13,10,969,10.8,0,0,0,0,0,0,4,0,0.0,0.0,0.0,0.0,0.0
FRA-Ligue 1,2526,Nantes,Amady Camara,MLI,FW,20,2005,10,1,171,1.9,0,0,0,0,0,0,0,0,0.0,0.0,0.0,0.0,0.0
FRA-Ligue 1,2526,Nantes,Anthony Lopes,POR,GK,34,1990,31,31,2788,31.0,0,0,0,0,0,0,4,0,0.0,0.0,0.0,0.0,0.0
FRA-Ligue 1,2526,Nantes,Bahereba Guirassy,FRA,"FW,MF",18,2006,20,9,821,9.1,2,1,3,2,0,0,2,0,0.22,0.11,0.33,0.22,0.33
FRA-Ligue 1,2526,Nantes,Bahmed Deuff,MTN,MF,19,2006,11,1,250,2.8,0,0,0,0,0,0,1,0,0.0,0.0,0.0,0.0,0.0
FRA-Ligue 1,2526,Nantes,Chidozie Awaziem,NGA,DF,28,1997,26,25,2231,24.8,1,2,3,1,0,0,7,0,0.04,0.08,0.12,0.04,0.12
FRA-Ligue 1,2526,Nantes,Dehmaine Assoumani,FRA,MF,20,2005,27,14,1276,14.2,1,0,1,1,0,0,5,0,0.07,0.0,0.07,0.07,0.07
FRA-Ligue 1,2526,Nantes,Deiver Machado,COL,"DF,MF",31,1993,14,12,907,10.1,0,1,1,0,0,0,2,0,0.0,0.1,0.1,0.0,0.1
FRA-Ligue 1,2526,Nantes,Fabien Centonze,FRA,"MF,DF",29,1996,15,9,736,8.2,3,0,3,3,0,0,4,0,0.37,0.0,0.37,0.37,0.37
FRA-Ligue 1,2526,Nantes,Francis Coquelin,FRA,MF,34,1991,16,8,655,7.3,0,1,1,0,0,0,2,0,0.0,0.14,0.14,0.0,0.14
FRA-Ligue 1,2526,Nantes,Frederic Guilbert,FRA,"DF,MF",30,1994,8,7,607,6.7,0,0,0,0,0,0,1,0,0.0,0.0,0.0,0.0,0.0
FRA-Ligue 1,2526,Nantes,Hong Hyunseok,KOR,MF,26,1999,6,3,284,3.2,0,0,0,0,0,0,0,0,0.0,0.0,0.0,0.0,0.0
FRA-Ligue 1,2526,Nantes,Ibrahima Sissoko,MLI,"MF,DF",27,1997,13,9,803,8.9,0,0,0,0,0,0,4,0,0.0,0.0,0.0,0.0,0.0
FRA-Ligue 1,2526,Nantes,Ignatius Ganago,CMR,FW,26,1999,13,10,839,9.3,3,1,4,2,1,1,1,0,0.32,0.11,0.43,0.21,0.32
FRA-Ligue 1,2526,Nantes,Johann Lepenant,FRA,MF,22,2002,27,23,2173,24.1,0,1,1,0,0,0,4,0,0.0,0.04,0.04,0.0,0.04
FRA-Ligue 1,2526,Nantes,Junior Mwanga,FRA,MF,22,2003,15,15,1260,14.0,1,1,2,1,0,0,2,1,0.07,0.07,0.14,0.07,0.14
FRA-Ligue 1,2526,Nantes,Kelvin Amian,FRA,DF,27,1998,23,22,1961,21.8,0,1,1,0,0,0,3,0,0.0,0.05,0.05,0.0,0.05
FRA-Ligue 1,2526,Nantes,Kwon Hyeokkyu,KOR,MF,24,2001,12,9,753,8.4,0,0,0,0,0,0,2,0,0.0,0.0,0.0,0.0,0.0
FRA-Ligue 1,2526,Nantes,Louis Leroux,FRA,"MF,DF",19,2006,23,16,1441,16.0,1,1,2,1,0,0,2,0,0.06,0.06,0.12,0.06,0.12
FRA-Ligue 1,2526,Nantes,Mathieu Acapandié,MAD,"DF,MF",20,2004,6,2,261,2.9,0,0,0,0,0,0,0,0,0.0,0.0,0.0,0.0,0.0
FRA-Ligue 1,2526,Nantes,Matthis Abline,FRA,"FW,MF",22,2003,32,27,2494,27.7,6,4,10,6,0,1,6,0,0.22,0.14,0.36,0.22,0.36
FRA-Ligue 1,2526,Nantes,Mayckel Lahdo,SWE,"FW,MF",22,2002,8,5,415,4.6,1,1,2,1,0,0,0,0,0.22,0.22,0.43,0.22,0.43
FRA-Ligue 1,2526,Nantes,Mohamed Kaba,GUI,MF,23,2001,12,11,918,10.2,0,2,2,0,0,0,2,0,0.0,0.2,0.2,0.0,0.2
FRA-Ligue 1,2526,Nantes,Mostafa Mohamed,EGY,FW,27,1997,24,13,1152,12.8,4,0,4,4,0,0,1,0,0.31,0.0,0.31,0.31,0.31
FRA-Ligue 1,2526,Nantes,Nicolas Cozza,FRA,DF,26,1999,29,25,2301,25.6,0,1,1,0,0,0,2,0,0.0,0.04,0.04,0.0,0.04
FRA-Ligue 1,2526,Nantes,Patrik Carlgren,SWE,GK,33,1992,3,2,182,2.0,0,0,0,0,0,0,0,0,0.0,0.0,0.0,0.0,0.0
FRA-Ligue 1,2526,Nantes,Rémy Cabella,FRA,"MF,FW",35,1990,11,6,572,6.4,2,0,2,1,1,1,1,0,0.31,0.0,0.31,0.16,0.16
FRA-Ligue 1,2526,Nantes,Sékou Doucoure,FRA,DF,20,2005,1,0,45,0.5,0,0,0,0,0,0,0,0,0.0,0.0,0.0,0.0,0.0
FRA-Ligue 1,2526,Nantes,Tylel Tati,FRA,DF,17,2008,20,20,1721,19.1,0,0,0,0,0,0,5,1,0.0,0.0,0.0,0.0,0.0
FRA-Ligue 1,2526,Nantes,Uroš Radaković,SRB,DF,31,1994,6,1,101,1.1,0,0,0,0,0,0,0,0,0.0,0.0,0.0,0.0,0.0
FRA-Ligue 1,2526,Nantes,Yassine Benhattab,FRA,"MF,FW",22,2002,10,5,477,5.3,0,0,0,0,0,0,0,0,0.0,0.0,0.0,0.0,0.0
FRA-Ligue 1,2526,Nantes,Youssef El-Arabi,MAR,FW,38,1987,25,11,941,10.5,3,0,3,3,0,1,0,0,0.29,0.0,0.29,0.29,0.29
FRA-Ligue 1,2526,Nice,Abdulai Juma Bah,SLE,DF,19,2006,26,22,1958,21.8,0,0,0,0,0,0,7,0,0.0,0.0,0.0,0.0,0.0
FRA-Ligue 1,2526,Nice,Ali Abdi,TUN,"MF,DF",31,1993,22,13,1187,13.2,3,0,3,3,0,0,4,1,0.23,0.0,0.23,0.23,0.23
FRA-Ligue 1,2526,Nice,Antoine Mendy,SEN,DF,21,2004,25,24,2097,23.3,1,0,1,1,0,0,5,0,0.04,0.0,0.04,0.04,0.04
FRA-Ligue 1,2526,Nice,Badredine Bouanani,ALG,MF,20,2004,2,1,93,1.0,0,0,0,0,0,0,0,0,0.0,0.0,0.0,0.0,0.0
FRA-Ligue 1,2526,Nice,Bernard Nguene,CMR,FW,18,2006,6,0,138,1.5,0,0,0,0,0,0,1,0,0.0,0.0,0.0,0.0,0.0
FRA-Ligue 1,2526,Nice,Bilal Brahimi,ALG,"FW,MF",25,2000,1,0,1,0.0,0,0,0,0,0,0,0,0,0.0,0.0,0.0,0.0,0.0
FRA-Ligue 1,2526,Nice,Brad Mantsounga,CGO,DF,17,2007,1,1,90,1.0,0,0,0,0,0,0,0,0,0.0,0.0,0.0,0.0,0.0
FRA-Ligue 1,2526,Nice,Charles Vanhoutte,BEL,MF,26,1998,26,21,1772,19.7,0,2,2,0,0,0,7,0,0.0,0.1,0.1,0.0,0.1
FRA-Ligue 1,2526,Nice,Dante,BRA,DF,41,1983,12,9,849,9.4,0,1,1,0,0,0,1,0,0.0,0.11,0.11,0.0,0.11
FRA-Ligue 1,2526,Nice,Djibril Coulibaly,FRA,MF,16,2008,2,0,13,0.1,0,0,0,0,0,0,0,0,0.0,0.0,0.0,0.0,0.0
FRA-Ligue 1,2526,Nice,Elye Wahi,CIV,FW,22,2003,14,11,922,10.2,5,1,6,4,1,1,5,0,0.49,0.1,0.59,0.39,0.49
FRA-Ligue 1,2526,Nice,Everton Pereira,FRA,MF,18,2007,3,2,135,1.5,0,0,0,0,0,0,0,0,0.0,0.0,0.0,0.0,0.0
FRA-Ligue 1,2526,Nice,Gabin Bernardeau,FRA,MF,19,2006,4,1,95,1.1,0,0,0,0,0,0,0,0,0.0,0.0,0.0,0.0,0.0
FRA-Ligue 1,2526,Nice,Hamza Koutoune,MAR,DF,18,2006,1,0,1,0.0,0,0,0,0,0,0,0,0,0.0,0.0,0.0,0.0,0.0
FRA-Ligue 1,2526,Nice,Hicham Boudaoui,ALG,MF,25,1999,25,18,1694,18.8,1,2,3,1,0,0,5,0,0.05,0.11,0.16,0.05,0.16
FRA-Ligue 1,2526,Nice,Isak Jansson,SWE,"FW,MF",23,2002,22,7,644,7.2,1,0,1,1,0,0,3,0,0.14,0.0,0.14,0.14,0.14
FRA-Ligue 1,2526,Nice,Jeremie Boga,CIV,"MF,FW",28,1997,14,7,646,7.2,2,2,4,2,0,0,0,0,0.28,0.28,0.56,0.28,0.56
FRA-Ligue 1,2526,Nice,Jonathan Clauss,FRA,"MF,DF",32,1992,30,28,2530,28.1,1,6,7,1,0,0,0,0,0.04,0.21,0.25,0.04,0.25
FRA-Ligue 1,2526,Nice,Kaïl Boudache,FRA,"MF,FW",19,2006,13,3,531,5.9,1,0,1,1,0,0,1,0,0.17,0.0,0.17,0.17,0.17
FRA-Ligue 1,2526,Nice,Kevin Carlos,ESP,FW,24,2001,23,9,880,9.8,0,0,0,0,0,0,3,0,0.0,0.0,0.0,0.0,0.0
FRA-Ligue 1,2526,Nice,Kojo Peprah Oppong,GHA,DF,21,2004,29,28,2425,26.9,1,0,1,1,0,0,4,0,0.04,0.0,0.04,0.04,0.04
FRA-Ligue 1,2526,Nice,Maxime Dupé,FRA,GK,32,1993,8,8,720,8.0,0,0,0,0,0,0,0,0,0.0,0.0,0.0,0.0,0.0
FRA-Ligue 1,2526,Nice,Melvin Bard,FRA,"DF,MF",24,2000,29,26,2394,26.6,2,1,3,2,0,0,4,0,0.08,0.04,0.11,0.08,0.11
FRA-Ligue 1,2526,Nice,Mohamed Ali Cho,FRA,"FW,MF",21,2004,24,20,1667,18.5,4,3,7,4,0,0,1,0,0.22,0.16,0.38,0.22,0.38
FRA-Ligue 1,2526,Nice,Morgan Sanson,FRA,MF,30,1994,31,20,1772,19.7,0,2,2,0,0,0,4,0,0.0,0.1,0.1,0.0,0.1
FRA-Ligue 1,2526,Nice,Moïse Bombito,CAN,DF,25,2000,2,2,145,1.6,0,0,0,0,0,0,1,0,0.0,0.0,0.0,0.0,0.0
FRA-Ligue 1,2526,Nice,Pablo Rosario,DOM,"DF,MF",28,1997,1,0,28,0.3,0,0,0,0,0,0,0,0,0.0,0.0,0.0,0.0,0.0
FRA-Ligue 1,2526,Nice,Salis Abdul Samed,GHA,MF,25,2000,18,12,911,10.1,0,0,0,0,0,0,3,0,0.0,0.0,0.0,0.0,0.0
FRA-Ligue 1,2526,Nice,Sofiane Diop,MAR,"MF,FW",25,2000,33,26,2130,23.7,8,2,10,6,2,2,5,0,0.34,0.08,0.42,0.25,0.34
FRA-Ligue 1,2526,Nice,Tanguy Ndombele,FRA,MF,28,1996,8,3,275,3.1,0,1,1,0,0,0,0,0,0.0,0.33,0.33,0.0,0.33
FRA-Ligue 1,2526,Nice,Terem Moffi,NGA,FW,26,1999,10,6,488,5.4,2,0,2,2,0,0,0,0,0.37,0.0,0.37,0.37,0.37
FRA-Ligue 1,2526,Nice,Tiago Gouveia,POR,MF,24,2001,15,5,532,5.9,0,0,0,0,0,0,3,0,0.0,0.0,0.0,0.0,0.0
FRA-Ligue 1,2526,Nice,Tom Louchet,FRA,MF,22,2003,27,14,1367,15.2,3,2,5,3,0,0,1,1,0.2,0.13,0.33,0.2,0.33
FRA-Ligue 1,2526,Nice,Yehvann Diouf,SEN,GK,25,1999,26,26,2340,26.0,0,0,0,0,0,0,1,0,0.0,0.0,0.0,0.0,0.0
FRA-Ligue 1,2526,Nice,Youssouf Ndayishimiye,BDI,MF,26,1998,2,1,72,0.8,0,0,0,0,0,0,0,1,0.0,0.0,0.0,0.0,0.0
FRA-Ligue 1,2526,Nice,Zoumana Diallo,FRA,FW,20,2005,1,0,10,0.1,0,0,0,0,0,0,0,0,0.0,0.0,0.0,0.0,0.0
FRA-Ligue 1,2526,PSG,Achraf Hakimi,MAR,DF,26,1998,18,15,1375,15.3,2,2,4,2,0,0,3,1,0.13,0.13,0.26,0.13,0.26
FRA-Ligue 1,2526,PSG,Bradley Barcola,FRA,FW,22,2002,29,21,1743,19.4,11,1,12,11,0,0,2,0,0.57,0.05,0.62,0.57,0.62
FRA-Ligue 1,2526,PSG,Dimitri Lucea,FRA,DF,18,2007,2,1,60,0.7,0,0,0,0,0,0,0,0,0.0,0.0,0.0,0.0,0.0
FRA-Ligue 1,2526,PSG,Dro Fernández,ESP,MF,17,2008,12,7,682,7.6,1,0,1,1,0,0,0,0,0.13,0.0,0.13,0.13,0.13
FRA-Ligue 1,2526,PSG,Désiré Doué,FRA,"FW,MF",20,2005,23,16,1348,15.0,7,4,11,7,0,1,0,0,0.47,0.27,0.73,0.47,0.73
FRA-Ligue 1,2526,PSG,Fabián Ruiz Peña,ESP,MF,29,1996,20,13,1131,12.6,1,4,5,1,0,0,2,0,0.08,0.32,0.4,0.08,0.4
FRA-Ligue 1,2526,PSG,Gonçalo Ramos,POR,FW,24,2001,30,13,1318,14.6,6,1,7,5,1,2,4,1,0.41,0.07,0.48,0.34,0.41
FRA-Ligue 1,2526,PSG,Ibrahim Mbaye,SEN,"FW,MF",17,2008,24,10,1006,11.2,3,2,5,3,0,0,0,0,0.27,0.18,0.45,0.27,0.45
FRA-Ligue 1,2526,PSG,Illia Zabarnyi,UKR,DF,22,2002,28,26,2387,26.5,1,0,1,1,0,0,6,0,0.04,0.0,0.04,0.04,0.04
FRA-Ligue 1,2526,PSG,João Neves,POR,MF,20,2004,21,13,1287,14.3,5,1,6,5,0,0,0,0,0.35,0.07,0.42,0.35,0.42
FRA-Ligue 1,2526,PSG,Khvicha Kvaratskhelia,GEO,FW,24,2001,28,18,1479,16.4,8,4,12,7,1,1,1,0,0.49,0.24,0.73,0.43,0.67
FRA-Ligue 1,2526,PSG,Lee Kang-in,KOR,"MF,FW",24,2001,27,18,1519,16.9,3,4,7,3,0,0,3,0,0.18,0.24,0.41,0.18,0.41
FRA-Ligue 1,2526,PSG,Lucas Beraldo,BRA,"DF,MF",21,2003,20,18,1567,17.4,2,1,3,2,0,0,2,0,0.11,0.06,0.17,0.11,0.17
FRA-Ligue 1,2526,PSG,Lucas Chevalier,FRA,GK,23,2001,17,17,1530,17.0,0,0,0,0,0,0,0,0,0.0,0.0,0.0,0.0,0.0
FRA-Ligue 1,2526,PSG,Lucas Hernández,FRA,DF,29,1996,25,20,1747,19.4,0,3,3,0,0,0,4,0,0.0,0.15,0.15,0.0,0.15
FRA-Ligue 1,2526,PSG,Marquinhos,BRA,DF,31,1994,14,11,1052,11.7,0,0,0,0,0,0,0,0,0.0,0.0,0.0,0.0,0.0
FRA-Ligue 1,2526,PSG,Mathis Jangeal,FRA,FW,17,2008,1,0,11,0.1,0,0,0,0,0,0,0,0,0.0,0.0,0.0,0.0,0.0
FRA-Ligue 1,2526,PSG,Matvei Safonov,RUS,GK,26,1999,15,15,1350,15.0,0,0,0,0,0,0,0,0,0.0,0.0,0.0,0.0,0.0
FRA-Ligue 1,2526,PSG,Noah Nsoki,FRA,MF,18,2007,1,0,8,0.1,0,0,0,0,0,0,0,0,0.0,0.0,0.0,0.0,0.0
FRA-Ligue 1,2526,PSG,Nuno Mendes,POR,DF,23,2002,20,13,1256,14.0,4,5,9,3,1,1,1,0,0.29,0.36,0.64,0.21,0.57
FRA-Ligue 1,2526,PSG,Ousmane Dembélé,FRA,FW,28,1997,22,11,1063,11.8,10,7,17,8,2,3,0,0,0.85,0.59,1.44,0.68,1.27
FRA-Ligue 1,2526,PSG,Pierre Mounguengue,FRA,FW,17,2008,1,0,16,0.2,0,0,0,0,0,0,0,0,0.0,0.0,0.0,0.0,0.0
FRA-Ligue 1,2526,PSG,Quentin Ndjantou,FRA,MF,18,2007,10,3,360,4.0,1,1,2,1,0,0,1,0,0.25,0.25,0.5,0.25,0.5
FRA-Ligue 1,2526,PSG,Renato Marin,ITA,GK,19,2006,2,2,180,2.0,0,0,0,0,0,0,0,0,0.0,0.0,0.0,0.0,0.0
FRA-Ligue 1,2526,PSG,Senny Mayulu,FRA,"MF,FW",19,2006,26,21,1672,18.6,4,4,8,4,0,0,3,0,0.22,0.22,0.43,0.22,0.43
FRA-Ligue 1,2526,PSG,Vitinha,POR,MF,25,2000,29,24,2119,23.5,1,7,8,1,0,0,2,0,0.04,0.3,0.34,0.04,0.34
FRA-Ligue 1,2526,PSG,Warren Zaïre-Emery,FRA,"DF,MF",19,2006,32,27,2447,27.2,3,4,7,3,0,0,3,0,0.11,0.15,0.26,0.11,0.26
FRA-Ligue 1,2526,PSG,Willian Pacho,ECU,DF,23,2001,23,21,1914,21.3,0,0,0,0,0,0,0,0,0.0,0.0,0.0,0.0,0.0
FRA-Ligue 1,2526,Paris FC,Adama Camara,FRA,"MF,DF",28,1996,29,26,2159,24.0,1,0,1,1,0,0,8,0,0.04,0.0,0.04,0.04,0.04
FRA-Ligue 1,2526,Paris FC,Alimami Gory,MLI,"MF,DF",28,1996,24,9,982,10.9,5,1,6,5,0,0,3,0,0.46,0.09,0.55,0.46,0.55
FRA-Ligue 1,2526,Paris FC,Ciro Immobile,ITA,FW,35,1990,12,9,705,7.8,2,2,4,2,0,0,2,0,0.26,0.26,0.51,0.26,0.51
FRA-Ligue 1,2526,Paris FC,Diego Coppola,ITA,DF,21,2003,13,13,1170,13.0,0,2,2,0,0,0,1,0,0.0,0.15,0.15,0.0,0.15
FRA-Ligue 1,2526,Paris FC,Hamari Traoré,MLI,DF,33,1992,18,14,1150,12.8,0,1,1,0,0,0,4,0,0.0,0.08,0.08,0.0,0.08
FRA-Ligue 1,2526,Paris FC,Ilan Kebbal,ALG,"MF,FW",27,1998,29,26,2222,24.7,9,4,13,6,3,4,7,0,0.36,0.16,0.53,0.24,0.41
FRA-Ligue 1,2526,Paris FC,Jean-Philippe Krasso,CIV,FW,28,1997,25,12,1092,12.1,2,2,4,1,1,1,0,0,0.16,0.16,0.33,0.08,0.25
FRA-Ligue 1,2526,Paris FC,Jonathan Ikone,FRA,"MF,FW",27,1998,23,13,1100,12.2,3,1,4,3,0,0,2,0,0.25,0.08,0.33,0.25,0.33
FRA-Ligue 1,2526,Paris FC,Julien López,ALG,"FW,MF",33,1992,5,0,45,0.5,0,0,0,0,0,0,0,0,0.0,0.0,0.0,0.0,0.0
FRA-Ligue 1,2526,Paris FC,Kevin Trapp,GER,GK,35,1990,22,22,1980,22.0,0,0,0,0,0,0,2,0,0.0,0.0,0.0,0.0,0.0
FRA-Ligue 1,2526,Paris FC,Lohann Doucet,BFA,MF,22,2002,5,1,121,1.3,1,0,1,1,0,0,2,0,0.74,0.0,0.74,0.74,0.74
FRA-Ligue 1,2526,Paris FC,Luca Koleosho,ITA,MF,20,2004,16,3,554,6.2,3,1,4,3,0,0,0,0,0.49,0.16,0.65,0.49,0.65
FRA-Ligue 1,2526,Paris FC,Marshall Munetsi,ZIM,MF,29,1996,15,11,975,10.8,4,1,5,4,0,0,0,0,0.37,0.09,0.46,0.37,0.46
FRA-Ligue 1,2526,Paris FC,Mathieu Cafaro,FRA,FW,28,1997,10,1,152,1.7,0,0,0,0,0,0,0,0,0.0,0.0,0.0,0.0,0.0
FRA-Ligue 1,2526,Paris FC,Maxime Lopez,FRA,MF,27,1997,26,22,1960,21.8,0,3,3,0,0,0,11,0,0.0,0.14,0.14,0.0,0.14
FRA-Ligue 1,2526,Paris FC,Mohamed Benoit Dao,FRA,FW,18,2007,1,0,2,0.0,0,0,0,0,0,0,0,0,0.0,0.0,0.0,0.0,0.0
FRA-Ligue 1,2526,Paris FC,Moses Simon,NGA,"MF,FW",30,1995,29,25,2001,22.2,3,3,6,3,0,0,1,0,0.13,0.13,0.27,0.13,0.27
FRA-Ligue 1,2526,Paris FC,Moustapha Mbow,SEN,DF,25,2000,31,30,2717,30.2,0,1,1,0,0,0,5,0,0.0,0.03,0.03,0.0,0.03
FRA-Ligue 1,2526,Paris FC,Nhoa Sangui,FRA,DF,19,2006,26,18,1737,19.3,0,0,0,0,0,0,0,0,0.0,0.0,0.0,0.0,0.0
FRA-Ligue 1,2526,Paris FC,Nouha Dicko,MLI,"FW,MF",33,1992,8,0,72,0.8,1,1,2,1,0,0,0,0,1.25,1.25,2.5,1.25,2.5
FRA-Ligue 1,2526,Paris FC,Obed Nkambadio,FRA,GK,22,2003,12,12,1080,12.0,0,0,0,0,0,0,0,0,0.0,0.0,0.0,0.0,0.0
FRA-Ligue 1,2526,Paris FC,Otavio Ataide,BRA,DF,23,2002,23,21,1901,21.1,1,0,1,1,0,0,6,1,0.05,0.0,0.05,0.05,0.05
FRA-Ligue 1,2526,Paris FC,Pierre Lees-Melou,FRA,MF,32,1993,22,20,1782,19.8,1,3,4,1,0,0,7,1,0.05,0.15,0.2,0.05,0.2
FRA-Ligue 1,2526,Paris FC,Pierre-Yves Hamel,FRA,FW,31,1994,2,1,78,0.9,0,0,0,0,0,0,0,0,0.0,0.0,0.0,0.0,0.0
FRA-Ligue 1,2526,Paris FC,Rudy Matondo,FRA,MF,17,2008,11,8,743,8.3,2,0,2,2,0,0,1,1,0.24,0.0,0.24,0.24,0.24
FRA-Ligue 1,2526,Paris FC,Samir Chergui,ALG,DF,26,1999,15,13,1154,12.8,1,0,1,1,0,0,1,0,0.08,0.0,0.08,0.08,0.08
FRA-Ligue 1,2526,Paris FC,Thibault De Smet,BEL,DF,27,1998,17,13,1144,12.7,0,1,1,0,0,0,6,2,0.0,0.08,0.08,0.0,0.08
FRA-Ligue 1,2526,Paris FC,Timothée Kolodziejczak,FRA,DF,33,1991,11,7,662,7.4,0,0,0,0,0,0,2,0,0.0,0.0,0.0,0.0,0.0
FRA-Ligue 1,2526,Paris FC,Tuomas Ollila,FIN,DF,25,2000,10,3,308,3.4,0,0,0,0,0,0,0,0,0.0,0.0,0.0,0.0,0.0
FRA-Ligue 1,2526,Paris FC,Vincent Marchetti,FRA,MF,28,1997,23,9,825,9.2,2,1,3,2,0,0,1,0,0.22,0.11,0.33,0.22,0.33
FRA-Ligue 1,2526,Paris FC,Willem Geubbels,FRA,FW,23,2001,24,12,1013,11.3,5,0,5,4,1,1,0,0,0.44,0.0,0.44,0.36,0.36
FRA-Ligue 1,2526,Rennes,Abdelhamid Ait Boudlal,MAR,DF,19,2006,20,17,1403,15.6,2,1,3,2,0,0,3,1,0.13,0.06,0.19,0.13,0.19
FRA-Ligue 1,2526,Rennes,Alexander Legendre,ECU,MF,17,2008,6,0,45,0.5,0,0,0,0,0,0,0,0,0.0,0.0,0.0,0.0,0.0
FRA-Ligue 1,2526,Rennes,Alidu Seidu,GHA,DF,25,2000,21,13,1186,13.2,0,1,1,0,0,0,1,0,0.0,0.08,0.08,0.0,0.08
FRA-Ligue 1,2526,Rennes,Anthony Rouault,FRA,DF,24,2001,21,19,1724,19.2,1,0,1,1,0,0,4,0,0.05,0.0,0.05,0.05,0.05
FRA-Ligue 1,2526,Rennes,Arnaud Nordin,FRA,"FW,MF",27,1998,10,7,570,6.3,1,2,3,1,0,0,1,0,0.16,0.32,0.47,0.16,0.47
FRA-Ligue 1,2526,Rennes,Bertuğ Yıldırım,TUR,FW,23,2002,1,0,3,0.0,0,0,0,0,0,0,0,0,0.0,0.0,0.0,0.0,0.0
FRA-Ligue 1,2526,Rennes,Breel Embolo,SUI,FW,28,1997,31,20,1872,20.8,8,3,11,8,0,0,3,0,0.38,0.14,0.53,0.38,0.53
FRA-Ligue 1,2526,Rennes,Brice Samba,FRA,GK,31,1994,32,32,2880,32.0,0,0,0,0,0,0,5,0,0.0,0.0,0.0,0.0,0.0
FRA-Ligue 1,2526,Rennes,Christopher Wooh,CMR,DF,23,2001,2,1,64,0.7,0,0,0,0,0,0,0,1,0.0,0.0,0.0,0.0,0.0
FRA-Ligue 1,2526,Rennes,Djaoui Cissé,FRA,MF,21,2004,24,12,981,10.9,0,0,0,0,0,0,3,0,0.0,0.0,0.0,0.0,0.0
FRA-Ligue 1,2526,Rennes,Esteban Lepaul,FRA,FW,25,2000,32,31,2511,27.9,20,5,25,17,3,4,3,0,0.72,0.18,0.9,0.61,0.79
FRA-Ligue 1,2526,Rennes,Fabian Rieder,SUI,MF,23,2002,3,2,133,1.5,0,0,0,0,0,0,0,0,0.0,0.0,0.0,0.0,0.0
FRA-Ligue 1,2526,Rennes,Glen Kamara,FIN,MF,29,1995,4,0,61,0.7,0,0,0,0,0,0,0,0,0.0,0.0,0.0,0.0,0.0
FRA-Ligue 1,2526,Rennes,Hans Hateboer,NED,"DF,MF",31,1994,1,0,22,0.2,0,0,0,0,0,0,0,0,0.0,0.0,0.0,0.0,0.0
FRA-Ligue 1,2526,Rennes,Henrick Do Marcolino,FRA,FW,19,2006,1,0,3,0.0,0,0,0,0,0,0,0,0,0.0,0.0,0.0,0.0,0.0
FRA-Ligue 1,2526,Rennes,Ibrahim Salah,MAR,MF,23,2001,2,0,35,0.4,0,0,0,0,0,0,0,0,0.0,0.0,0.0,0.0,0.0
FRA-Ligue 1,2526,Rennes,Jérémy Jacquet,FRA,DF,20,2005,19,19,1671,18.6,0,0,0,0,0,0,6,1,0.0,0.0,0.0,0.0,0.0
FRA-Ligue 1,2526,Rennes,Kader Meïté,FRA,FW,17,2007,17,6,535,5.9,3,2,5,3,0,0,0,0,0.5,0.34,0.84,0.5,0.84
FRA-Ligue 1,2526,Rennes,Lilian Brassier,FRA,DF,25,1999,27,25,2250,25.0,0,1,1,0,0,0,2,0,0.0,0.04,0.04,0.0,0.04
FRA-Ligue 1,2526,Rennes,Lucas Rosier,FRA,FW,18,2007,2,0,2,0.0,0,0,0,0,0,0,0,0,0.0,0.0,0.0,0.0,0.0
FRA-Ligue 1,2526,Rennes,Ludovic Blas,FRA,"MF,FW",27,1997,32,15,1546,17.2,5,4,9,3,2,2,1,0,0.29,0.23,0.52,0.17,0.41
FRA-Ligue 1,2526,Rennes,Mahamadou Nagida,CMR,DF,20,2005,19,7,805,8.9,0,0,0,0,0,0,2,0,0.0,0.0,0.0,0.0,0.0
FRA-Ligue 1,2526,Rennes,Mahdi Camara,FRA,MF,27,1998,32,31,2653,29.5,3,1,4,3,0,0,5,1,0.1,0.03,0.14,0.1,0.14
FRA-Ligue 1,2526,Rennes,Mathys Silestrie,FRA,GK,19,2005,2,2,180,2.0,0,0,0,0,0,0,0,0,0.0,0.0,0.0,0.0,0.0
FRA-Ligue 1,2526,Rennes,Mikayil Ngor Faye,SEN,MF,21,2004,1,0,8,0.1,0,0,0,0,0,0,0,0,0.0,0.0,0.0,0.0,0.0
FRA-Ligue 1,2526,Rennes,Musa Al-Taamari,JOR,"MF,FW",28,1997,33,25,2212,24.6,6,6,12,6,0,0,4,0,0.24,0.24,0.49,0.24,0.49
FRA-Ligue 1,2526,Rennes,Nordan Mukiele,FRA,MF,19,2006,8,0,96,1.1,1,0,1,1,0,0,0,0,0.94,0.0,0.94,0.94,0.94
FRA-Ligue 1,2526,Rennes,Przemysław Frankowski,POL,"MF,DF",30,1995,19,15,1210,13.4,1,2,3,1,0,0,5,0,0.07,0.15,0.22,0.07,0.22
FRA-Ligue 1,2526,Rennes,Quentin Merlin,FRA,"DF,MF",23,2002,33,27,2533,28.1,1,5,6,1,0,0,2,0,0.04,0.18,0.21,0.04,0.21
FRA-Ligue 1,2526,Rennes,Sebastian Szymański,POL,MF,26,1999,16,10,776,8.6,1,3,4,1,0,0,2,0,0.12,0.35,0.46,0.12,0.46
FRA-Ligue 1,2526,Rennes,Seko Fofana,CIV,MF,30,1995,12,7,655,7.3,1,0,1,1,0,0,0,0,0.14,0.0,0.14,0.14,0.14
FRA-Ligue 1,2526,Rennes,Valentin Rongier,FRA,MF,30,1994,31,31,2745,30.5,2,5,7,2,0,0,6,0,0.07,0.16,0.23,0.07,0.23
FRA-Ligue 1,2526,Rennes,Yassir Zabiri,MAR,MF,20,2005,6,0,48,0.5,0,0,0,0,0,0,0,0,0.0,0.0,0.0,0.0,0.0
FRA-Ligue 1,2526,Strasbourg,Aaron Anselmino,ARG,DF,20,2005,3,0,16,0.2,0,0,0,0,0,0,0,0,0.0,0.0,0.0,0.0,0.0
FRA-Ligue 1,2526,Strasbourg,Abakar Sylla,CIV,DF,22,2002,1,0,2,0.0,0,0,0,0,0,0,0,0,0.0,0.0,0.0,0.0,0.0
FRA-Ligue 1,2526,Strasbourg,Abdoul Ouattara,FRA,"MF,DF",19,2005,28,19,1768,19.6,2,0,2,2,0,0,2,0,0.1,0.0,0.1,0.1,0.1
FRA-Ligue 1,2526,Strasbourg,Amadou Cissé,GUI,DF,19,2006,1,1,90,1.0,0,0,0,0,0,0,0,0,0.0,0.0,0.0,0.0,0.0
FRA-Ligue 1,2526,Strasbourg,Andrew Omobamidele,IRL,DF,23,2002,25,13,1357,15.1,1,0,1,1,0,0,4,0,0.07,0.0,0.07,0.07,0.07
FRA-Ligue 1,2526,Strasbourg,Ben Chilwell,ENG,"DF,MF",28,1996,20,19,1598,17.8,0,2,2,0,0,0,4,0,0.0,0.11,0.11,0.0,0.11
FRA-Ligue 1,2526,Strasbourg,David Datro Fofana,CIV,FW,22,2002,5,3,171,1.9,0,0,0,0,0,0,0,0,0.0,0.0,0.0,0.0,0.0
FRA-Ligue 1,2526,Strasbourg,Diego Moreira,BEL,MF,20,2004,27,23,2034,22.6,4,6,10,4,0,0,4,0,0.18,0.27,0.44,0.18,0.44
FRA-Ligue 1,2526,Strasbourg,Dilane Bakwa,FRA,"FW,MF",22,2002,3,0,107,1.2,1,2,3,1,0,0,0,0,0.84,1.68,2.52,0.84,2.52
FRA-Ligue 1,2526,Strasbourg,Emanuel Emegha,NED,FW,22,2003,10,4,443,4.9,4,2,6,4,0,0,3,0,0.81,0.41,1.22,0.81,1.22
FRA-Ligue 1,2526,Strasbourg,Félix Lemaréchal,FRA,"MF,FW",21,2003,11,7,555,6.2,0,2,2,0,0,0,1,0,0.0,0.32,0.32,0.0,0.32
FRA-Ligue 1,2526,Strasbourg,Gessime Yassine,MAR,MF,19,2005,12,6,510,5.7,0,1,1,0,0,0,0,0,0.0,0.18,0.18,0.0,0.18
FRA-Ligue 1,2526,Strasbourg,Guéla Doué,CIV,"DF,MF",22,2002,24,23,2061,22.9,2,6,8,2,0,0,3,0,0.09,0.26,0.35,0.09,0.35
FRA-Ligue 1,2526,Strasbourg,Idrissa Sabaly,FRA,MF,17,2007,1,1,56,0.6,0,0,0,0,0,0,0,0,0.0,0.0,0.0,0.0,0.0
FRA-Ligue 1,2526,Strasbourg,Ismaël Doukouré,FRA,"DF,MF",22,2003,25,25,2072,23.0,0,2,2,0,0,0,4,2,0.0,0.09,0.09,0.0,0.09
FRA-Ligue 1,2526,Strasbourg,Jean-Baptiste Bosey,FRA,FW,17,2008,1,0,1,0.0,0,0,0,0,0,0,0,0,0.0,0.0,0.0,0.0,0.0
FRA-Ligue 1,2526,Strasbourg,Joaquín Panichelli,ARG,FW,22,2002,27,24,2193,24.4,16,1,17,11,5,6,3,0,0.66,0.04,0.7,0.45,0.49
FRA-Ligue 1,2526,Strasbourg,Julio Enciso,PAR,"MF,FW",21,2004,27,22,1883,20.9,3,6,9,2,1,1,2,0,0.14,0.29,0.43,0.1,0.38
FRA-Ligue 1,2526,Strasbourg,Junior Mwanga,FRA,"DF,MF",22,2003,5,5,377,4.2,0,0,0,0,0,0,0,0,0.0,0.0,0.0,0.0,0.0
FRA-Ligue 1,2526,Strasbourg,Karl-Johan Johnsson,SWE,GK,35,1990,1,1,90,1.0,0,0,0,0,0,0,0,0,0.0,0.0,0.0,0.0,0.0
FRA-Ligue 1,2526,Strasbourg,Kendry Páez,ECU,"MF,FW",18,2007,15,4,424,4.7,1,0,1,1,0,0,0,0,0.21,0.0,0.21,0.21,0.21
FRA-Ligue 1,2526,Strasbourg,Lucas Høgsberg,DEN,DF,19,2006,24,21,1792,19.9,0,0,0,0,0,0,4,1,0.0,0.0,0.0,0.0,0.0
FRA-Ligue 1,2526,Strasbourg,Mamadou Sarr,SEN,DF,19,2005,15,15,1305,14.5,0,0,0,0,0,0,3,0,0.0,0.0,0.0,0.0,0.0
FRA-Ligue 1,2526,Strasbourg,Martial Godo,CIV,MF,22,2003,28,18,1584,17.6,10,1,11,10,0,0,2,0,0.57,0.06,0.62,0.57,0.62
FRA-Ligue 1,2526,Strasbourg,Mathis Amougou,FRA,MF,19,2006,12,4,409,4.5,0,0,0,0,0,0,1,0,0.0,0.0,0.0,0.0,0.0
FRA-Ligue 1,2526,Strasbourg,Max Oyedele,POL,"MF,DF",20,2004,8,6,446,5.0,1,0,1,1,0,0,3,0,0.2,0.0,0.2,0.2,0.2
FRA-Ligue 1,2526,Strasbourg,Mike Penders,BEL,GK,20,2005,33,33,2970,33.0,0,0,0,0,0,0,3,0,0.0,0.0,0.0,0.0,0.0
FRA-Ligue 1,2526,Strasbourg,Rabby Nzingoula,FRA,MF,19,2005,4,0,51,0.6,0,0,0,0,0,0,0,1,0.0,0.0,0.0,0.0,0.0
FRA-Ligue 1,2526,Strasbourg,Rafael Gonçalves,POR,"MF,DF",20,2005,12,6,588,6.5,0,1,1,0,0,0,0,0,0.0,0.15,0.15,0.0,0.15
FRA-Ligue 1,2526,Strasbourg,Samir El Mourabet,MAR,MF,19,2005,33,25,2128,23.6,1,2,3,1,0,0,4,0,0.04,0.08,0.13,0.04,0.13
FRA-Ligue 1,2526,Strasbourg,Samuel Amo-Ameyaw,ENG,"MF,DF",19,2006,25,9,1047,11.6,2,2,4,2,0,0,2,0,0.17,0.17,0.34,0.17,0.34
FRA-Ligue 1,2526,Strasbourg,Sebastian Nanasi,SWE,MF,23,2002,19,11,1050,11.7,7,2,9,7,0,0,0,0,0.6,0.17,0.77,0.6,0.77
FRA-Ligue 1,2526,Strasbourg,Tyrese Noubissié,FRA,MF,16,2009,4,0,58,0.6,0,0,0,0,0,0,1,0,0.0,0.0,0.0,0.0,0.0
FRA-Ligue 1,2526,Strasbourg,Valentín Barco,ARG,MF,21,2004,27,24,2168,24.1,2,4,6,2,0,0,5,1,0.08,0.17,0.25,0.08,0.25
FRA-Ligue 1,2526,Strasbourg,Yaya Diémé,SEN,FW,17,2007,3,2,154,1.7,0,0,0,0,0,0,2,0,0.0,0.0,0.0,0.0,0.0
FRA-Ligue 1,2526,Toulouse,Alexis Vossah,FRA,MF,17,2008,23,12,1092,12.1,1,1,2,1,0,0,5,1,0.08,0.08,0.16,0.08,0.16
FRA-Ligue 1,2526,Toulouse,Aron Dønnum,NOR,MF,27,1998,28,28,2419,26.9,4,4,8,1,3,3,10,1,0.15,0.15,0.3,0.04,0.19
FRA-Ligue 1,2526,Toulouse,Charlie Cresswell,ENG,DF,22,2002,29,28,2533,28.1,3,2,5,3,0,0,8,0,0.11,0.07,0.18,0.11,0.18
FRA-Ligue 1,2526,Toulouse,Cristian Cásseres Jr.,VEN,MF,25,2000,30,28,2495,27.7,2,3,5,2,0,1,6,0,0.07,0.11,0.18,0.07,0.18
FRA-Ligue 1,2526,Toulouse,Dayann Methalie,FRA,MF,19,2006,27,22,1871,20.8,2,1,3,2,0,0,9,0,0.1,0.05,0.14,0.1,0.14
FRA-Ligue 1,2526,Toulouse,Djibril Sidibé,FRA,"MF,DF",33,1992,32,25,2141,23.8,3,4,7,2,1,2,1,0,0.13,0.17,0.29,0.08,0.25
FRA-Ligue 1,2526,Toulouse,Emersonn,BRA,FW,21,2004,27,18,1499,16.7,6,2,8,6,0,0,5,1,0.36,0.12,0.48,0.36,0.48
FRA-Ligue 1,2526,Toulouse,Francis Abu,GHA,MF,24,2001,8,7,526,5.8,0,0,0,0,0,0,2,0,0.0,0.0,0.0,0.0,0.0
FRA-Ligue 1,2526,Toulouse,Frank Magri,CMR,"FW,MF",25,1999,17,16,1253,13.9,5,1,6,5,0,1,3,0,0.36,0.07,0.43,0.36,0.43
FRA-Ligue 1,2526,Toulouse,Guillaume Restes,FRA,GK,20,2005,33,33,2939,32.7,0,0,0,0,0,0,3,0,0.0,0.0,0.0,0.0,0.0
FRA-Ligue 1,2526,Toulouse,Ilyas Azizi,FRA,FW,17,2008,3,0,29,0.3,0,0,0,0,0,0,0,0,0.0,0.0,0.0,0.0,0.0
FRA-Ligue 1,2526,Toulouse,Jacen Russell-Rowe,CAN,FW,22,2002,13,5,472,5.2,1,0,1,1,0,0,0,0,0.19,0.0,0.19,0.19,0.19
FRA-Ligue 1,2526,Toulouse,Jaydee Canvot,FRA,"MF,DF",19,2006,2,2,180,2.0,0,0,0,0,0,0,1,0,0.0,0.0,0.0,0.0,0.0
FRA-Ligue 1,2526,Toulouse,Julián Vignolo,ARG,MF,18,2006,13,1,195,2.2,2,0,2,2,0,0,0,0,0.92,0.0,0.92,0.92,0.92
FRA-Ligue 1,2526,Toulouse,Kjetil Haug,NOR,GK,27,1998,1,0,31,0.3,0,0,0,0,0,0,0,0,0.0,0.0,0.0,0.0,0.0
FRA-Ligue 1,2526,Toulouse,Mario Sauer,SVK,MF,21,2004,25,6,651,7.2,1,0,1,1,0,0,4,0,0.14,0.0,0.14,0.14,0.14
FRA-Ligue 1,2526,Toulouse,Mark McKenzie,USA,DF,26,1999,29,27,2404,26.7,0,2,2,0,0,0,7,1,0.0,0.07,0.07,0.0,0.07
FRA-Ligue 1,2526,Toulouse,Mathis Saka,FRA,FW,18,2006,1,0,8,0.1,0,0,0,0,0,0,0,0,0.0,0.0,0.0,0.0,0.0
FRA-Ligue 1,2526,Toulouse,Noah Edjouma,FRA,FW,19,2005,12,2,256,2.8,0,0,0,0,0,0,0,0,0.0,0.0,0.0,0.0,0.0
FRA-Ligue 1,2526,Toulouse,Pape Demba Diop,SEN,MF,21,2003,15,13,1181,13.1,1,2,3,1,0,0,2,0,0.08,0.15,0.23,0.08,0.23
FRA-Ligue 1,2526,Toulouse,Rafik Messali,FRA,MF,22,2003,12,5,502,5.6,0,0,0,0,0,0,2,0,0.0,0.0,0.0,0.0,0.0
FRA-Ligue 1,2526,Toulouse,Rasmus Nicolaisen,DEN,DF,28,1997,32,30,2564,28.5,1,0,1,1,0,0,4,0,0.04,0.0,0.04,0.04,0.04
FRA-Ligue 1,2526,Toulouse,Santiago Hidalgo,ARG,"MF,FW",20,2005,28,14,1306,14.5,4,6,10,4,0,0,4,0,0.28,0.41,0.69,0.28,0.69
FRA-Ligue 1,2526,Toulouse,Seny Koumbassa,FRA,DF,18,2007,9,4,444,4.9,1,0,1,1,0,0,0,0,0.2,0.0,0.2,0.2,0.2
FRA-Ligue 1,2526,Toulouse,Warren Kamanzi,NOR,MF,24,2000,24,7,870,9.7,1,1,2,1,0,0,1,0,0.1,0.1,0.21,0.1,0.21
FRA-Ligue 1,2526,Toulouse,Yann Gboho,FRA,"MF,FW",24,2001,31,30,2601,28.9,8,3,11,8,0,0,1,1,0.28,0.1,0.38,0.28,0.38
ITA-Serie A,2526,Atalanta,Ademola Lookman,NGA,"FW,MF",27,1997,12,9,795,8.8,2,0,2,2,0,0,0,0,0.23,0.0,0.23,0.23,0.23
ITA-Serie A,2526,Atalanta,Berat Djimsiti,ALB,DF,32,1993,34,29,2525,28.1,0,0,0,0,0,0,4,0,0.0,0.0,0.0,0.0,0.0
ITA-Serie A,2526,Atalanta,Charles De Ketelaere,BEL,"MF,FW",24,2001,31,26,2177,24.2,3,5,8,3,0,0,4,0,0.12,0.21,0.33,0.12,0.33
ITA-Serie A,2526,Atalanta,Daniel Maldini,ITA,MF,23,2001,9,3,264,2.9,0,0,0,0,0,0,1,0,0.0,0.0,0.0,0.0,0.0
ITA-Serie A,2526,Atalanta,Davide Zappacosta,ITA,MF,33,1992,35,30,2569,28.5,3,3,6,3,0,0,3,0,0.11,0.11,0.21,0.11,0.21
ITA-Serie A,2526,Atalanta,Dominic Vavassori,ITA,FW,19,2005,1,0,10,0.1,0,0,0,0,0,0,0,0,0.0,0.0,0.0,0.0,0.0
ITA-Serie A,2526,Atalanta,Giacomo Raspadori,ITA,"MF,FW",25,2000,13,7,796,8.8,3,1,4,3,0,0,0,0,0.34,0.11,0.45,0.34,0.45
ITA-Serie A,2526,Atalanta,Gianluca Scamacca,ITA,FW,26,1999,24,16,1315,14.6,10,1,11,8,2,2,2,0,0.68,0.07,0.75,0.55,0.62
ITA-Serie A,2526,Atalanta,Giorgio Scalvini,ITA,DF,21,2003,24,23,1808,20.1,3,1,4,3,0,0,2,0,0.15,0.05,0.2,0.15,0.2
ITA-Serie A,2526,Atalanta,Honest Ahanor,ITA,DF,17,2008,22,15,1377,15.3,0,0,0,0,0,0,2,1,0.0,0.0,0.0,0.0,0.0
ITA-Serie A,2526,Atalanta,Isak Hien,SWE,DF,26,1999,28,20,1970,21.9,1,0,1,1,0,0,5,0,0.05,0.0,0.05,0.05,0.05
ITA-Serie A,2526,Atalanta,Kamaldeen Sulemana,GHA,MF,23,2002,25,9,1011,11.2,2,1,3,2,0,0,4,0,0.18,0.09,0.27,0.18,0.27
ITA-Serie A,2526,Atalanta,Lazar Samardzic,SRB,MF,23,2002,26,11,1030,11.4,2,1,3,2,0,0,1,0,0.17,0.09,0.26,0.17,0.26
ITA-Serie A,2526,Atalanta,Lorenzo Bernasconi,ITA,MF,21,2003,23,17,1572,17.5,0,3,3,0,0,0,3,0,0.0,0.17,0.17,0.0,0.17
ITA-Serie A,2526,Atalanta,Marco Brescianini,ITA,MF,25,2000,9,0,182,2.0,1,0,1,1,0,0,1,0,0.49,0.0,0.49,0.49,0.49
ITA-Serie A,2526,Atalanta,Marco Carnesecchi,ITA,GK,25,2000,37,37,3330,37.0,0,0,0,0,0,0,0,0,0.0,0.0,0.0,0.0,0.0
ITA-Serie A,2526,Atalanta,Marco Sportiello,ITA,GK,33,1992,1,1,90,1.0,0,0,0,0,0,0,0,0,0.0,0.0,0.0,0.0,0.0
ITA-Serie A,2526,Atalanta,Mario Pašalić,CRO,MF,30,1995,33,21,1936,21.5,3,4,7,3,0,0,3,0,0.14,0.19,0.33,0.14,0.33
ITA-Serie A,2526,Atalanta,Marten de Roon,NED,MF,34,1991,34,32,2691,29.9,1,2,3,1,0,0,8,1,0.03,0.07,0.1,0.03,0.1
ITA-Serie A,2526,Atalanta,Mitchel Bakker,NED,"DF,MF",25,2000,1,0,9,0.1,0,0,0,0,0,0,0,0,0.0,0.0,0.0,0.0,0.0
ITA-Serie A,2526,Atalanta,Nicola Zalewski,POL,MF,23,2002,33,24,1897,21.1,2,4,6,2,0,0,3,0,0.09,0.19,0.28,0.09,0.28
ITA-Serie A,2526,Atalanta,Nikola Krstović,MNE,FW,25,2000,33,18,1791,19.9,10,5,15,10,0,0,4,0,0.5,0.25,0.75,0.5,0.75
ITA-Serie A,2526,Atalanta,Odilon Kossounou,CIV,DF,24,2001,19,10,988,11.0,1,0,1,1,0,0,1,0,0.09,0.0,0.09,0.09,0.09
ITA-Serie A,2526,Atalanta,Raoul Bellanova,ITA,MF,25,2000,24,15,1377,15.3,0,1,1,0,0,0,2,0,0.0,0.07,0.07,0.0,0.07
ITA-Serie A,2526,Atalanta,Sead Kolašinac,BIH,DF,32,1993,19,15,1212,13.5,0,0,0,0,0,0,3,0,0.0,0.0,0.0,0.0,0.0
ITA-Serie A,2526,Atalanta,Yunus Musah,USA,MF,22,2002,19,4,574,6.4,1,0,1,1,0,0,1,0,0.16,0.0,0.16,0.16,0.16
ITA-Serie A,2526,Atalanta,Éderson Silva,BRA,MF,26,1999,30,26,2230,24.8,2,1,3,1,1,1,3,0,0.08,0.04,0.12,0.04,0.08
ITA-Serie A,2526,Bologna,Babis Lykogiannis,GRE,DF,31,1993,10,7,627,7.0,0,1,1,0,0,0,3,0,0.0,0.14,0.14,0.0,0.14
ITA-Serie A,2526,Bologna,Benjamín Domínguez,ARG,MF,21,2003,15,6,547,6.1,0,3,3,0,0,0,1,0,0.0,0.49,0.49,0.0,0.49
ITA-Serie A,2526,Bologna,Ciro Immobile,ITA,FW,35,1990,6,2,193,2.1,0,0,0,0,0,0,1,0,0.0,0.0,0.0,0.0,0.0
ITA-Serie A,2526,Bologna,Eivind Helland,NOR,DF,20,2005,6,6,484,5.4,0,0,0,0,0,0,2,0,0.0,0.0,0.0,0.0,0.0
ITA-Serie A,2526,Bologna,Emil Holm,SWE,DF,25,2000,11,8,655,7.3,1,4,5,1,0,0,3,1,0.14,0.55,0.69,0.14,0.69
ITA-Serie A,2526,Bologna,Federico Bernardeschi,ITA,"MF,FW",31,1994,29,12,1217,13.5,4,2,6,3,1,1,3,0,0.3,0.15,0.44,0.22,0.37
ITA-Serie A,2526,Bologna,Federico Ravaglia,ITA,GK,25,1999,17,16,1470,16.3,0,0,0,0,0,0,4,0,0.0,0.0,0.0,0.0,0.0
ITA-Serie A,2526,Bologna,Giovanni Fabbian,ITA,MF,22,2003,14,8,705,7.8,2,0,2,2,0,0,0,0,0.26,0.0,0.26,0.26,0.26
ITA-Serie A,2526,Bologna,Ibrahim Sulemana,GHA,MF,22,2003,3,0,45,0.5,0,0,0,0,0,0,1,0,0.0,0.0,0.0,0.0,0.0
ITA-Serie A,2526,Bologna,Jens Odgaard,DEN,MF,26,1999,26,16,1378,15.3,5,1,6,5,0,0,1,0,0.33,0.07,0.39,0.33,0.39
ITA-Serie A,2526,Bologna,Jhon Lucumí,COL,DF,27,1998,29,26,2287,25.4,1,0,1,1,0,0,5,0,0.04,0.0,0.04,0.04,0.04
ITA-Serie A,2526,Bologna,Jonathan Rowe,ENG,"MF,FW",22,2003,28,17,1605,17.8,3,2,5,3,0,0,2,0,0.17,0.11,0.28,0.17,0.28
ITA-Serie A,2526,Bologna,João Mário Lopes,POR,"DF,MF",25,2000,10,10,735,8.2,1,0,1,1,0,0,1,0,0.12,0.0,0.12,0.12,0.12
ITA-Serie A,2526,Bologna,Juan Miranda,ESP,DF,25,2000,32,29,2573,28.6,1,3,4,1,0,0,6,0,0.03,0.1,0.14,0.03,0.14
ITA-Serie A,2526,Bologna,Lewis Ferguson,SCO,MF,25,1999,27,17,1601,17.8,1,0,1,1,0,0,7,1,0.06,0.0,0.06,0.06,0.06
ITA-Serie A,2526,Bologna,Lorenzo De Silvestri,ITA,DF,37,1988,12,6,491,5.5,0,0,0,0,0,0,2,0,0.0,0.0,0.0,0.0,0.0
ITA-Serie A,2526,Bologna,Martin Vitík,CZE,DF,22,2003,19,14,1325,14.7,0,0,0,0,0,0,3,0,0.0,0.0,0.0,0.0,0.0
ITA-Serie A,2526,Bologna,Massimo Pessina,ITA,GK,17,2007,4,3,353,3.9,0,0,0,0,0,0,0,0,0.0,0.0,0.0,0.0,0.0
ITA-Serie A,2526,Bologna,Nadir Zortea,ITA,DF,26,1999,32,16,1819,20.2,0,2,2,0,0,0,2,0,0.0,0.1,0.1,0.0,0.1
ITA-Serie A,2526,Bologna,Nicolò Cambiaghi,ITA,"MF,FW",24,2000,28,17,1518,16.9,3,4,7,3,0,0,3,1,0.18,0.24,0.42,0.18,0.42
ITA-Serie A,2526,Bologna,Nicolò Casale,ITA,DF,27,1998,12,8,678,7.5,0,0,0,0,0,0,0,0,0.0,0.0,0.0,0.0,0.0
ITA-Serie A,2526,Bologna,Nikola Moro,CRO,MF,27,1998,30,19,1799,20.0,2,0,2,2,0,0,1,0,0.1,0.0,0.1,0.1,0.1
ITA-Serie A,2526,Bologna,Remo Freuler,SUI,MF,33,1992,29,26,2213,24.6,1,2,3,1,0,0,5,0,0.04,0.08,0.12,0.04,0.12
ITA-Serie A,2526,Bologna,Riccardo Orsolini,ITA,"MF,FW",28,1997,35,26,2111,23.5,10,1,11,6,4,6,2,0,0.43,0.04,0.47,0.26,0.3
ITA-Serie A,2526,Bologna,Santiago Castro,ARG,FW,20,2004,35,26,2359,26.2,7,2,9,7,0,0,3,0,0.27,0.08,0.34,0.27,0.34
ITA-Serie A,2526,Bologna,Simon Sohm,SUI,MF,24,2001,12,9,717,8.0,0,0,0,0,0,0,1,0,0.0,0.0,0.0,0.0,0.0
ITA-Serie A,2526,Bologna,Thijs Dallinga,NED,FW,24,2000,23,9,811,9.0,2,2,4,2,0,0,2,0,0.22,0.22,0.44,0.22,0.44
ITA-Serie A,2526,Bologna,Tommaso Pobega,ITA,MF,26,1999,26,17,1434,15.9,3,1,4,3,0,0,2,1,0.19,0.06,0.25,0.19,0.25
ITA-Serie A,2526,Bologna,Torbjørn Heggem,NOR,DF,26,1999,27,23,2113,23.5,0,0,0,0,0,0,0,1,0.0,0.0,0.0,0.0,0.0
ITA-Serie A,2526,Bologna,Łukasz Skorupski,POL,GK,34,1991,19,19,1592,17.7,0,0,0,0,0,0,1,1,0.0,0.0,0.0,0.0,0.0
ITA-Serie A,2526,Cagliari,Adam Obert,SVK,"DF,MF",22,2002,35,33,2771,30.8,0,3,3,0,0,0,10,1,0.0,0.1,0.1,0.0,0.1
ITA-Serie A,2526,Cagliari,Agustín Albarracín,URU,FW,19,2005,2,0,33,0.4,0,0,0,0,0,0,0,0,0.0,0.0,0.0,0.0,0.0
ITA-Serie A,2526,Cagliari,Alberto Dossena,ITA,DF,26,1998,12,9,859,9.5,0,1,1,0,0,0,5,0,0.0,0.1,0.1,0.0,0.1
ITA-Serie A,2526,Cagliari,Alessandro Deiola,ITA,"MF,DF",29,1995,20,17,1430,15.9,0,2,2,0,0,0,3,0,0.0,0.13,0.13,0.0,0.13
ITA-Serie A,2526,Cagliari,Alessandro Di Pardo,ITA,"DF,MF",26,1999,3,0,54,0.6,0,0,0,0,0,0,0,0,0.0,0.0,0.0,0.0,0.0
ITA-Serie A,2526,Cagliari,Andrea Belotti,ITA,FW,31,1993,8,3,221,2.5,2,0,2,1,1,1,0,0,0.81,0.0,0.81,0.41,0.41
ITA-Serie A,2526,Cagliari,Elia Caprile,ITA,GK,23,2001,38,38,3420,38.0,0,0,0,0,0,0,2,0,0.0,0.0,0.0,0.0,0.0
ITA-Serie A,2526,Cagliari,Gabriele Zappa,ITA,"DF,MF",25,1999,31,18,1597,17.7,0,3,3,0,0,0,2,0,0.0,0.17,0.17,0.0,0.17
ITA-Serie A,2526,Cagliari,Gennaro Borrelli,ITA,FW,25,2000,27,13,1275,14.2,5,1,6,5,0,0,4,0,0.35,0.07,0.42,0.35,0.42
ITA-Serie A,2526,Cagliari,Gianluca Gaetano,ITA,"MF,FW",25,2000,33,21,1912,21.2,2,4,6,2,0,0,4,0,0.09,0.19,0.28,0.09,0.28
ITA-Serie A,2526,Cagliari,Ibrahim Sulemana,GHA,MF,22,2003,16,7,860,9.6,1,0,1,1,0,0,2,0,0.1,0.0,0.1,0.1,0.1
ITA-Serie A,2526,Cagliari,Joseph Liteta,ZAM,MF,19,2006,4,4,264,2.9,0,0,0,0,0,0,0,0,0.0,0.0,0.0,0.0,0.0
ITA-Serie A,2526,Cagliari,Juan Rodríguez,URU,DF,20,2005,17,16,1310,14.6,1,0,1,1,0,0,3,0,0.07,0.0,0.07,0.07,0.07
ITA-Serie A,2526,Cagliari,Leonardo Pavoletti,ITA,FW,36,1988,13,1,227,2.5,1,1,2,1,0,0,1,0,0.4,0.4,0.79,0.4,0.79
ITA-Serie A,2526,Cagliari,Luca Mazzitelli,ITA,MF,29,1995,18,9,767,8.5,2,2,4,2,0,0,3,0,0.23,0.23,0.47,0.23,0.47
ITA-Serie A,2526,Cagliari,Marco Palestra,ITA,"MF,DF",20,2005,37,34,3081,34.2,1,4,5,1,0,0,3,0,0.03,0.12,0.15,0.03,0.15
ITA-Serie A,2526,Cagliari,Matteo Prati,ITA,MF,21,2003,20,15,1268,14.1,1,0,1,1,0,0,4,0,0.07,0.0,0.07,0.07,0.07
ITA-Serie A,2526,Cagliari,Mattia Felici,ITA,MF,24,2001,12,4,412,4.6,2,1,3,2,0,0,3,0,0.44,0.22,0.66,0.44,0.66
ITA-Serie A,2526,Cagliari,Michael Folorunsho,ITA,"MF,FW",27,1998,27,24,1999,22.2,2,0,2,2,0,0,3,0,0.09,0.0,0.09,0.09,0.09
ITA-Serie A,2526,Cagliari,Michel Ndary Adopo,FRA,MF,25,2000,38,33,3050,33.9,1,2,3,1,0,0,4,0,0.03,0.06,0.09,0.03,0.09
ITA-Serie A,2526,Cagliari,Nicolò Cavuoti,ITA,MF,22,2003,4,0,44,0.5,0,0,0,0,0,0,0,0,0.0,0.0,0.0,0.0,0.0
ITA-Serie A,2526,Cagliari,Othniel Raterink,NED,DF,19,2006,1,0,7,0.1,0,0,0,0,0,0,0,0,0.0,0.0,0.0,0.0,0.0
ITA-Serie A,2526,Cagliari,Paul Mendy,SEN,FW,18,2007,9,3,335,3.7,2,0,2,2,0,0,1,0,0.54,0.0,0.54,0.54,0.54
ITA-Serie A,2526,Cagliari,Riyad Idrissi,ITA,"MF,DF",20,2005,23,4,783,8.7,2,0,2,2,0,0,3,0,0.23,0.0,0.23,0.23,0.23
ITA-Serie A,2526,Cagliari,Sebastiano Esposito,ITA,"FW,MF",23,2002,36,34,2675,29.7,7,5,12,6,1,1,6,0,0.24,0.17,0.4,0.2,0.37
ITA-Serie A,2526,Cagliari,Sebastiano Luperto,ITA,DF,28,1996,19,19,1706,19.0,1,0,1,1,0,0,3,0,0.05,0.0,0.05,0.05,0.05
ITA-Serie A,2526,Cagliari,Semih Kılıçsoy,TUR,FW,19,2005,22,11,975,10.8,4,0,4,4,0,0,1,0,0.37,0.0,0.37,0.37,0.37
ITA-Serie A,2526,Cagliari,Yael Trepy,,FW,,,8,0,91,1.0,1,0,1,1,0,0,0,0,0.99,0.0,0.99,0.99,0.99
ITA-Serie A,2526,Cagliari,Yerry Mina,COL,DF,30,1994,26,26,2150,23.9,2,0,2,2,0,0,5,1,0.08,0.0,0.08,0.08,0.08
ITA-Serie A,2526,Cagliari,Zito Luvumbo,ANG,"MF,FW",23,2002,12,2,329,3.7,0,0,0,0,0,0,0,0,0.0,0.0,0.0,0.0,0.0
ITA-Serie A,2526,Cagliari,Zé Pedro Figueiredo,POR,DF,28,1997,23,20,1699,18.9,0,1,1,0,0,0,6,0,0.0,0.05,0.05,0.0,0.05
ITA-Serie A,2526,Como,Alberto Moreno,ESP,DF,33,1992,19,13,1233,13.7,2,1,3,2,0,0,4,0,0.15,0.07,0.22,0.15,0.22
ITA-Serie A,2526,Como,Anastasios Douvikas,GRE,FW,25,1999,38,25,2273,25.3,14,1,15,13,1,1,0,0,0.55,0.04,0.59,0.51,0.55
ITA-Serie A,2526,Como,Andréa Le Borgne,FRA,MF,19,2006,1,0,1,0.0,0,0,0,0,0,0,0,0,0.0,0.0,0.0,0.0,0.0
ITA-Serie A,2526,Como,Assane Diao,SEN,MF,19,2005,17,13,1075,11.9,2,1,3,2,0,0,2,0,0.17,0.08,0.25,0.17,0.25
ITA-Serie A,2526,Como,Diego Carlos,BRA,DF,32,1993,27,21,1949,21.7,1,0,1,1,0,0,8,0,0.05,0.0,0.05,0.05,0.05
ITA-Serie A,2526,Como,Edoardo Goldaniga,ITA,DF,31,1993,2,0,15,0.2,0,0,0,0,0,0,0,0,0.0,0.0,0.0,0.0,0.0
ITA-Serie A,2526,Como,Ignace Van Der Brempt,BEL,DF,23,2002,20,11,931,10.3,0,1,1,0,0,0,2,0,0.0,0.1,0.1,0.0,0.1
ITA-Serie A,2526,Como,Ivan Smolčić,CRO,DF,24,2000,28,19,1662,18.5,0,1,1,0,0,0,8,0,0.0,0.05,0.05,0.0,0.05
ITA-Serie A,2526,Como,Jacobo Ramón,ESP,DF,20,2005,32,30,2742,30.5,2,0,2,2,0,0,11,1,0.07,0.0,0.07,0.07,0.07
ITA-Serie A,2526,Como,Jayden Addai,NED,MF,19,2005,12,7,686,7.6,3,0,3,3,0,0,4,0,0.39,0.0,0.39,0.39,0.39
ITA-Serie A,2526,Como,Jean Butez,FRA,GK,30,1995,38,38,3420,38.0,0,1,1,0,0,0,3,0,0.0,0.03,0.03,0.0,0.03
ITA-Serie A,2526,Como,Jesus Rodríguez,ESP,MF,19,2005,31,18,1731,19.2,2,9,11,2,0,0,3,1,0.1,0.47,0.57,0.1,0.57
ITA-Serie A,2526,Como,Lucas Da Cunha,FRA,MF,24,2001,36,31,2739,30.4,6,4,10,2,4,4,4,0,0.2,0.13,0.33,0.07,0.2
ITA-Serie A,2526,Como,Marc-Oliver Kempf,GER,DF,30,1995,34,27,2326,25.8,4,1,5,4,0,0,3,0,0.15,0.04,0.19,0.15,0.19
ITA-Serie A,2526,Como,Martin Baturina,CRO,"MF,FW",22,2003,29,17,1569,17.4,6,3,9,6,0,0,0,0,0.34,0.17,0.52,0.34,0.52
ITA-Serie A,2526,Como,Maxence Caqueret,FRA,MF,25,2000,30,17,1485,16.5,2,6,8,2,0,0,3,0,0.12,0.36,0.48,0.12,0.48
ITA-Serie A,2526,Como,Máximo Perrone,ARG,MF,22,2003,36,33,2742,30.5,3,4,7,3,0,0,8,0,0.1,0.13,0.23,0.1,0.23
ITA-Serie A,2526,Como,Mërgim Vojvoda,KVX,"MF,DF",30,1995,30,19,1591,17.7,2,2,4,2,0,0,2,0,0.11,0.11,0.23,0.11,0.23
ITA-Serie A,2526,Como,Nicolas-Gerrit Kühn,GER,MF,25,2000,23,6,665,7.4,1,1,2,1,0,0,0,0,0.14,0.14,0.27,0.14,0.27
ITA-Serie A,2526,Como,Nicolás Paz,ARG,MF,20,2004,35,33,2878,32.0,12,6,18,12,0,2,5,0,0.38,0.19,0.56,0.38,0.56
ITA-Serie A,2526,Como,Sergi Roberto,ESP,MF,33,1992,20,5,544,6.0,0,0,0,0,0,0,3,0,0.0,0.0,0.0,0.0,0.0
ITA-Serie A,2526,Como,Stefan Posch,AUT,DF,28,1997,14,3,393,4.4,1,0,1,1,0,0,1,0,0.23,0.0,0.23,0.23,0.23
ITA-Serie A,2526,Como,Álex Valle,ESP,DF,21,2004,28,23,2026,22.5,1,4,5,1,0,0,3,0,0.04,0.18,0.22,0.04,0.22
ITA-Serie A,2526,Como,Álvaro Morata,ESP,FW,32,1992,26,9,930,10.3,0,1,1,0,0,1,4,1,0.0,0.1,0.1,0.0,0.1
ITA-Serie A,2526,Cremonese,Alberto Grassi,ITA,MF,30,1995,30,18,1753,19.5,0,0,0,0,0,0,4,1,0.0,0.0,0.0,0.0,0.0
ITA-Serie A,2526,Cremonese,Alessio Zerbin,ITA,MF,26,1999,32,17,1646,18.3,0,3,3,0,0,0,1,0,0.0,0.16,0.16,0.0,0.16
ITA-Serie A,2526,Cremonese,Antonio Sanabria,PAR,FW,29,1996,25,10,945,10.5,1,1,2,1,0,0,2,0,0.1,0.1,0.19,0.1,0.19
ITA-Serie A,2526,Cremonese,Dachi Lordkipanidze,GEO,MF,20,2005,1,0,29,0.3,0,0,0,0,0,0,0,0,0.0,0.0,0.0,0.0,0.0
ITA-Serie A,2526,Cremonese,David Okereke,NGA,"FW,MF",27,1997,10,3,403,4.5,2,0,2,2,0,0,0,1,0.45,0.0,0.45,0.45,0.45
ITA-Serie A,2526,Cremonese,Dennis Johnsen,NOR,"MF,FW",27,1998,11,5,390,4.3,1,1,2,1,0,0,0,0,0.23,0.23,0.46,0.23,0.46
ITA-Serie A,2526,Cremonese,Emil Audero,IDN,GK,28,1997,34,34,3060,34.0,0,0,0,0,0,0,0,0,0.0,0.0,0.0,0.0,0.0
ITA-Serie A,2526,Cremonese,Faris Pemi Moumbagna,CMR,FW,25,2000,5,0,93,1.0,0,0,0,0,0,0,0,0,0.0,0.0,0.0,0.0,0.0
ITA-Serie A,2526,Cremonese,Federico Baschirotto,ITA,DF,28,1996,29,29,2540,28.2,2,0,2,2,0,0,2,0,0.07,0.0,0.07,0.07,0.07
ITA-Serie A,2526,Cremonese,Federico Bonazzoli,ITA,FW,28,1997,35,31,2510,27.9,10,1,11,7,3,3,4,0,0.36,0.04,0.39,0.25,0.29
ITA-Serie A,2526,Cremonese,Federico Ceccherini,ITA,DF,33,1992,9,6,476,5.3,0,1,1,0,0,0,1,1,0.0,0.19,0.19,0.0,0.19
ITA-Serie A,2526,Cremonese,Filippo Terracciano,ITA,DF,22,2003,36,33,3011,33.5,2,0,2,2,0,0,6,0,0.06,0.0,0.06,0.06,0.06
ITA-Serie A,2526,Cremonese,Francesco Folino,ITA,DF,23,2002,18,7,722,8.0,1,0,1,1,0,0,1,0,0.12,0.0,0.12,0.12,0.12
ITA-Serie A,2526,Cremonese,Franco Vázquez,ARG,"FW,MF",36,1989,15,4,524,5.8,1,1,2,1,0,0,1,0,0.17,0.17,0.34,0.17,0.34
ITA-Serie A,2526,Cremonese,Giuseppe Pezzella,ITA,"MF,DF",27,1997,31,30,2585,28.7,0,1,1,0,0,0,8,1,0.0,0.03,0.03,0.0,0.03
ITA-Serie A,2526,Cremonese,Jamie Vardy,ENG,FW,38,1987,29,24,2105,23.4,7,2,9,7,0,0,5,0,0.3,0.09,0.38,0.3,0.38
ITA-Serie A,2526,Cremonese,Jari Vandeputte,BEL,MF,29,1996,32,23,1944,21.6,1,5,6,1,0,0,3,0,0.05,0.23,0.28,0.05,0.28
ITA-Serie A,2526,Cremonese,Jeremy Sarmiento,ECU,MF,23,2002,7,0,142,1.6,0,0,0,0,0,0,0,0,0.0,0.0,0.0,0.0,0.0
ITA-Serie A,2526,Cremonese,Manuel De Luca,ITA,FW,27,1998,2,0,16,0.2,1,0,1,0,1,1,0,0,5.63,0.0,5.63,0.0,0.0
ITA-Serie A,2526,Cremonese,Marco Silvestri,ITA,GK,34,1991,4,4,360,4.0,0,0,0,0,0,0,0,0,0.0,0.0,0.0,0.0,0.0
ITA-Serie A,2526,Cremonese,Martín Payero,ARG,MF,26,1998,25,16,1457,16.2,1,0,1,1,0,0,8,0,0.06,0.0,0.06,0.06,0.06
ITA-Serie A,2526,Cremonese,Matteo Bianchetti,ITA,DF,32,1993,27,25,2192,24.4,0,2,2,0,0,0,4,0,0.0,0.08,0.08,0.0,0.08
ITA-Serie A,2526,Cremonese,Michele Collocolo,ITA,MF,25,1999,8,5,362,4.0,0,0,0,0,0,0,1,0,0.0,0.0,0.0,0.0,0.0
ITA-Serie A,2526,Cremonese,Mikayil Ngor Faye,SEN,"MF,DF",21,2004,8,2,254,2.8,0,0,0,0,0,0,1,0,0.0,0.0,0.0,0.0,0.0
ITA-Serie A,2526,Cremonese,Milan Đurić,BIH,FW,35,1990,11,3,386,4.3,0,1,1,0,0,0,1,1,0.0,0.23,0.23,0.0,0.23
ITA-Serie A,2526,Cremonese,Morten Thorsby,NOR,MF,29,1996,11,8,643,7.1,1,0,1,1,0,0,2,0,0.14,0.0,0.14,0.14,0.14
ITA-Serie A,2526,Cremonese,Romano Floriani,ITA,MF,22,2003,28,12,1168,13.0,0,1,1,0,0,0,2,0,0.0,0.08,0.08,0.0,0.08
ITA-Serie A,2526,Cremonese,Sebastiano Luperto,ITA,DF,28,1996,15,15,1307,14.5,0,1,1,0,0,0,1,0,0.0,0.07,0.07,0.0,0.07
ITA-Serie A,2526,Cremonese,Simone Lottici Tessadri,ITA,MF,19,2006,1,0,6,0.1,0,0,0,0,0,0,0,0,0.0,0.0,0.0,0.0,0.0
ITA-Serie A,2526,Cremonese,Tommaso Barbieri,ITA,MF,22,2002,29,18,1707,19.0,0,1,1,0,0,0,8,0,0.0,0.05,0.05,0.0,0.05
ITA-Serie A,2526,Cremonese,Warren Bondo,FRA,MF,21,2003,27,22,1762,19.6,0,0,0,0,0,0,5,0,0.0,0.0,0.0,0.0,0.0
ITA-Serie A,2526,Cremonese,Youssef Maleh,MAR,MF,26,1998,14,14,1100,12.2,1,0,1,1,0,0,2,1,0.08,0.0,0.08,0.08,0.08
ITA-Serie A,2526,Fiorentina,Abdelhamid Sabiri,MAR,MF,28,1996,1,0,27,0.3,0,0,0,0,0,0,0,0,0.0,0.0,0.0,0.0,0.0
ITA-Serie A,2526,Fiorentina,Albert Guðmundsson,ISL,"FW,MF",28,1997,33,27,2250,25.0,5,4,9,2,3,3,4,1,0.2,0.16,0.36,0.08,0.24
ITA-Serie A,2526,Fiorentina,Amir Richardson,MAR,MF,23,2002,2,0,42,0.5,0,0,0,0,0,0,0,0,0.0,0.0,0.0,0.0,0.0
ITA-Serie A,2526,Fiorentina,Cher Ndour,ITA,MF,21,2004,33,20,1876,20.8,3,0,3,3,0,0,2,0,0.14,0.0,0.14,0.14,0.14
ITA-Serie A,2526,Fiorentina,Christian Kouamé,CIV,"FW,MF",27,1997,2,0,27,0.3,0,0,0,0,0,0,0,0,0.0,0.0,0.0,0.0,0.0
ITA-Serie A,2526,Fiorentina,Daniele Rugani,ITA,DF,31,1994,6,4,327,3.6,0,0,0,0,0,0,2,0,0.0,0.0,0.0,0.0,0.0
ITA-Serie A,2526,Fiorentina,David de Gea,ESP,GK,34,1990,37,37,3330,37.0,0,0,0,0,0,0,0,0,0.0,0.0,0.0,0.0,0.0
ITA-Serie A,2526,Fiorentina,Dodô,BRA,"DF,MF",26,1998,36,36,3134,34.8,1,2,3,1,0,0,7,0,0.03,0.06,0.09,0.03,0.09
ITA-Serie A,2526,Fiorentina,Eddy Kouadio,CIV,DF,19,2006,3,0,72,0.8,0,0,0,0,0,0,0,0,0.0,0.0,0.0,0.0,0.0
ITA-Serie A,2526,Fiorentina,Edin Džeko,BIH,FW,39,1986,11,2,244,2.7,0,0,0,0,0,0,1,0,0.0,0.0,0.0,0.0,0.0
ITA-Serie A,2526,Fiorentina,Fabiano Parisi,ITA,"MF,FW",24,2000,23,18,1520,16.9,1,1,2,1,0,0,6,0,0.06,0.06,0.12,0.06,0.12
ITA-Serie A,2526,Fiorentina,Giovanni Fabbian,ITA,MF,22,2003,15,4,468,5.2,0,0,0,0,0,0,2,0,0.0,0.0,0.0,0.0,0.0
ITA-Serie A,2526,Fiorentina,Hans Nicolussi Caviglia,ITA,MF,25,2000,11,7,585,6.5,0,1,1,0,0,0,4,0,0.0,0.15,0.15,0.0,0.15
ITA-Serie A,2526,Fiorentina,Jack Harrison,ENG,"FW,MF",28,1996,15,10,981,10.9,1,3,4,1,0,0,1,0,0.09,0.28,0.37,0.09,0.37
ITA-Serie A,2526,Fiorentina,Jacopo Fazzini,ITA,"MF,FW",22,2003,20,5,584,6.5,0,0,0,0,0,0,2,0,0.0,0.0,0.0,0.0,0.0
ITA-Serie A,2526,Fiorentina,Luca Lezzerini,ITA,GK,30,1995,1,0,4,0.0,0,0,0,0,0,0,0,0,0.0,0.0,0.0,0.0,0.0
ITA-Serie A,2526,Fiorentina,Luca Ranieri,ITA,DF,26,1999,34,29,2458,27.3,1,0,1,1,0,0,8,1,0.04,0.0,0.04,0.04,0.04
ITA-Serie A,2526,Fiorentina,Luís Balbo,VEN,DF,19,2006,6,1,212,2.4,0,0,0,0,0,0,0,0,0.0,0.0,0.0,0.0,0.0
ITA-Serie A,2526,Fiorentina,Manor Solomon,ISR,"FW,MF",26,1999,16,9,890,9.9,2,1,3,2,0,0,1,0,0.2,0.1,0.3,0.2,0.3
ITA-Serie A,2526,Fiorentina,Marco Brescianini,ITA,MF,25,2000,17,10,862,9.6,1,1,2,1,0,0,1,0,0.1,0.1,0.21,0.1,0.21
ITA-Serie A,2526,Fiorentina,Marin Pongračić,CRO,DF,27,1997,35,33,2918,32.4,0,0,0,0,0,0,12,0,0.0,0.0,0.0,0.0,0.0
ITA-Serie A,2526,Fiorentina,Mattia Viti,ITA,"MF,DF",23,2002,10,2,265,2.9,0,0,0,0,0,0,3,1,0.0,0.0,0.0,0.0,0.0
ITA-Serie A,2526,Fiorentina,Moise Kean,ITA,FW,25,2000,26,23,2036,22.6,8,1,9,6,2,2,4,0,0.35,0.04,0.4,0.27,0.31
ITA-Serie A,2526,Fiorentina,Niccolò Fortini,ITA,MF,19,2006,16,2,541,6.0,0,0,0,0,0,0,0,0,0.0,0.0,0.0,0.0,0.0
ITA-Serie A,2526,Fiorentina,Nicolò Fagioli,ITA,MF,24,2001,33,30,2554,28.4,2,3,5,2,0,0,5,0,0.07,0.11,0.18,0.07,0.18
ITA-Serie A,2526,Fiorentina,Oliver Christensen,DEN,GK,26,1999,1,1,86,1.0,0,0,0,0,0,0,0,0,0.0,0.0,0.0,0.0,0.0
ITA-Serie A,2526,Fiorentina,Pablo Marí,ESP,DF,31,1993,11,9,808,9.0,0,0,0,0,0,0,3,0,0.0,0.0,0.0,0.0,0.0
ITA-Serie A,2526,Fiorentina,Pietro Comuzzo,ITA,DF,20,2005,27,18,1696,18.8,1,0,1,1,0,0,2,0,0.05,0.0,0.05,0.05,0.05
ITA-Serie A,2526,Fiorentina,Riccardo Braschi,ITA,FW,18,2006,2,1,105,1.2,0,0,0,0,0,0,0,0,0.0,0.0,0.0,0.0,0.0
ITA-Serie A,2526,Fiorentina,Roberto Piccoli,ITA,FW,24,2001,32,16,1672,18.6,4,1,5,4,0,0,1,0,0.22,0.05,0.27,0.22,0.27
ITA-Serie A,2526,Fiorentina,Robin Gosens,GER,"DF,MF",31,1994,26,24,1881,20.9,3,1,4,3,0,0,2,0,0.14,0.05,0.19,0.14,0.19
ITA-Serie A,2526,Fiorentina,Rolando Mandragora,ITA,MF,28,1997,34,30,2421,26.9,7,3,10,6,1,1,7,0,0.26,0.11,0.37,0.22,0.33
ITA-Serie A,2526,Fiorentina,Simon Sohm,SUI,MF,24,2001,16,9,708,7.9,0,1,1,0,0,0,2,0,0.0,0.13,0.13,0.0,0.13
ITA-Serie A,2526,Fiorentina,Tariq Lamptey,GHA,MF,24,2000,2,1,25,0.3,0,0,0,0,0,0,0,0,0.0,0.0,0.0,0.0,0.0
ITA-Serie A,2526,Genoa,Aarón Martín,ESP,"MF,DF",28,1997,33,26,2156,24.0,1,5,6,1,0,1,2,0,0.04,0.21,0.25,0.04,0.25
ITA-Serie A,2526,Genoa,Albert Grønbaek,DEN,MF,24,2001,4,1,103,1.1,0,0,0,0,0,0,1,0,0.0,0.0,0.0,0.0,0.0
ITA-Serie A,2526,Genoa,Alessandro Marcandalli,ITA,DF,22,2002,32,29,2597,28.9,0,2,2,0,0,0,4,0,0.0,0.07,0.07,0.0,0.07
ITA-Serie A,2526,Genoa,Amorim,BRA,MF,20,2005,11,6,552,6.1,0,0,0,0,0,0,1,0,0.0,0.0,0.0,0.0,0.0
ITA-Serie A,2526,Genoa,Brooke Norton-Cuffy,ENG,"MF,DF",21,2004,27,25,2212,24.6,2,1,3,2,0,0,5,1,0.08,0.04,0.12,0.08,0.12
ITA-Serie A,2526,Genoa,Caleb Ekuban,GHA,"FW,MF",31,1994,31,6,994,11.0,4,1,5,4,0,0,0,0,0.36,0.09,0.45,0.36,0.45
ITA-Serie A,2526,Genoa,Daniele Sommariva,ITA,GK,28,1997,2,1,176,2.0,0,0,0,0,0,0,0,0,0.0,0.0,0.0,0.0,0.0
ITA-Serie A,2526,Genoa,Filippo Carbone,ITA,MF,18,2006,1,0,8,0.1,0,0,0,0,0,0,0,0,0.0,0.0,0.0,0.0,0.0
ITA-Serie A,2526,Genoa,Gael Lafont,FRA,FW,19,2006,1,0,8,0.1,0,0,0,0,0,0,0,0,0.0,0.0,0.0,0.0,0.0
ITA-Serie A,2526,Genoa,Jacopo Grossi,ITA,MF,18,2006,1,0,22,0.2,0,0,0,0,0,0,0,0,0.0,0.0,0.0,0.0,0.0
ITA-Serie A,2526,Genoa,Jean Onana,CMR,MF,25,2000,3,0,45,0.5,0,0,0,0,0,0,0,0,0.0,0.0,0.0,0.0,0.0
ITA-Serie A,2526,Genoa,Jeff Ekhator,ITA,"FW,MF",18,2006,30,9,956,10.6,3,0,3,3,0,0,3,0,0.28,0.0,0.28,0.28,0.28
ITA-Serie A,2526,Genoa,Johan Vásquez,MEX,DF,26,1998,36,36,3215,35.7,1,0,1,1,0,0,2,0,0.03,0.0,0.03,0.03,0.03
ITA-Serie A,2526,Genoa,Joi Nuredini,ALB,FW,17,2007,1,0,2,0.0,0,0,0,0,0,0,0,0,0.0,0.0,0.0,0.0,0.0
ITA-Serie A,2526,Genoa,Junior Messias,BRA,MF,34,1991,20,5,685,7.6,3,1,4,2,1,1,1,0,0.39,0.13,0.53,0.26,0.39
ITA-Serie A,2526,Genoa,Justin Bijlow,NED,GK,27,1998,16,16,1395,15.5,0,0,0,0,0,0,1,0,0.0,0.0,0.0,0.0,0.0
ITA-Serie A,2526,Genoa,Latif Ouedraogo,BFA,DF,17,2007,2,0,51,0.6,0,0,0,0,0,0,0,0,0.0,0.0,0.0,0.0,0.0
ITA-Serie A,2526,Genoa,Leo Østigård,NOR,DF,25,1999,30,30,2622,29.1,5,1,6,5,0,0,7,0,0.17,0.03,0.21,0.17,0.21
ITA-Serie A,2526,Genoa,Lorenzo Colombo,ITA,FW,23,2002,38,30,2326,25.8,7,1,8,6,1,2,2,0,0.27,0.04,0.31,0.23,0.27
ITA-Serie A,2526,Genoa,Lorenzo Venturino,ITA,FW,19,2006,2,0,40,0.4,0,0,0,0,0,0,0,0,0.0,0.0,0.0,0.0,0.0
ITA-Serie A,2526,Genoa,Mamedi Doucouré,FRA,DF,18,2007,1,0,9,0.1,0,0,0,0,0,0,0,0,0.0,0.0,0.0,0.0,0.0
ITA-Serie A,2526,Genoa,Maxwel Cornet,CIV,MF,28,1996,8,1,118,1.3,0,0,0,0,0,1,0,0,0.0,0.0,0.0,0.0,0.0
ITA-Serie A,2526,Genoa,Mikael Ellertsson,ISL,MF,23,2002,36,31,2767,30.7,1,1,2,1,0,0,1,1,0.03,0.03,0.07,0.03,0.07
ITA-Serie A,2526,Genoa,Morten Frendrup,DEN,MF,24,2001,36,35,3081,34.2,1,0,1,1,0,0,5,0,0.03,0.0,0.03,0.03,0.03
ITA-Serie A,2526,Genoa,Morten Thorsby,NOR,MF,29,1996,13,8,731,8.1,2,1,3,2,0,0,2,0,0.25,0.12,0.37,0.25,0.37
ITA-Serie A,2526,Genoa,Nicola Leali,ITA,GK,32,1993,22,21,1847,20.5,0,0,0,0,0,0,2,1,0.0,0.0,0.0,0.0,0.0
ITA-Serie A,2526,Genoa,Nicolae Stanciu,ROU,MF,32,1993,4,2,180,2.0,0,0,0,0,0,1,0,0,0.0,0.0,0.0,0.0,0.0
ITA-Serie A,2526,Genoa,Nils Zätterström,SWE,DF,20,2005,3,2,181,2.0,0,0,0,0,0,0,0,0,0.0,0.0,0.0,0.0,0.0
ITA-Serie A,2526,Genoa,Patrizio Masini,ITA,MF,24,2001,28,13,1413,15.7,0,1,1,0,0,0,5,0,0.0,0.06,0.06,0.0,0.06
ITA-Serie A,2526,Genoa,Ruslan Malinovskyi,UKR,MF,32,1993,34,28,2235,24.8,6,3,9,3,3,3,10,0,0.24,0.12,0.36,0.12,0.24
ITA-Serie A,2526,Genoa,Sebastian Otoa,DEN,DF,21,2004,13,9,829,9.2,0,0,0,0,0,0,1,0,0.0,0.0,0.0,0.0,0.0
ITA-Serie A,2526,Genoa,Seydou Fini,ITA,FW,19,2006,1,0,32,0.4,0,0,0,0,0,0,0,0,0.0,0.0,0.0,0.0,0.0
ITA-Serie A,2526,Genoa,Stefano Sabelli,ITA,"MF,DF",32,1993,16,12,913,10.1,0,0,0,0,0,0,0,0,0.0,0.0,0.0,0.0,0.0
ITA-Serie A,2526,Genoa,Tommaso Baldanzi,ITA,MF,22,2003,8,5,399,4.4,0,2,2,0,0,0,0,0,0.0,0.45,0.45,0.0,0.45
ITA-Serie A,2526,Genoa,Valentin Carboni,ARG,MF,20,2005,12,3,359,4.0,0,0,0,0,0,0,2,0,0.0,0.0,0.0,0.0,0.0
ITA-Serie A,2526,Genoa,Vitinha,POR,"FW,MF",25,2000,35,28,2226,24.7,5,1,6,5,0,0,5,0,0.2,0.04,0.24,0.2,0.24
ITA-Serie A,2526,Hellas Verona,Abdou Harroui,NED,MF,27,1998,23,11,907,10.1,1,0,1,0,1,1,3,0,0.1,0.0,0.1,0.0,0.0
ITA-Serie A,2526,Hellas Verona,Al-Musrati,LBY,MF,29,1996,18,8,844,9.4,0,1,1,0,0,0,6,1,0.0,0.11,0.11,0.0,0.11
ITA-Serie A,2526,Hellas Verona,Amin Sarr,SWE,"FW,MF",24,2001,34,9,1102,12.2,0,1,1,0,0,0,2,1,0.0,0.08,0.08,0.0,0.08
ITA-Serie A,2526,Hellas Verona,Andrias Edmundsson,FRO,DF,24,2000,15,15,1319,14.7,0,0,0,0,0,0,3,0,0.0,0.0,0.0,0.0,0.0
ITA-Serie A,2526,Hellas Verona,Antoine Bernede,FRA,MF,26,1999,32,29,2301,25.6,1,2,3,1,0,0,2,0,0.04,0.08,0.12,0.04,0.12
ITA-Serie A,2526,Hellas Verona,Armel Bella Kotchap,GER,DF,23,2001,19,14,1347,15.0,0,0,0,0,0,0,3,0,0.0,0.0,0.0,0.0,0.0
ITA-Serie A,2526,Hellas Verona,Cheikh Niasse,SEN,MF,25,2000,19,11,970,10.8,0,1,1,0,0,0,1,0,0.0,0.09,0.09,0.0,0.09
ITA-Serie A,2526,Hellas Verona,Daniel Mosquera,COL,FW,25,1999,22,5,597,6.6,0,2,2,0,0,0,1,0,0.0,0.3,0.3,0.0,0.3
ITA-Serie A,2526,Hellas Verona,Daniel Oyegoke,ENG,"MF,DF",22,2003,15,8,594,6.6,0,0,0,0,0,0,2,0,0.0,0.0,0.0,0.0,0.0
ITA-Serie A,2526,Hellas Verona,Domagoj Bradarić,CRO,MF,25,1999,29,23,1966,21.8,0,1,1,0,0,0,2,0,0.0,0.05,0.05,0.0,0.05
ITA-Serie A,2526,Hellas Verona,Enzo Ebosse,CMR,DF,26,1999,4,3,214,2.4,0,0,0,0,0,0,1,0,0.0,0.0,0.0,0.0,0.0
ITA-Serie A,2526,Hellas Verona,Fallou Cham,GAM,MF,19,2006,6,3,228,2.5,0,0,0,0,0,0,0,0,0.0,0.0,0.0,0.0,0.0
ITA-Serie A,2526,Hellas Verona,Gift Orban,NGA,FW,23,2002,28,23,2027,22.5,7,2,9,5,2,2,4,1,0.31,0.09,0.4,0.22,0.31
ITA-Serie A,2526,Hellas Verona,Giovane,BRA,"FW,MF",21,2003,21,19,1533,17.0,3,4,7,3,0,0,2,0,0.18,0.23,0.41,0.18,0.41
ITA-Serie A,2526,Hellas Verona,Grigoris Kastanos,CYP,MF,27,1998,6,0,44,0.5,0,0,0,0,0,0,0,0,0.0,0.0,0.0,0.0,0.0
ITA-Serie A,2526,Hellas Verona,Ioan Vermeșan,ROU,FW,18,2006,6,0,80,0.9,0,0,0,0,0,0,0,0,0.0,0.0,0.0,0.0,0.0
ITA-Serie A,2526,Hellas Verona,Isaac,BRA,FW,21,2004,3,0,40,0.4,0,0,0,0,0,0,0,0,0.0,0.0,0.0,0.0,0.0
ITA-Serie A,2526,Hellas Verona,Jean-Daniel Akpa-Akpro,CIV,MF,32,1992,22,17,1504,16.7,1,0,1,1,0,0,9,0,0.06,0.0,0.06,0.06,0.06
ITA-Serie A,2526,Hellas Verona,Junior Ajayi,CIV,FW,20,2004,1,0,1,0.0,0,0,0,0,0,0,0,0,0.0,0.0,0.0,0.0,0.0
ITA-Serie A,2526,Hellas Verona,Kieron Bowie,SCO,FW,22,2002,14,14,1200,13.3,4,0,4,4,0,0,1,0,0.3,0.0,0.3,0.3,0.3
ITA-Serie A,2526,Hellas Verona,Lorenzo Montipò,ITA,GK,29,1996,35,35,3150,35.0,0,1,1,0,0,0,0,0,0.0,0.03,0.03,0.0,0.03
ITA-Serie A,2526,Hellas Verona,Martin Frese,DEN,"MF,DF",27,1998,31,27,2408,26.8,2,0,2,2,0,0,8,0,0.07,0.0,0.07,0.07,0.07
ITA-Serie A,2526,Hellas Verona,Nicolás Valentini,ARG,DF,24,2001,21,15,1409,15.7,0,0,0,0,0,0,8,1,0.0,0.0,0.0,0.0,0.0
ITA-Serie A,2526,Hellas Verona,Pol Lirola,ESP,MF,27,1997,6,3,305,3.4,0,0,0,0,0,0,1,0,0.0,0.0,0.0,0.0,0.0
ITA-Serie A,2526,Hellas Verona,Rafik Belghali,ALG,MF,23,2002,26,22,1920,21.3,2,0,2,2,0,0,6,0,0.09,0.0,0.09,0.09,0.09
ITA-Serie A,2526,Hellas Verona,Roberto Gagliardini,ITA,MF,31,1994,29,25,2272,25.2,1,0,1,1,0,0,9,0,0.04,0.0,0.04,0.04,0.04
ITA-Serie A,2526,Hellas Verona,Sandi Lovrić,SVN,MF,27,1998,7,3,309,3.4,0,0,0,0,0,0,1,0,0.0,0.0,0.0,0.0,0.0
ITA-Serie A,2526,Hellas Verona,Simone Perilli,ITA,GK,30,1995,3,3,270,3.0,0,0,0,0,0,0,0,0,0.0,0.0,0.0,0.0,0.0
ITA-Serie A,2526,Hellas Verona,Suat Serdar,GER,MF,28,1997,20,12,1108,12.3,2,0,2,2,0,0,3,0,0.16,0.0,0.16,0.16,0.16
ITA-Serie A,2526,Hellas Verona,Tobias Slotsager,DEN,DF,19,2006,8,4,446,5.0,0,0,0,0,0,0,0,0,0.0,0.0,0.0,0.0,0.0
ITA-Serie A,2526,Hellas Verona,Tomáš Suslov,SVK,FW,23,2002,11,5,446,5.0,0,0,0,0,0,0,1,1,0.0,0.0,0.0,0.0,0.0
ITA-Serie A,2526,Hellas Verona,Unai Núñez,ESP,DF,28,1997,17,15,1265,14.1,0,0,0,0,0,0,6,0,0.0,0.0,0.0,0.0,0.0
ITA-Serie A,2526,Hellas Verona,Victor Nelsson,DEN,DF,26,1998,38,37,3315,36.8,0,0,0,0,0,0,4,0,0.0,0.0,0.0,0.0,0.0
ITA-Serie A,2526,Hellas Verona,Yellu Santiago,ESP,MF,21,2004,2,0,6,0.1,0,0,0,0,0,0,0,0,0.0,0.0,0.0,0.0,0.0
ITA-Serie A,2526,Inter,Alessandro Bastoni,ITA,DF,26,1999,28,28,2239,24.9,1,4,5,1,0,0,6,0,0.04,0.16,0.2,0.04,0.2
ITA-Serie A,2526,Inter,Andy Diouf,FRA,MF,22,2003,19,4,493,5.5,1,0,1,1,0,0,1,0,0.18,0.0,0.18,0.18,0.18
ITA-Serie A,2526,Inter,Ange-Yoan Bonny,CIV,FW,21,2003,33,10,1142,12.7,5,4,9,5,0,0,1,0,0.39,0.32,0.71,0.39,0.71
ITA-Serie A,2526,Inter,Benjamin Pavard,FRA,DF,29,1996,1,1,90,1.0,0,0,0,0,0,0,0,0,0.0,0.0,0.0,0.0,0.0
ITA-Serie A,2526,Inter,Carlos Augusto,BRA,"MF,DF",26,1999,34,18,1763,19.6,1,1,2,1,0,0,6,0,0.05,0.05,0.1,0.05,0.1
ITA-Serie A,2526,Inter,Davide Frattesi,ITA,MF,25,1999,22,3,569,6.3,0,0,0,0,0,0,0,0,0.0,0.0,0.0,0.0,0.0
ITA-Serie A,2526,Inter,Denzel Dumfries,NED,MF,29,1996,20,15,1325,14.7,3,1,4,3,0,0,2,0,0.2,0.07,0.27,0.2,0.27
ITA-Serie A,2526,Inter,Federico Dimarco,ITA,MF,27,1997,35,30,2698,30.0,7,16,23,7,0,0,3,0,0.23,0.53,0.77,0.23,0.77
ITA-Serie A,2526,Inter,Francesco Acerbi,ITA,DF,37,1988,18,15,1378,15.3,0,1,1,0,0,0,3,0,0.0,0.07,0.07,0.0,0.07
ITA-Serie A,2526,Inter,Francesco Esposito,ITA,FW,20,2005,35,15,1571,17.5,7,3,10,7,0,0,1,0,0.4,0.17,0.57,0.4,0.57
ITA-Serie A,2526,Inter,Hakan Çalhanoğlu,TUR,MF,31,1994,22,20,1639,18.2,9,4,13,5,4,5,7,0,0.49,0.22,0.71,0.27,0.49
ITA-Serie A,2526,Inter,Henrikh Mkhitaryan,ARM,MF,36,1989,30,16,1560,17.3,4,1,5,4,0,0,5,0,0.23,0.06,0.29,0.23,0.29
ITA-Serie A,2526,Inter,Josep Martinez,ESP,GK,27,1998,5,5,450,5.0,0,0,0,0,0,0,0,0,0.0,0.0,0.0,0.0,0.0
ITA-Serie A,2526,Inter,Lautaro Martínez,ARG,FW,27,1997,30,27,2159,24.0,17,6,23,17,0,0,4,0,0.71,0.25,0.96,0.71,0.96
ITA-Serie A,2526,Inter,Luis Henrique,BRA,MF,23,2001,30,18,1624,18.0,1,2,3,1,0,0,1,0,0.06,0.11,0.17,0.06,0.17
ITA-Serie A,2526,Inter,Luka Topalović,SVN,MF,19,2006,1,0,10,0.1,0,1,1,0,0,0,0,0,0.0,9.0,9.0,0.0,9.0
ITA-Serie A,2526,Inter,Manuel Akanji,SUI,DF,30,1995,33,31,2821,31.3,2,0,2,2,0,0,4,0,0.06,0.0,0.06,0.06,0.06
ITA-Serie A,2526,Inter,Marcus Thuram,FRA,FW,27,1997,29,24,1900,21.1,13,6,19,13,0,0,2,0,0.62,0.28,0.9,0.62,0.9
ITA-Serie A,2526,Inter,Matteo Cocchi,ITA,DF,18,2007,1,0,17,0.2,0,0,0,0,0,0,0,0,0.0,0.0,0.0,0.0,0.0
ITA-Serie A,2526,Inter,Matteo Darmian,ITA,"MF,DF",35,1989,6,2,248,2.8,0,0,0,0,0,0,0,0,0.0,0.0,0.0,0.0,0.0
ITA-Serie A,2526,Inter,Matteo Lavelli,ITA,FW,18,2006,1,0,8,0.1,0,0,0,0,0,0,0,0,0.0,0.0,0.0,0.0,0.0
ITA-Serie A,2526,Inter,Mattia Mosconi,ITA,FW,18,2007,2,0,27,0.3,0,0,0,0,0,0,0,0,0.0,0.0,0.0,0.0,0.0
ITA-Serie A,2526,Inter,Nicolò Barella,ITA,MF,28,1997,34,31,2517,28.0,3,8,11,3,0,0,7,0,0.11,0.29,0.39,0.11,0.39
ITA-Serie A,2526,Inter,Petar Sučić,CRO,MF,21,2003,34,21,1765,19.6,2,2,4,2,0,0,5,0,0.1,0.1,0.2,0.1,0.2
ITA-Serie A,2526,Inter,Piotr Zieliński,POL,MF,31,1994,34,22,2045,22.7,6,3,9,5,1,1,3,0,0.26,0.13,0.4,0.22,0.35
ITA-Serie A,2526,Inter,Raffaele Di Gennaro,ITA,GK,31,1993,1,0,10,0.1,0,0,0,0,0,0,0,0,0.0,0.0,0.0,0.0,0.0
ITA-Serie A,2526,Inter,Stefan de Vrij,NED,DF,33,1992,11,8,670,7.4,0,0,0,0,0,0,1,0,0.0,0.0,0.0,0.0,0.0
ITA-Serie A,2526,Inter,Yann Aurel Bisseck,GER,DF,24,2000,23,21,1922,21.4,3,1,4,3,0,0,2,0,0.14,0.05,0.19,0.14,0.19
ITA-Serie A,2526,Inter,Yann Sommer,SUI,GK,36,1988,33,33,2960,32.9,0,0,0,0,0,0,0,0,0.0,0.0,0.0,0.0,0.0
ITA-Serie A,2526,Juventus,Andrea Cambiaso,ITA,"MF,DF",25,2000,36,35,2769,30.8,3,4,7,3,0,0,3,1,0.1,0.13,0.23,0.1,0.23
ITA-Serie A,2526,Juventus,Arkadiusz Milik,POL,FW,31,1994,2,0,36,0.4,0,0,0,0,0,0,0,0,0.0,0.0,0.0,0.0,0.0
ITA-Serie A,2526,Juventus,Daniele Rugani,ITA,DF,31,1994,6,3,250,2.8,0,0,0,0,0,0,0,0,0.0,0.0,0.0,0.0,0.0
ITA-Serie A,2526,Juventus,Dušan Vlahović,SRB,FW,25,2000,19,11,968,10.8,7,1,8,6,1,1,0,0,0.65,0.09,0.74,0.56,0.65
ITA-Serie A,2526,Juventus,Edon Zhegrova,KVX,MF,26,1999,19,0,382,4.2,0,0,0,0,0,0,1,0,0.0,0.0,0.0,0.0,0.0
ITA-Serie A,2526,Juventus,Emil Holm,SWE,MF,25,2000,7,2,230,2.6,0,0,0,0,0,0,0,0,0.0,0.0,0.0,0.0,0.0
ITA-Serie A,2526,Juventus,Fabio Miretti,ITA,MF,21,2003,23,5,617,6.9,1,2,3,1,0,0,1,0,0.15,0.29,0.44,0.15,0.44
ITA-Serie A,2526,Juventus,Federico Gatti,ITA,DF,27,1998,21,12,1093,12.1,2,0,2,2,0,0,3,0,0.16,0.0,0.16,0.16,0.16
ITA-Serie A,2526,Juventus,Filip Kostić,SRB,MF,32,1992,18,4,479,5.3,3,1,4,3,0,0,1,0,0.56,0.19,0.75,0.56,0.75
ITA-Serie A,2526,Juventus,Francisco Conceição,POR,"MF,FW",22,2002,31,27,2078,23.1,3,5,8,3,0,0,3,0,0.13,0.22,0.35,0.13,0.35
ITA-Serie A,2526,Juventus,Gleison Bremer,BRA,DF,28,1997,26,25,2171,24.1,4,3,7,4,0,0,5,0,0.17,0.12,0.29,0.17,0.29
ITA-Serie A,2526,Juventus,Jeremie Boga,CIV,"MF,FW",28,1997,15,6,679,7.5,4,0,4,4,0,0,1,0,0.53,0.0,0.53,0.53,0.53
ITA-Serie A,2526,Juventus,Jonathan David,CAN,FW,25,2000,35,20,1781,19.8,6,4,10,6,0,1,0,0,0.3,0.2,0.51,0.3,0.51
ITA-Serie A,2526,Juventus,João Mário Lopes,POR,MF,25,2000,10,2,258,2.9,0,0,0,0,0,0,1,0,0.0,0.0,0.0,0.0,0.0
ITA-Serie A,2526,Juventus,Juan David Cabal,COL,MF,24,2001,12,2,296,3.3,2,0,2,2,0,0,1,0,0.61,0.0,0.61,0.61,0.61
ITA-Serie A,2526,Juventus,Kenan Yıldız,TUR,"MF,FW",20,2005,36,33,2825,31.4,10,6,16,9,1,2,2,0,0.32,0.19,0.51,0.29,0.48
ITA-Serie A,2526,Juventus,Khéphren Thuram,FRA,MF,24,2001,35,30,2442,27.1,3,3,6,3,0,0,2,0,0.11,0.11,0.22,0.11,0.22
ITA-Serie A,2526,Juventus,Lloyd Kelly,ENG,DF,26,1998,35,33,2996,33.3,1,1,2,1,0,0,4,0,0.03,0.03,0.06,0.03,0.06
ITA-Serie A,2526,Juventus,Loïs Openda,BEL,"FW,MF",25,2000,24,6,666,7.4,1,0,1,1,0,0,0,0,0.14,0.0,0.14,0.14,0.14
ITA-Serie A,2526,Juventus,Manuel Locatelli,ITA,MF,27,1998,36,36,2994,33.3,1,2,3,1,0,1,9,0,0.03,0.06,0.09,0.03,0.09
ITA-Serie A,2526,Juventus,Mattia Perin,ITA,GK,32,1992,9,9,765,8.5,0,0,0,0,0,0,0,0,0.0,0.0,0.0,0.0,0.0
ITA-Serie A,2526,Juventus,Michele Di Gregorio,ITA,GK,28,1997,30,29,2655,29.5,0,0,0,0,0,0,1,0,0.0,0.0,0.0,0.0,0.0
ITA-Serie A,2526,Juventus,Nicolás González,ARG,"FW,MF",27,1998,2,0,19,0.2,0,0,0,0,0,0,0,0,0.0,0.0,0.0,0.0,0.0
ITA-Serie A,2526,Juventus,Pierre Kalulu,FRA,"DF,MF",25,2000,37,37,3281,36.5,2,4,6,2,0,0,4,1,0.05,0.11,0.16,0.05,0.16
ITA-Serie A,2526,Juventus,Teun Koopmeiners,NED,"MF,DF",27,1998,33,18,1827,20.3,0,0,0,0,0,0,5,0,0.0,0.0,0.0,0.0,0.0
ITA-Serie A,2526,Juventus,Vasilije Adžić,MNE,MF,19,2006,10,1,171,1.9,1,0,1,1,0,0,0,0,0.53,0.0,0.53,0.53,0.53
ITA-Serie A,2526,Juventus,Weston McKennie,USA,MF,26,1998,36,32,2835,31.5,5,5,10,5,0,0,5,0,0.16,0.16,0.32,0.16,0.32
ITA-Serie A,2526,Lazio,Adam Marušić,MNE,DF,32,1992,33,32,2778,30.9,1,2,3,1,0,0,1,1,0.03,0.06,0.1,0.03,0.1
ITA-Serie A,2526,Lazio,Adrian Przyborek,POL,MF,18,2007,1,0,9,0.1,0,0,0,0,0,0,0,0,0.0,0.0,0.0,0.0,0.0
ITA-Serie A,2526,Lazio,Alessio Furlanetto,ITA,GK,23,2002,2,2,180,2.0,0,0,0,0,0,0,0,0,0.0,0.0,0.0,0.0,0.0
ITA-Serie A,2526,Lazio,Alessio Romagnoli,ITA,DF,30,1995,32,31,2666,29.6,0,0,0,0,0,0,6,1,0.0,0.0,0.0,0.0,0.0
ITA-Serie A,2526,Lazio,Boulaye Dia,SEN,"FW,MF",28,1996,27,14,1253,13.9,1,2,3,1,0,0,1,0,0.07,0.14,0.22,0.07,0.22
ITA-Serie A,2526,Lazio,Daniel Maldini,ITA,FW,23,2001,12,9,687,7.6,2,1,3,2,0,0,0,0,0.26,0.13,0.39,0.26,0.39
ITA-Serie A,2526,Lazio,Danilo Cataldi,ITA,MF,30,1994,27,24,1985,22.1,3,3,6,1,2,2,6,0,0.14,0.14,0.27,0.05,0.18
ITA-Serie A,2526,Lazio,Edoardo Motta,ITA,GK,20,2005,9,9,810,9.0,0,0,0,0,0,0,1,0,0.0,0.0,0.0,0.0,0.0
ITA-Serie A,2526,Lazio,Elseid Hysaj,ALB,DF,31,1994,5,1,174,1.9,0,0,0,0,0,0,0,0,0.0,0.0,0.0,0.0,0.0
ITA-Serie A,2526,Lazio,Fisayo Dele-Bashiru,NGA,MF,24,2001,24,11,1187,13.2,1,0,1,1,0,0,0,0,0.08,0.0,0.08,0.08,0.08
ITA-Serie A,2526,Lazio,Gustav Isaksen,DEN,FW,24,2001,30,18,1593,17.7,5,1,6,5,0,0,0,0,0.28,0.06,0.34,0.28,0.34
ITA-Serie A,2526,Lazio,Ivan Provedel,ITA,GK,31,1994,27,27,2430,27.0,0,0,0,0,0,0,1,0,0.0,0.0,0.0,0.0,0.0
ITA-Serie A,2526,Lazio,Kenneth Taylor,NED,MF,23,2002,17,17,1394,15.5,3,2,5,3,0,0,5,0,0.19,0.13,0.32,0.19,0.32
ITA-Serie A,2526,Lazio,Luca Pellegrini,ITA,DF,26,1999,24,17,1469,16.3,1,0,1,1,0,0,8,0,0.06,0.0,0.06,0.06,0.06
ITA-Serie A,2526,Lazio,Manuel Lazzari,ITA,DF,31,1993,23,9,938,10.4,0,0,0,0,0,0,2,0,0.0,0.0,0.0,0.0,0.0
ITA-Serie A,2526,Lazio,Mario Gila,ESP,DF,24,2000,31,31,2472,27.5,0,0,0,0,0,0,4,1,0.0,0.0,0.0,0.0,0.0
ITA-Serie A,2526,Lazio,Matteo Cancellieri,ITA,FW,23,2002,30,21,1725,19.2,4,2,6,4,0,0,6,0,0.21,0.1,0.31,0.21,0.31
ITA-Serie A,2526,Lazio,Mattia Zaccagni,ITA,FW,30,1995,26,26,2104,23.4,3,0,3,3,0,1,6,1,0.13,0.0,0.13,0.13,0.13
ITA-Serie A,2526,Lazio,Mattéo Guendouzi,FRA,MF,26,1999,16,16,1428,15.9,2,1,3,2,0,0,5,1,0.13,0.06,0.19,0.13,0.19
ITA-Serie A,2526,Lazio,Matías Vecino,URU,MF,33,1991,13,5,603,6.7,0,1,1,0,0,0,1,0,0.0,0.15,0.15,0.0,0.15
ITA-Serie A,2526,Lazio,Nicolò Rovella,ITA,MF,23,2001,11,6,512,5.7,0,1,1,0,0,0,2,1,0.0,0.18,0.18,0.0,0.18
ITA-Serie A,2526,Lazio,Nuno Tavares,POR,DF,25,2000,23,17,1473,16.4,0,0,0,0,0,0,5,0,0.0,0.0,0.0,0.0,0.0
ITA-Serie A,2526,Lazio,Oliver Nielsen,DEN,DF,22,2003,26,13,1536,17.1,0,0,0,0,0,0,3,0,0.0,0.0,0.0,0.0,0.0
ITA-Serie A,2526,Lazio,Patric,ESP,"MF,DF",32,1993,14,6,667,7.4,0,0,0,0,0,0,2,0,0.0,0.0,0.0,0.0,0.0
ITA-Serie A,2526,Lazio,Pedro,ESP,"FW,MF",38,1987,29,9,982,10.9,5,2,7,3,2,2,4,0,0.46,0.18,0.64,0.27,0.46
ITA-Serie A,2526,Lazio,Petar Ratkov,SRB,FW,21,2003,8,2,233,2.6,0,0,0,0,0,0,0,0,0.0,0.0,0.0,0.0,0.0
ITA-Serie A,2526,Lazio,Reda Belahyane,MAR,MF,21,2004,13,5,609,6.8,0,2,2,0,0,0,1,1,0.0,0.3,0.3,0.0,0.3
ITA-Serie A,2526,Lazio,Tijjani Noslin,NED,FW,26,1999,29,9,1148,12.8,4,2,6,4,0,0,6,1,0.31,0.16,0.47,0.31,0.47
ITA-Serie A,2526,Lazio,Toma Bašić,CRO,MF,28,1996,23,23,1735,19.3,2,3,5,2,0,0,0,1,0.1,0.16,0.26,0.1,0.26
ITA-Serie A,2526,Lazio,Valentín Castellanos,ARG,FW,26,1998,11,8,692,7.7,2,3,5,2,0,0,2,0,0.26,0.39,0.65,0.26,0.65
ITA-Serie A,2526,Lecce,Antonino Gallo,ITA,DF,25,2000,37,34,3056,34.0,0,4,4,0,0,0,3,0,0.0,0.12,0.12,0.0,0.12
ITA-Serie A,2526,Lecce,Balthazar Pierret,FRA,MF,25,2000,3,0,27,0.3,0,0,0,0,0,0,0,0,0.0,0.0,0.0,0.0,0.0
ITA-Serie A,2526,Lecce,Christ-Owen Kouassi,FRA,DF,22,2003,4,3,228,2.5,0,0,0,0,0,0,0,0,0.0,0.0,0.0,0.0,0.0
ITA-Serie A,2526,Lecce,Corrie Ndaba,IRL,DF,25,1999,14,6,543,6.0,0,0,0,0,0,0,0,0,0.0,0.0,0.0,0.0,0.0
ITA-Serie A,2526,Lecce,Danilo Veiga,POR,DF,22,2002,36,33,3020,33.6,0,1,1,0,0,0,9,0,0.0,0.03,0.03,0.0,0.03
ITA-Serie A,2526,Lecce,Francesco Camarda,ITA,FW,17,2008,21,7,687,7.6,1,0,1,1,0,1,1,0,0.13,0.0,0.13,0.13,0.13
ITA-Serie A,2526,Lecce,Gaby Jean,FRA,DF,25,2000,7,1,197,2.2,0,0,0,0,0,0,1,0,0.0,0.0,0.0,0.0,0.0
ITA-Serie A,2526,Lecce,Jamil Siebert,GER,DF,23,2002,21,18,1701,18.9,1,0,1,1,0,0,3,0,0.05,0.0,0.05,0.05,0.05
ITA-Serie A,2526,Lecce,Kialonda,ANG,DF,27,1997,23,21,1830,20.3,0,0,0,0,0,0,6,1,0.0,0.0,0.0,0.0,0.0
ITA-Serie A,2526,Lecce,Konan N'dri,NIG,MF,24,2000,27,1,544,6.0,2,0,2,2,0,0,3,0,0.33,0.0,0.33,0.33,0.33
ITA-Serie A,2526,Lecce,Lameck Banda,ZAM,"MF,FW",24,2001,32,21,1752,19.5,5,4,9,5,0,0,6,1,0.26,0.21,0.46,0.26,0.46
ITA-Serie A,2526,Lecce,Lassana Coulibaly,MLI,MF,29,1996,33,31,2689,29.9,3,1,4,3,0,0,4,0,0.1,0.03,0.13,0.1,0.13
ITA-Serie A,2526,Lecce,Matías Pérez,CHI,DF,20,2005,1,1,31,0.3,0,0,0,0,0,0,0,0,0.0,0.0,0.0,0.0,0.0
ITA-Serie A,2526,Lecce,Medon Berisha,ALB,MF,21,2003,13,12,871,9.7,2,3,5,2,0,0,0,0,0.21,0.31,0.52,0.21,0.52
ITA-Serie A,2526,Lecce,Mohamed Kaba,GUI,MF,23,2001,15,5,633,7.0,0,0,0,0,0,0,1,0,0.0,0.0,0.0,0.0,0.0
ITA-Serie A,2526,Lecce,Nikola Štulić,SRB,FW,23,2001,34,20,1709,19.0,4,0,4,3,1,1,1,0,0.21,0.0,0.21,0.16,0.16
ITA-Serie A,2526,Lecce,Olaf Gorter,NED,MF,20,2005,2,0,28,0.3,0,0,0,0,0,0,0,0,0.0,0.0,0.0,0.0,0.0
ITA-Serie A,2526,Lecce,Omri Gandelman,ISR,"MF,FW",25,2000,19,10,975,10.8,2,1,3,2,0,0,0,0,0.18,0.09,0.28,0.18,0.28
ITA-Serie A,2526,Lecce,Oumar Ngom,MTN,MF,21,2004,15,10,842,9.4,0,0,0,0,0,0,1,0,0.0,0.0,0.0,0.0,0.0
ITA-Serie A,2526,Lecce,Riccardo Sottil,ITA,"FW,MF",26,1999,21,13,1066,11.8,1,2,3,1,0,0,1,0,0.08,0.17,0.25,0.08,0.25
ITA-Serie A,2526,Lecce,Sadik Fofana,TOG,MF,22,2003,5,1,84,0.9,0,0,0,0,0,0,0,0,0.0,0.0,0.0,0.0,0.0
ITA-Serie A,2526,Lecce,Santiago Pierotti,ARG,"MF,FW",24,2001,37,31,2597,28.9,1,2,3,1,0,0,4,0,0.03,0.07,0.1,0.03,0.1
ITA-Serie A,2526,Lecce,Tete Morente,ESP,"FW,MF",28,1996,16,9,859,9.5,0,0,0,0,0,0,2,0,0.0,0.0,0.0,0.0,0.0
ITA-Serie A,2526,Lecce,Tiago Gabriel,POR,DF,20,2004,37,36,3219,35.8,2,0,2,2,0,0,7,0,0.06,0.0,0.06,0.06,0.06
ITA-Serie A,2526,Lecce,Walid Cheddira,MAR,FW,27,1998,17,11,1000,11.1,3,1,4,3,0,0,2,0,0.27,0.09,0.36,0.27,0.36
ITA-Serie A,2526,Lecce,Wladimiro Falcone,ITA,GK,30,1995,38,38,3420,38.0,0,0,0,0,0,0,2,0,0.0,0.0,0.0,0.0,0.0
ITA-Serie A,2526,Lecce,Ylber Ramadani,ALB,MF,29,1996,37,37,3203,35.6,1,0,1,1,0,0,10,0,0.03,0.0,0.03,0.03,0.03
ITA-Serie A,2526,Lecce,Youssef Maleh,MAR,MF,26,1998,9,5,460,5.1,0,0,0,0,0,0,2,0,0.0,0.0,0.0,0.0,0.0
ITA-Serie A,2526,Lecce,Álex Sala,ESP,MF,24,2001,9,2,167,1.9,0,1,1,0,0,0,0,0,0.0,0.54,0.54,0.0,0.54
ITA-Serie A,2526,Lecce,Þórir Jóhann Helgason,ISL,MF,24,2000,8,1,147,1.6,0,0,0,0,0,0,0,0,0.0,0.0,0.0,0.0,0.0
ITA-Serie A,2526,Milan,Adrien Rabiot,FRA,MF,30,1995,29,28,2550,28.3,6,4,10,6,0,0,6,1,0.21,0.14,0.35,0.21,0.35
ITA-Serie A,2526,Milan,Alexis Saelemaekers,BEL,MF,26,1999,35,33,2788,31.0,3,3,6,3,0,0,5,0,0.1,0.1,0.19,0.1,0.19
ITA-Serie A,2526,Milan,Ardon Jashari,SUI,MF,23,2002,14,7,701,7.8,0,1,1,0,0,0,0,0,0.0,0.13,0.13,0.0,0.13
ITA-Serie A,2526,Milan,Cheveyo Muy,NED,FW,18,2006,2,0,5,0.1,0,0,0,0,0,0,0,0,0.0,0.0,0.0,0.0,0.0
ITA-Serie A,2526,Milan,Christian Pulisic,USA,FW,26,1998,30,18,1609,17.9,8,4,12,8,0,1,0,0,0.45,0.22,0.67,0.45,0.67
ITA-Serie A,2526,Milan,Christopher Nkunku,FRA,FW,27,1997,32,15,1356,15.1,7,3,10,2,5,5,0,0,0.46,0.2,0.66,0.13,0.33
ITA-Serie A,2526,Milan,David Odogu,GER,DF,19,2006,2,0,6,0.1,0,0,0,0,0,0,0,0,0.0,0.0,0.0,0.0,0.0
ITA-Serie A,2526,Milan,Davide Bartesaghi,ITA,"MF,DF",19,2005,31,27,2441,27.1,2,0,2,2,0,0,3,0,0.07,0.0,0.07,0.07,0.07
ITA-Serie A,2526,Milan,Fikayo Tomori,ENG,DF,27,1997,33,31,2554,28.4,0,2,2,0,0,0,8,1,0.0,0.07,0.07,0.0,0.07
ITA-Serie A,2526,Milan,Koni De Winter,BEL,DF,23,2002,26,19,1800,20.0,1,1,2,1,0,0,1,0,0.05,0.05,0.1,0.05,0.1
ITA-Serie A,2526,Milan,Luka Modrić,CRO,MF,39,1985,34,32,2811,31.2,2,3,5,2,0,0,4,0,0.06,0.1,0.16,0.06,0.16
ITA-Serie A,2526,Milan,Matteo Gabbia,ITA,DF,25,1999,30,28,2530,28.1,0,0,0,0,0,0,4,0,0.0,0.0,0.0,0.0,0.0
ITA-Serie A,2526,Milan,Mike Maignan,FRA,GK,30,1995,37,37,3295,36.6,0,0,0,0,0,0,4,0,0.0,0.0,0.0,0.0,0.0
ITA-Serie A,2526,Milan,Niclas Füllkrug,GER,FW,32,1993,20,3,659,7.3,1,0,1,1,0,1,0,0,0.14,0.0,0.14,0.14,0.14
ITA-Serie A,2526,Milan,Pervis Estupiñán,ECU,MF,27,1998,19,13,1034,11.5,1,1,2,1,0,0,5,1,0.09,0.09,0.17,0.09,0.17
ITA-Serie A,2526,Milan,Pietro Terracciano,ITA,GK,35,1990,2,1,125,1.4,0,0,0,0,0,0,0,0,0.0,0.0,0.0,0.0,0.0
ITA-Serie A,2526,Milan,Rafael Leão,POR,FW,26,1999,29,23,1851,20.6,9,3,12,7,2,2,5,0,0.44,0.15,0.58,0.34,0.49
ITA-Serie A,2526,Milan,Ruben Loftus-Cheek,ENG,"MF,FW",29,1996,28,12,1133,12.6,3,1,4,3,0,0,2,0,0.24,0.08,0.32,0.24,0.32
ITA-Serie A,2526,Milan,Samuel Chukwueze,NGA,"FW,MF",26,1999,1,0,26,0.3,0,0,0,0,0,0,0,0,0.0,0.0,0.0,0.0,0.0
ITA-Serie A,2526,Milan,Samuele Ricci,ITA,MF,23,2001,31,11,1312,14.6,1,4,5,1,0,0,3,0,0.07,0.27,0.34,0.07,0.34
ITA-Serie A,2526,Milan,Santiago Giménez,MEX,FW,24,2001,16,11,892,9.9,0,1,1,0,0,0,2,0,0.0,0.1,0.1,0.0,0.1
ITA-Serie A,2526,Milan,Strahinja Pavlović,SRB,DF,24,2001,34,33,2869,31.9,5,1,6,5,0,0,4,0,0.16,0.03,0.19,0.16,0.19
ITA-Serie A,2526,Milan,Youssouf Fofana,FRA,MF,26,1999,33,28,2203,24.5,2,3,5,2,0,0,4,0,0.08,0.12,0.2,0.08,0.2
ITA-Serie A,2526,Milan,Yunus Musah,USA,MF,22,2002,1,1,90,1.0,0,0,0,0,0,0,0,0,0.0,0.0,0.0,0.0,0.0
ITA-Serie A,2526,Milan,Zachary Athekame,SUI,"MF,DF",20,2004,27,7,833,9.3,2,2,4,2,0,0,3,0,0.22,0.22,0.43,0.22,0.43
ITA-Serie A,2526,Milan,Álex Jiménez,ESP,DF,20,2005,1,0,45,0.5,0,0,0,0,0,0,1,0,0.0,0.0,0.0,0.0,0.0
ITA-Serie A,2526,Napoli,Alessandro Buongiorno,ITA,DF,26,1999,33,28,2521,28.0,0,1,1,0,0,0,3,0,0.0,0.04,0.04,0.0,0.04
ITA-Serie A,2526,Napoli,Alex Meret,ITA,GK,28,1997,11,11,979,10.9,0,1,1,0,0,0,1,0,0.0,0.09,0.09,0.0,0.09
ITA-Serie A,2526,Napoli,Alisson Santos,BRA,"MF,FW",22,2002,14,9,834,9.3,4,0,4,4,0,0,1,0,0.43,0.0,0.43,0.43,0.43
ITA-Serie A,2526,Napoli,Amir Rrahmani,KVX,DF,31,1994,21,21,1795,19.9,2,1,3,2,0,0,2,0,0.1,0.05,0.15,0.1,0.15
ITA-Serie A,2526,Napoli,Antonio Vergara,ITA,MF,22,2003,12,8,612,6.8,1,2,3,1,0,0,2,0,0.15,0.29,0.44,0.15,0.44
ITA-Serie A,2526,Napoli,Billy Gilmour,SCO,MF,24,2001,17,8,805,8.9,1,0,1,1,0,0,1,0,0.11,0.0,0.11,0.11,0.11
ITA-Serie A,2526,Napoli,David Neres,BRA,"FW,MF",28,1997,16,10,922,10.2,3,3,6,3,0,0,3,0,0.29,0.29,0.59,0.29,0.59
ITA-Serie A,2526,Napoli,Elif Elmas,MKD,"MF,FW",25,1999,33,20,1783,19.8,1,3,4,1,0,0,3,0,0.05,0.15,0.2,0.05,0.2
ITA-Serie A,2526,Napoli,Frank Anguissa,CMR,MF,29,1995,18,14,1258,14.0,4,1,5,4,0,0,1,0,0.29,0.07,0.36,0.29,0.36
ITA-Serie A,2526,Napoli,Giovane,BRA,"MF,FW",21,2003,12,2,338,3.8,0,1,1,0,0,0,0,0,0.0,0.27,0.27,0.0,0.27
ITA-Serie A,2526,Napoli,Giovanni Di Lorenzo,ITA,"DF,MF",31,1993,26,26,2276,25.3,2,1,3,2,0,0,1,0,0.08,0.04,0.12,0.08,0.12
ITA-Serie A,2526,Napoli,Giuseppe Ambrosino,ITA,FW,21,2003,3,0,38,0.4,0,0,0,0,0,0,0,0,0.0,0.0,0.0,0.0,0.0
ITA-Serie A,2526,Napoli,Juan Jesus,BRA,DF,34,1991,24,19,1675,18.6,0,0,0,0,0,0,10,1,0.0,0.0,0.0,0.0,0.0
ITA-Serie A,2526,Napoli,Kevin De Bruyne,BEL,MF,34,1991,18,13,1165,12.9,5,2,7,2,3,3,1,0,0.39,0.15,0.54,0.15,0.31
ITA-Serie A,2526,Napoli,Leonardo Spinazzola,ITA,"MF,DF",32,1993,32,22,1901,21.1,3,3,6,3,0,0,2,0,0.14,0.14,0.28,0.14,0.28
ITA-Serie A,2526,Napoli,Lorenzo Lucca,ITA,FW,24,2000,16,4,408,4.5,1,0,1,1,0,0,1,0,0.22,0.0,0.22,0.22,0.22
ITA-Serie A,2526,Napoli,Luca Marianucci,ITA,DF,21,2004,2,1,119,1.3,0,1,1,0,0,0,0,0,0.0,0.76,0.76,0.0,0.76
ITA-Serie A,2526,Napoli,Mathías Olivera,URU,"DF,MF",27,1997,25,15,1370,15.2,0,0,0,0,0,0,3,0,0.0,0.0,0.0,0.0,0.0
ITA-Serie A,2526,Napoli,Matteo Politano,ITA,"MF,FW",31,1993,34,26,2200,24.4,2,5,7,2,0,0,4,0,0.08,0.2,0.29,0.08,0.29
ITA-Serie A,2526,Napoli,Miguel Gutiérrez,ESP,"MF,DF",24,2001,28,15,1488,16.5,1,1,2,1,0,0,0,0,0.06,0.06,0.12,0.06,0.12
ITA-Serie A,2526,Napoli,Nikita Contini,ITA,GK,29,1996,1,0,11,0.1,0,0,0,0,0,0,0,0,0.0,0.0,0.0,0.0,0.0
ITA-Serie A,2526,Napoli,Noa Lang,NED,"FW,MF",26,1999,18,7,666,7.4,1,2,3,1,0,0,2,0,0.14,0.27,0.41,0.14,0.41
ITA-Serie A,2526,Napoli,Pasquale Mazzocchi,ITA,MF,30,1995,16,2,310,3.4,0,1,1,0,0,0,0,1,0.0,0.29,0.29,0.0,0.29
ITA-Serie A,2526,Napoli,Rasmus Højlund,DEN,FW,22,2003,33,32,2750,30.6,12,5,17,11,1,1,1,0,0.39,0.16,0.56,0.36,0.52
ITA-Serie A,2526,Napoli,Romelu Lukaku,BEL,FW,32,1993,5,0,44,0.5,1,0,1,1,0,0,1,0,2.05,0.0,2.05,2.05,2.05
ITA-Serie A,2526,Napoli,Sam Beukema,NED,DF,26,1998,24,18,1681,18.7,2,0,2,2,0,0,2,0,0.11,0.0,0.11,0.11,0.11
ITA-Serie A,2526,Napoli,Scott McTominay,SCO,MF,28,1996,33,31,2791,31.0,10,3,13,10,0,1,1,0,0.32,0.1,0.42,0.32,0.42
ITA-Serie A,2526,Napoli,Stanislav Lobotka,SVK,MF,30,1994,32,29,2431,27.0,1,1,2,1,0,0,3,0,0.04,0.04,0.07,0.04,0.07
ITA-Serie A,2526,Napoli,Vanja Milinković-Savić,SRB,GK,28,1997,27,27,2430,27.0,0,1,1,0,0,0,0,0,0.0,0.04,0.04,0.0,0.04
ITA-Serie A,2526,Parma,Abdoulaye Ndiaye,SEN,DF,23,2002,11,9,780,8.7,0,0,0,0,0,0,5,1,0.0,0.0,0.0,0.0,0.0
ITA-Serie A,2526,Parma,Adrian Benedyczak,POL,FW,24,2000,14,5,490,5.4,1,1,2,0,1,1,1,0,0.18,0.18,0.37,0.0,0.18
ITA-Serie A,2526,Parma,Adrian Bernabe,ESP,MF,24,2001,32,31,2470,27.4,3,1,4,3,0,0,0,0,0.11,0.04,0.15,0.11,0.15
ITA-Serie A,2526,Parma,Alessandro Cardinali,ITA,FW,19,2006,1,0,45,0.5,0,0,0,0,0,0,0,0,0.0,0.0,0.0,0.0,0.0
ITA-Serie A,2526,Parma,Alessandro Circati,AUS,DF,21,2003,31,31,2664,29.6,1,0,1,1,0,0,6,0,0.03,0.0,0.03,0.03,0.03
ITA-Serie A,2526,Parma,Ben Cremaschi,USA,MF,20,2005,8,2,132,1.5,0,0,0,0,0,0,0,0,0.0,0.0,0.0,0.0,0.0
ITA-Serie A,2526,Parma,Christian Ordoñez,ARG,MF,21,2004,28,12,1091,12.1,1,0,1,1,0,0,5,1,0.08,0.0,0.08,0.08,0.08
ITA-Serie A,2526,Parma,Daniel Mikołajewski,POL,FW,19,2006,3,1,70,0.8,0,0,0,0,0,0,0,0,0.0,0.0,0.0,0.0,0.0
ITA-Serie A,2526,Parma,Edoardo Corvi,ITA,GK,24,2001,17,17,1530,17.0,0,0,0,0,0,0,1,0,0.0,0.0,0.0,0.0,0.0
ITA-Serie A,2526,Parma,Emanuele Valeri,ITA,"MF,DF",26,1998,34,29,2643,29.4,0,2,2,0,0,0,2,0,0.0,0.07,0.07,0.0,0.07
ITA-Serie A,2526,Parma,Enrico Delprato,ITA,"DF,MF",25,1999,35,34,2951,32.8,2,0,2,2,0,0,5,0,0.06,0.0,0.06,0.06,0.06
ITA-Serie A,2526,Parma,Filippo Rinaldi,ITA,GK,22,2002,1,1,90,1.0,0,0,0,0,0,0,1,0,0.0,0.0,0.0,0.0,0.0
ITA-Serie A,2526,Parma,Franco Carboni,ITA,MF,22,2003,7,1,114,1.3,0,0,0,0,0,0,0,0,0.0,0.0,0.0,0.0,0.0
ITA-Serie A,2526,Parma,Gabriel Strefezza,BRA,FW,28,1997,14,13,1007,11.2,2,2,4,2,0,0,3,0,0.18,0.18,0.36,0.18,0.36
ITA-Serie A,2526,Parma,Gaetano Oristanio,ITA,"FW,MF",22,2002,20,8,859,9.5,1,0,1,1,0,0,1,0,0.1,0.0,0.1,0.1,0.1
ITA-Serie A,2526,Parma,Hans Nicolussi Caviglia,ITA,MF,25,2000,15,10,869,9.7,0,3,3,0,0,0,0,0,0.0,0.31,0.31,0.0,0.31
ITA-Serie A,2526,Parma,Hernani,BRA,MF,31,1994,4,0,73,0.8,0,0,0,0,0,0,0,0,0.0,0.0,0.0,0.0,0.0
ITA-Serie A,2526,Parma,Jacob Ondrejka,SWE,"FW,MF",22,2002,16,9,773,8.6,0,0,0,0,0,0,2,0,0.0,0.0,0.0,0.0,0.0
ITA-Serie A,2526,Parma,Lautaro Valenti,ARG,DF,26,1999,27,25,2252,25.0,0,0,0,0,0,0,7,0,0.0,0.0,0.0,0.0,0.0
ITA-Serie A,2526,Parma,Mandela Keita,BEL,MF,23,2002,37,36,2979,33.1,1,1,2,1,0,0,1,0,0.03,0.03,0.06,0.03,0.06
ITA-Serie A,2526,Parma,Mariano Troilo,ARG,DF,22,2003,21,18,1625,18.1,1,0,1,1,0,0,8,2,0.06,0.0,0.06,0.06,0.06
ITA-Serie A,2526,Parma,Mateo Pellegrino,ARG,FW,24,2001,37,34,2984,33.2,9,1,10,8,1,1,5,0,0.27,0.03,0.3,0.24,0.27
ITA-Serie A,2526,Parma,Mathias Løvik,NOR,MF,21,2003,9,5,471,5.2,0,0,0,0,0,0,0,0,0.0,0.0,0.0,0.0,0.0
ITA-Serie A,2526,Parma,Milan Đurić,BIH,FW,35,1990,12,0,74,0.8,0,0,0,0,0,0,0,0,0.0,0.0,0.0,0.0,0.0
ITA-Serie A,2526,Parma,Nahuel Estévez,ARG,MF,29,1995,32,9,1049,11.7,0,1,1,0,0,0,2,0,0.0,0.09,0.09,0.0,0.09
ITA-Serie A,2526,Parma,Nesta Elphege,FRA,FW,24,2001,9,2,309,3.4,2,1,3,2,0,0,0,0,0.58,0.29,0.87,0.58,0.87
ITA-Serie A,2526,Parma,Oliver Jensen,DEN,MF,23,2002,34,19,1840,20.4,1,1,2,1,0,0,2,0,0.05,0.05,0.1,0.05,0.1
ITA-Serie A,2526,Parma,Patrick Cutrone,ITA,FW,27,1998,15,11,888,9.9,1,0,1,1,0,0,0,0,0.1,0.0,0.1,0.1,0.1
ITA-Serie A,2526,Parma,Pontus Almqvist,SWE,MF,26,1999,13,4,457,5.1,0,1,1,0,0,0,0,0,0.0,0.2,0.2,0.0,0.2
ITA-Serie A,2526,Parma,Sascha Britschgi,SUI,"MF,DF",18,2006,29,22,2095,23.3,0,2,2,0,0,0,7,1,0.0,0.09,0.09,0.0,0.09
ITA-Serie A,2526,Parma,Tjaš Begić,SVN,MF,22,2003,1,0,1,0.0,0,0,0,0,0,0,0,0,0.0,0.0,0.0,0.0,0.0
ITA-Serie A,2526,Parma,Zion Suzuki,JPN,GK,22,2002,20,20,1800,20.0,0,0,0,0,0,0,1,0,0.0,0.0,0.0,0.0,0.0
ITA-Serie A,2526,Pisa,Adrian Šemper,CRO,GK,27,1998,25,25,2250,25.0,0,0,0,0,0,0,0,0,0.0,0.0,0.0,0.0,0.0
ITA-Serie A,2526,Pisa,Antonio Caracciolo,ITA,DF,35,1990,35,34,3073,34.1,2,0,2,2,0,0,10,0,0.06,0.0,0.06,0.06,0.06
ITA-Serie A,2526,Pisa,Arturo Calabresi,ITA,DF,29,1996,26,17,1514,16.8,0,0,0,0,0,0,8,0,0.0,0.0,0.0,0.0,0.0
ITA-Serie A,2526,Pisa,Brando Bettazzi,ITA,MF,17,2007,1,0,14,0.2,0,0,0,0,0,0,0,0,0.0,0.0,0.0,0.0,0.0
ITA-Serie A,2526,Pisa,Calvin Stengs,NED,"FW,MF",26,1998,4,0,46,0.5,0,0,0,0,0,0,0,0,0.0,0.0,0.0,0.0,0.0
ITA-Serie A,2526,Pisa,Daniel Denoon,SUI,DF,21,2004,2,2,122,1.4,0,0,0,0,0,0,1,0,0.0,0.0,0.0,0.0,0.0
ITA-Serie A,2526,Pisa,Ebenezer Akinsanmiro,NGA,MF,20,2004,24,16,1444,16.0,0,1,1,0,0,0,2,0,0.0,0.06,0.06,0.0,0.06
ITA-Serie A,2526,Pisa,Felipe Loyola,CHI,MF,24,2000,11,6,538,6.0,1,0,1,1,0,0,0,1,0.17,0.0,0.17,0.17,0.17
ITA-Serie A,2526,Pisa,Filip Stojilković,SUI,"FW,MF",25,2000,13,8,658,7.3,0,0,0,0,0,0,0,0,0.0,0.0,0.0,0.0,0.0
ITA-Serie A,2526,Pisa,Francesco Coppola,ITA,DF,20,2005,7,5,458,5.1,0,0,0,0,0,0,3,0,0.0,0.0,0.0,0.0,0.0
ITA-Serie A,2526,Pisa,Gabriele Piccinini,ITA,MF,24,2001,25,5,875,9.7,0,0,0,0,0,0,3,0,0.0,0.0,0.0,0.0,0.0
ITA-Serie A,2526,Pisa,Giovanni Bonfanti,ITA,"DF,MF",22,2003,9,6,494,5.5,0,0,0,0,0,0,1,0,0.0,0.0,0.0,0.0,0.0
ITA-Serie A,2526,Pisa,Henrik Meister,DEN,FW,21,2003,28,15,1515,16.8,2,0,2,2,0,0,2,0,0.12,0.0,0.12,0.12,0.12
ITA-Serie A,2526,Pisa,Idrissa Touré,GER,MF,27,1998,32,26,2279,25.3,1,0,1,1,0,0,4,1,0.04,0.0,0.04,0.04,0.04
ITA-Serie A,2526,Pisa,Juan Cuadrado,COL,MF,37,1988,19,2,506,5.6,1,0,1,0,1,1,3,0,0.18,0.0,0.18,0.0,0.0
ITA-Serie A,2526,Pisa,Lorran,BRA,FW,19,2006,9,0,122,1.4,1,0,1,1,0,0,0,0,0.74,0.0,0.74,0.74,0.74
ITA-Serie A,2526,Pisa,Louis Buffon,CZE,FW,17,2007,4,0,32,0.4,0,0,0,0,0,0,0,0,0.0,0.0,0.0,0.0,0.0
ITA-Serie A,2526,Pisa,M'Bala Nzola,ANG,FW,28,1996,16,11,1052,11.7,3,0,3,1,2,3,1,1,0.26,0.0,0.26,0.09,0.09
ITA-Serie A,2526,Pisa,Malthe Hojholt,DEN,MF,24,2001,17,9,850,9.4,0,0,0,0,0,0,2,0,0.0,0.0,0.0,0.0,0.0
ITA-Serie A,2526,Pisa,Marius Marin,ROU,MF,26,1998,23,18,1281,14.2,0,0,0,0,0,0,7,0,0.0,0.0,0.0,0.0,0.0
ITA-Serie A,2526,Pisa,Mateus Lusuardi,BRA,DF,21,2004,3,3,198,2.2,0,0,0,0,0,0,1,0,0.0,0.0,0.0,0.0,0.0
ITA-Serie A,2526,Pisa,Mattéo Tramoni,FRA,"MF,FW",25,2000,27,21,1600,17.8,2,2,4,1,1,1,3,0,0.11,0.11,0.23,0.06,0.17
ITA-Serie A,2526,Pisa,Mehdi Léris,ALG,MF,27,1998,34,21,1900,21.1,2,3,5,2,0,0,2,0,0.09,0.14,0.24,0.09,0.24
ITA-Serie A,2526,Pisa,Michel Aebischer,SUI,MF,28,1997,35,33,2892,32.1,1,2,3,1,0,0,8,0,0.03,0.06,0.09,0.03,0.09
ITA-Serie A,2526,Pisa,Nícolas Andrade,BRA,GK,37,1988,6,6,540,6.0,0,0,0,0,0,0,0,0,0.0,0.0,0.0,0.0,0.0
ITA-Serie A,2526,Pisa,Rafiu Durosinmi,NGA,FW,22,2003,12,4,432,4.8,1,1,2,1,0,0,1,1,0.21,0.21,0.42,0.21,0.42
ITA-Serie A,2526,Pisa,Raúl Albiol,ESP,DF,39,1985,8,5,500,5.6,0,1,1,0,0,0,1,0,0.0,0.18,0.18,0.0,0.18
ITA-Serie A,2526,Pisa,Rosen Bozhinov,BUL,DF,20,2005,9,8,610,6.8,0,0,0,0,0,0,3,1,0.0,0.0,0.0,0.0,0.0
ITA-Serie A,2526,Pisa,Samuel Iling-Junior,ENG,MF,21,2003,5,1,110,1.2,0,0,0,0,0,0,0,0,0.0,0.0,0.0,0.0,0.0
ITA-Serie A,2526,Pisa,Samuele Angori,ITA,MF,21,2003,35,30,2599,28.9,0,2,2,0,0,0,2,0,0.0,0.07,0.07,0.0,0.07
ITA-Serie A,2526,Pisa,Simone Canestrelli,ITA,DF,24,2000,37,36,3201,35.6,1,0,1,1,0,0,4,0,0.03,0.0,0.03,0.03,0.03
ITA-Serie A,2526,Pisa,Simone Scuffet,ITA,GK,29,1996,7,7,630,7.0,0,0,0,0,0,0,0,0,0.0,0.0,0.0,0.0,0.0
ITA-Serie A,2526,Pisa,Stefano Moreo,ITA,"FW,MF",32,1993,37,29,2307,25.6,7,1,8,5,2,2,2,0,0.27,0.04,0.31,0.2,0.23
ITA-Serie A,2526,Pisa,Tomás Esteves,POR,"DF,MF",23,2002,1,0,14,0.2,0,0,0,0,0,0,0,0,0.0,0.0,0.0,0.0,0.0
ITA-Serie A,2526,Pisa,İsak Vural,TUR,MF,19,2006,15,9,752,8.4,0,0,0,0,0,0,4,0,0.0,0.0,0.0,0.0,0.0
ITA-Serie A,2526,Roma,Alessandro Romano,SUI,MF,19,2006,2,0,8,0.1,0,0,0,0,0,0,0,0,0.0,0.0,0.0,0.0,0.0
ITA-Serie A,2526,Roma,Angeliño,ESP,MF,28,1997,7,5,416,4.6,0,0,0,0,0,0,2,0,0.0,0.0,0.0,0.0,0.0
ITA-Serie A,2526,Roma,Antonio Arena,ITA,FW,16,2009,2,0,23,0.3,0,0,0,0,0,0,0,0,0.0,0.0,0.0,0.0,0.0
ITA-Serie A,2526,Roma,Artem Dovbyk,UKR,FW,28,1997,14,3,393,4.4,3,1,4,3,0,0,0,0,0.69,0.23,0.92,0.69,0.92
ITA-Serie A,2526,Roma,Bryan Cristante,ITA,MF,30,1995,37,36,3094,34.4,2,1,3,2,0,0,6,0,0.06,0.03,0.09,0.06,0.09
ITA-Serie A,2526,Roma,Bryan Zaragoza,ESP,MF,23,2001,4,2,135,1.5,0,1,1,0,0,0,1,0,0.0,0.67,0.67,0.0,0.67
ITA-Serie A,2526,Roma,Daniele Ghilardi,ITA,DF,22,2003,23,9,1097,12.2,0,0,0,0,0,0,1,0,0.0,0.0,0.0,0.0,0.0
ITA-Serie A,2526,Roma,Devyne Rensch,NED,MF,22,2003,24,12,1184,13.2,1,4,5,1,0,0,1,0,0.08,0.3,0.38,0.08,0.38
ITA-Serie A,2526,Roma,Donyell Malen,NED,FW,26,1999,18,18,1467,16.3,14,2,16,11,3,4,1,0,0.86,0.12,0.98,0.67,0.8
ITA-Serie A,2526,Roma,Evan Ferguson,IRL,FW,20,2004,16,10,773,8.6,3,2,5,3,0,0,1,0,0.35,0.23,0.58,0.35,0.58
ITA-Serie A,2526,Roma,Gianluca Mancini,ITA,DF,29,1996,36,36,3059,34.0,4,2,6,4,0,0,9,0,0.12,0.06,0.18,0.12,0.18
ITA-Serie A,2526,Roma,Jan Ziółkowski,POL,DF,20,2005,18,5,517,5.7,0,0,0,0,0,0,3,0,0.0,0.0,0.0,0.0,0.0
ITA-Serie A,2526,Roma,Kostas Tsimikas,GRE,MF,29,1996,18,6,644,7.2,0,0,0,0,0,0,1,0,0.0,0.0,0.0,0.0,0.0
ITA-Serie A,2526,Roma,Leon Bailey,JAM,FW,27,1997,7,1,186,2.1,0,0,0,0,0,0,0,0,0.0,0.0,0.0,0.0,0.0
ITA-Serie A,2526,Roma,Lorenzo Pellegrini,ITA,MF,29,1996,24,20,1463,16.3,4,2,6,2,2,2,2,0,0.25,0.12,0.37,0.12,0.25
ITA-Serie A,2526,Roma,Lorenzo Venturino,ITA,MF,19,2006,10,1,207,2.3,0,0,0,0,0,0,0,0,0.0,0.0,0.0,0.0,0.0
ITA-Serie A,2526,Roma,Manu Koné,FRA,MF,24,2001,29,28,2456,27.3,2,3,5,2,0,0,2,0,0.07,0.11,0.18,0.07,0.18
ITA-Serie A,2526,Roma,Mario Hermoso,ESP,DF,30,1995,27,25,2085,23.2,3,2,5,3,0,0,9,0,0.13,0.09,0.22,0.13,0.22
ITA-Serie A,2526,Roma,Matìas Soulé,ARG,"MF,FW",22,2003,33,28,2139,23.8,6,5,11,6,0,0,1,0,0.25,0.21,0.46,0.25,0.46
ITA-Serie A,2526,Roma,Mile Svilar,SRB,GK,25,1999,38,38,3420,38.0,0,0,0,0,0,0,0,0,0.0,0.0,0.0,0.0,0.0
ITA-Serie A,2526,Roma,Neil El Aynaoui,MAR,MF,24,2001,25,8,999,11.1,1,2,3,1,0,0,5,0,0.09,0.18,0.27,0.09,0.27
ITA-Serie A,2526,Roma,Niccolò Pisilli,ITA,MF,20,2004,25,13,1295,14.4,2,4,6,2,0,0,3,0,0.14,0.28,0.42,0.14,0.42
ITA-Serie A,2526,Roma,Obite N'Dicka,CIV,DF,25,1999,31,31,2680,29.8,3,0,3,3,0,0,5,0,0.1,0.0,0.1,0.1,0.1
ITA-Serie A,2526,Roma,Paulo Dybala,ARG,"MF,FW",31,1993,22,15,1354,15.0,2,6,8,2,0,1,0,0,0.13,0.4,0.53,0.13,0.53
ITA-Serie A,2526,Roma,Robinio Vaz,FRA,FW,18,2007,12,0,216,2.4,1,0,1,1,0,0,0,0,0.42,0.0,0.42,0.42,0.42
ITA-Serie A,2526,Roma,Stephan El Shaarawy,ITA,"MF,FW",32,1992,20,5,666,7.4,1,2,3,1,0,0,4,0,0.14,0.27,0.41,0.14,0.41
ITA-Serie A,2526,Roma,Tommaso Baldanzi,ITA,"FW,MF",22,2003,10,3,386,4.3,1,0,1,1,0,0,2,0,0.23,0.0,0.23,0.23,0.23
ITA-Serie A,2526,Roma,Wesley,BRA,MF,21,2003,30,28,2448,27.2,5,0,5,5,0,0,7,2,0.18,0.0,0.18,0.18,0.18
ITA-Serie A,2526,Roma,Zeki Çelik,TUR,"MF,DF",28,1997,34,32,2723,30.3,1,2,3,1,0,0,2,1,0.03,0.07,0.1,0.03,0.1
ITA-Serie A,2526,Sassuolo,Alieu Fadera,GAM,FW,23,2001,28,8,987,11.0,2,1,3,2,0,0,5,0,0.18,0.09,0.27,0.18,0.27
ITA-Serie A,2526,Sassuolo,Andrea Ghion,ITA,MF,25,2000,1,0,10,0.1,0,0,0,0,0,0,0,0,0.0,0.0,0.0,0.0,0.0
ITA-Serie A,2526,Sassuolo,Andrea Pinamonti,ITA,FW,26,1999,36,32,2552,28.4,9,3,12,9,0,1,2,1,0.32,0.11,0.42,0.32,0.42
ITA-Serie A,2526,Sassuolo,Arijanet Muric,KVX,GK,26,1998,32,32,2880,32.0,0,0,0,0,0,0,4,0,0.0,0.0,0.0,0.0,0.0
ITA-Serie A,2526,Sassuolo,Armand Lauriente,FRA,FW,26,1998,38,33,2592,28.8,7,9,16,7,0,0,4,0,0.24,0.31,0.56,0.24,0.56
ITA-Serie A,2526,Sassuolo,Aster Vranckx,BEL,MF,22,2002,16,9,690,7.7,0,0,0,0,0,0,2,0,0.0,0.0,0.0,0.0,0.0
ITA-Serie A,2526,Sassuolo,Cas Odenthal,NED,DF,24,2000,1,0,1,0.0,0,0,0,0,0,0,0,0,0.0,0.0,0.0,0.0,0.0
ITA-Serie A,2526,Sassuolo,Christian Frangella,ITA,MF,18,2006,1,0,3,0.0,0,0,0,0,0,0,0,0,0.0,0.0,0.0,0.0,0.0
ITA-Serie A,2526,Sassuolo,Cristian Volpato,AUS,FW,21,2003,24,11,1064,11.8,2,4,6,2,0,0,4,0,0.17,0.34,0.51,0.17,0.51
ITA-Serie A,2526,Sassuolo,Daniel Boloca,ROU,MF,26,1998,2,2,135,1.5,0,0,0,0,0,0,0,0,0.0,0.0,0.0,0.0,0.0
ITA-Serie A,2526,Sassuolo,Darryl Bakola,FRA,MF,17,2007,6,1,128,1.4,0,1,1,0,0,0,0,0,0.0,0.7,0.7,0.0,0.7
ITA-Serie A,2526,Sassuolo,Domenico Berardi,ITA,FW,30,1994,26,24,1958,21.8,8,4,12,6,2,3,2,1,0.37,0.18,0.55,0.28,0.46
ITA-Serie A,2526,Sassuolo,Edoardo Iannoni,ITA,MF,24,2001,15,1,260,2.9,1,0,1,1,0,0,3,0,0.35,0.0,0.35,0.35,0.35
ITA-Serie A,2526,Sassuolo,Fali Candé,GNB,DF,27,1998,12,5,509,5.7,0,0,0,0,0,0,2,0,0.0,0.0,0.0,0.0,0.0
ITA-Serie A,2526,Sassuolo,Filippo Romagna,ITA,DF,28,1997,5,4,313,3.5,0,0,0,0,0,0,0,0,0.0,0.0,0.0,0.0,0.0
ITA-Serie A,2526,Sassuolo,Gioele Zacchi,ITA,GK,22,2003,1,0,8,0.1,0,0,0,0,0,0,0,0,0.0,0.0,0.0,0.0,0.0
ITA-Serie A,2526,Sassuolo,Ismaël Koné,CAN,MF,23,2002,35,33,2737,30.4,6,0,6,6,0,0,5,1,0.2,0.0,0.2,0.2,0.2
ITA-Serie A,2526,Sassuolo,Jay Idzes,IDN,DF,25,2000,35,35,3061,34.0,0,0,0,0,0,0,2,0,0.0,0.0,0.0,0.0,0.0
ITA-Serie A,2526,Sassuolo,Josh Doig,SCO,DF,23,2002,30,22,1917,21.3,0,0,0,0,0,0,5,0,0.0,0.0,0.0,0.0,0.0
ITA-Serie A,2526,Sassuolo,Kristian Thorstvedt,NOR,MF,26,1999,32,27,2460,27.3,4,4,8,4,0,0,9,0,0.15,0.15,0.29,0.15,0.29
ITA-Serie A,2526,Sassuolo,Laurs Skjellerup,DEN,FW,22,2002,1,0,10,0.1,0,0,0,0,0,0,0,0,0.0,0.0,0.0,0.0,0.0
ITA-Serie A,2526,Sassuolo,Luca Lipani,ITA,MF,20,2005,24,10,1034,11.5,0,1,1,0,0,0,3,0,0.0,0.09,0.09,0.0,0.09
ITA-Serie A,2526,Sassuolo,Luca Moro,ITA,FW,24,2001,14,1,211,2.3,0,0,0,0,0,0,1,0,0.0,0.0,0.0,0.0,0.0
ITA-Serie A,2526,Sassuolo,M'Bala Nzola,ANG,FW,28,1996,14,4,473,5.3,1,1,2,1,0,0,1,0,0.19,0.19,0.38,0.19,0.38
ITA-Serie A,2526,Sassuolo,Nemanja Matić,SRB,MF,36,1988,34,31,2660,29.6,1,1,2,1,0,0,7,1,0.03,0.03,0.07,0.03,0.07
ITA-Serie A,2526,Sassuolo,Nicholas Pierini,ITA,"FW,MF",26,1998,11,0,142,1.6,0,0,0,0,0,0,1,0,0.0,0.0,0.0,0.0,0.0
ITA-Serie A,2526,Sassuolo,Pedro Felipe,BRA,DF,21,2004,3,1,129,1.4,0,1,1,0,0,0,0,0,0.0,0.7,0.7,0.0,0.7
ITA-Serie A,2526,Sassuolo,Sebastian Walukiewicz,POL,DF,25,2000,34,33,2852,31.7,0,1,1,0,0,0,7,0,0.0,0.03,0.03,0.0,0.03
ITA-Serie A,2526,Sassuolo,Stefano Turati,ITA,GK,23,2001,6,6,532,5.9,0,0,0,0,0,0,0,0,0.0,0.0,0.0,0.0,0.0
ITA-Serie A,2526,Sassuolo,Tarik Muharemovic,BIH,DF,22,2003,32,32,2835,31.5,2,2,4,2,0,0,7,0,0.06,0.06,0.13,0.06,0.13
ITA-Serie A,2526,Sassuolo,Tommaso Macchioni,ITA,DF,19,2006,1,1,90,1.0,0,0,0,0,0,0,1,0,0.0,0.0,0.0,0.0,0.0
ITA-Serie A,2526,Sassuolo,Ulisses Garcia,SUI,DF,29,1996,13,10,943,10.5,1,2,3,1,0,0,3,0,0.1,0.19,0.29,0.1,0.29
ITA-Serie A,2526,Sassuolo,Walid Cheddira,MAR,FW,27,1998,16,1,221,2.5,1,0,1,1,0,0,1,0,0.41,0.0,0.41,0.41,0.41
ITA-Serie A,2526,Sassuolo,Woyo Coulibaly,MLI,DF,26,1999,20,9,1054,11.7,0,0,0,0,0,0,2,0,0.0,0.0,0.0,0.0,0.0
ITA-Serie A,2526,Torino,Adam Masina,MAR,DF,31,1994,5,2,235,2.6,0,1,1,0,0,0,0,0,0.0,0.38,0.38,0.0,0.38
ITA-Serie A,2526,Torino,Adrien Tameze,CMR,DF,31,1994,24,12,1120,12.4,0,0,0,0,0,0,3,0,0.0,0.0,0.0,0.0,0.0
ITA-Serie A,2526,Torino,Alberto Paleari,ITA,GK,32,1992,29,29,2610,29.0,0,0,0,0,0,0,1,0,0.0,0.0,0.0,0.0,0.0
ITA-Serie A,2526,Torino,Ali Dembélé,FRA,DF,21,2004,2,0,21,0.2,0,0,0,0,0,0,0,0,0.0,0.0,0.0,0.0,0.0
ITA-Serie A,2526,Torino,Alieu Njie,SWE,"MF,FW",20,2005,15,2,299,3.3,1,1,2,1,0,0,2,0,0.3,0.3,0.6,0.3,0.6
ITA-Serie A,2526,Torino,Ardian Ismajli,ALB,DF,28,1996,25,21,1906,21.2,0,1,1,0,0,0,5,0,0.0,0.05,0.05,0.0,0.05
ITA-Serie A,2526,Torino,Cesare Casadei,ITA,MF,22,2003,33,19,1997,22.2,6,0,6,6,0,0,5,0,0.27,0.0,0.27,0.27,0.27
ITA-Serie A,2526,Torino,Ché Adams,SCO,FW,29,1996,33,19,1893,21.0,6,2,8,6,0,0,0,0,0.29,0.1,0.38,0.29,0.38
ITA-Serie A,2526,Torino,Cristiano Biraghi,ITA,"MF,DF",32,1992,14,5,517,5.7,0,0,0,0,0,0,0,0,0.0,0.0,0.0,0.0,0.0
ITA-Serie A,2526,Torino,Cyril Ngonge,BEL,FW,25,2000,20,11,994,11.0,1,1,2,1,0,0,2,0,0.09,0.09,0.18,0.09,0.18
ITA-Serie A,2526,Torino,Duván Zapata,COL,FW,34,1991,28,11,1103,12.3,3,1,4,3,0,1,0,0,0.24,0.08,0.33,0.24,0.33
ITA-Serie A,2526,Torino,Emirhan İlkhan,TUR,MF,21,2004,19,13,1001,11.1,1,2,3,1,0,0,2,1,0.09,0.18,0.27,0.09,0.27
ITA-Serie A,2526,Torino,Enzo Ebosse,CMR,DF,26,1999,13,13,1115,12.4,0,1,1,0,0,0,3,0,0.0,0.08,0.08,0.0,0.08
ITA-Serie A,2526,Torino,Faustino Anjorin,ENG,MF,23,2001,15,1,289,3.2,0,0,0,0,0,0,1,0,0.0,0.0,0.0,0.0,0.0
ITA-Serie A,2526,Torino,Franco Israel,URU,GK,25,2000,9,9,810,9.0,0,0,0,0,0,0,1,0,0.0,0.0,0.0,0.0,0.0
ITA-Serie A,2526,Torino,Giovanni Simeone,ARG,FW,30,1995,32,27,2230,24.8,11,0,11,11,0,0,1,0,0.44,0.0,0.44,0.44,0.44
ITA-Serie A,2526,Torino,Guillermo Maripán,CHI,DF,31,1994,27,24,2145,23.8,2,0,2,2,0,0,4,0,0.08,0.0,0.08,0.08,0.08
ITA-Serie A,2526,Torino,Gvidas Gineitis,LTU,MF,21,2004,29,23,1756,19.5,0,1,1,0,0,0,5,0,0.0,0.05,0.05,0.0,0.05
ITA-Serie A,2526,Torino,Ivan Ilić,SRB,MF,24,2001,8,5,416,4.6,0,0,0,0,0,0,2,0,0.0,0.0,0.0,0.0,0.0
ITA-Serie A,2526,Torino,Kristjan Asllani,ALB,MF,23,2002,15,13,1129,12.5,0,0,0,0,0,1,3,0,0.0,0.0,0.0,0.0,0.0
ITA-Serie A,2526,Torino,Luca Marianucci,ITA,DF,21,2004,10,6,575,6.4,0,0,0,0,0,0,2,0,0.0,0.0,0.0,0.0,0.0
ITA-Serie A,2526,Torino,Marcus Pedersen,NOR,"MF,DF",25,2000,29,23,2134,23.7,1,2,3,1,0,0,3,0,0.04,0.08,0.13,0.04,0.13
ITA-Serie A,2526,Torino,Matteo Prati,ITA,MF,21,2003,13,7,614,6.8,0,1,1,0,0,0,2,0,0.0,0.15,0.15,0.0,0.15
ITA-Serie A,2526,Torino,Niels Nkounkou,FRA,"MF,DF",24,2000,11,3,355,3.9,0,1,1,0,0,0,3,0,0.0,0.25,0.25,0.0,0.25
ITA-Serie A,2526,Torino,Nikola Vlašić,CRO,"MF,FW",27,1997,37,36,3043,33.8,8,3,11,3,5,5,7,0,0.24,0.09,0.33,0.09,0.18
ITA-Serie A,2526,Torino,Rafel Obrador,ESP,MF,21,2004,16,14,1116,12.4,1,3,4,1,0,0,1,0,0.08,0.24,0.32,0.08,0.32
ITA-Serie A,2526,Torino,Sandro Kulenović,CRO,FW,25,1999,13,3,300,3.3,0,1,1,0,0,0,2,0,0.0,0.3,0.3,0.0,0.3
ITA-Serie A,2526,Torino,Saúl Coco,EQG,DF,26,1999,35,35,3088,34.3,1,1,2,1,0,0,3,0,0.03,0.03,0.06,0.03,0.06
ITA-Serie A,2526,Torino,Valentino Lazaro,AUT,MF,29,1996,31,26,2252,25.0,0,2,2,0,0,0,4,0,0.0,0.08,0.08,0.0,0.08
ITA-Serie A,2526,Torino,Zakaria Aboukhlal,MAR,MF,25,2000,15,6,511,5.7,0,0,0,0,0,0,4,0,0.0,0.0,0.0,0.0,0.0
ITA-Serie A,2526,Udinese,Abdoulaye Camara,FRA,MF,16,2008,1,0,12,0.1,0,0,0,0,0,0,0,0,0.0,0.0,0.0,0.0,0.0
ITA-Serie A,2526,Udinese,Adam Buksa,POL,FW,29,1996,25,6,922,10.2,3,0,3,3,0,0,3,0,0.29,0.0,0.29,0.29,0.29
ITA-Serie A,2526,Udinese,Alessandro Zanoli,ITA,MF,24,2000,19,16,1280,14.2,1,2,3,1,0,0,1,0,0.07,0.14,0.21,0.07,0.21
ITA-Serie A,2526,Udinese,Arthur Atta,FRA,MF,22,2003,32,29,2557,28.4,5,3,8,5,0,0,3,0,0.18,0.11,0.28,0.18,0.28
ITA-Serie A,2526,Udinese,Branimir Mlacic,CRO,DF,18,2007,7,2,166,1.8,0,0,0,0,0,0,2,0,0.0,0.0,0.0,0.0,0.0
ITA-Serie A,2526,Udinese,Christian Kabasele,BEL,DF,34,1991,30,28,2247,25.0,3,0,3,3,0,0,5,1,0.12,0.0,0.12,0.12,0.12
ITA-Serie A,2526,Udinese,Daniele Padelli,ITA,GK,39,1985,2,2,180,2.0,0,0,0,0,0,0,0,0,0.0,0.0,0.0,0.0,0.0
ITA-Serie A,2526,Udinese,Hassane Kamara,CIV,"MF,DF",31,1994,26,22,1861,20.7,0,2,2,0,0,0,5,0,0.0,0.1,0.1,0.0,0.1
ITA-Serie A,2526,Udinese,Idrissa Guèye,SEN,FW,18,2006,19,1,421,4.7,1,0,1,1,0,0,2,0,0.21,0.0,0.21,0.21,0.21
ITA-Serie A,2526,Udinese,Iker Bravo,ESP,FW,20,2005,8,3,206,2.3,1,0,1,1,0,0,1,0,0.44,0.0,0.44,0.44,0.44
ITA-Serie A,2526,Udinese,Jakub Piotrowski,POL,MF,27,1997,33,20,1696,18.8,1,1,2,1,0,0,2,0,0.05,0.05,0.11,0.05,0.11
ITA-Serie A,2526,Udinese,Jesper Karlström,SWE,MF,30,1995,36,36,3146,35.0,1,0,1,1,0,0,6,0,0.03,0.0,0.03,0.03,0.03
ITA-Serie A,2526,Udinese,Jordan Zemura,ZIM,"MF,DF",25,1999,17,13,1127,12.5,0,1,1,0,0,0,3,0,0.0,0.08,0.08,0.0,0.08
ITA-Serie A,2526,Udinese,Juan Arizala,COL,MF,19,2005,10,1,191,2.1,0,0,0,0,0,0,0,0,0.0,0.0,0.0,0.0,0.0
ITA-Serie A,2526,Udinese,Jurgen Ekkelenkamp,NED,MF,25,2000,31,27,2186,24.3,5,3,8,5,0,0,1,0,0.21,0.12,0.33,0.21,0.33
ITA-Serie A,2526,Udinese,Keinan Davis,ENG,FW,27,1998,30,27,2065,22.9,10,4,14,6,4,4,5,0,0.44,0.17,0.61,0.26,0.44
ITA-Serie A,2526,Udinese,Kingsley Ehizibue,NED,"MF,DF",30,1995,32,20,1811,20.1,2,0,2,2,0,0,5,0,0.1,0.0,0.1,0.1,0.1
ITA-Serie A,2526,Udinese,Lennon Miller,SCO,MF,18,2006,24,9,996,11.1,0,2,2,0,0,0,4,0,0.0,0.18,0.18,0.0,0.18
ITA-Serie A,2526,Udinese,Maduka Okoye,NGA,GK,25,1999,30,30,2616,29.1,0,0,0,0,0,0,1,1,0.0,0.0,0.0,0.0,0.0
ITA-Serie A,2526,Udinese,Matteo Palma,GER,DF,17,2008,5,1,120,1.3,0,0,0,0,0,0,0,0,0.0,0.0,0.0,0.0,0.0
ITA-Serie A,2526,Udinese,Nicolò Bertola,ITA,"DF,MF",22,2003,28,18,1763,19.6,0,1,1,0,0,0,3,0,0.0,0.05,0.05,0.0,0.05
ITA-Serie A,2526,Udinese,Nicolò Zaniolo,ITA,"FW,MF",26,1999,32,28,2257,25.1,5,6,11,5,0,0,8,0,0.2,0.24,0.44,0.2,0.44
ITA-Serie A,2526,Udinese,Oier Zarraga,ESP,MF,26,1999,24,2,475,5.3,0,0,0,0,0,0,2,0,0.0,0.0,0.0,0.0,0.0
ITA-Serie A,2526,Udinese,Oumar Solet,FRA,DF,25,2000,35,34,2959,32.9,3,1,4,2,1,1,1,0,0.09,0.03,0.12,0.06,0.09
ITA-Serie A,2526,Udinese,Razvan Sava,ROU,GK,23,2002,7,6,620,6.9,0,0,0,0,0,0,1,0,0.0,0.0,0.0,0.0,0.0
ITA-Serie A,2526,Udinese,Rui Modesto,ANG,MF,25,1999,3,0,119,1.3,0,1,1,0,0,0,0,0,0.0,0.76,0.76,0.0,0.76
ITA-Serie A,2526,Udinese,Saba Goglichidze,GEO,DF,21,2004,8,4,424,4.7,0,0,0,0,0,0,2,0,0.0,0.0,0.0,0.0,0.0
ITA-Serie A,2526,Udinese,Sandi Lovrić,SVN,MF,27,1998,6,1,161,1.8,0,1,1,0,0,0,1,0,0.0,0.56,0.56,0.0,0.56
ITA-Serie A,2526,Udinese,Thomas Kristensen,DEN,DF,23,2002,28,28,2472,27.5,3,0,3,3,0,0,4,0,0.11,0.0,0.11,0.11,0.11
ITA-Serie A,2526,Udinese,Vakoun Bayo,CIV,FW,28,1997,15,4,453,5.0,0,2,2,0,0,0,0,0,0.0,0.4,0.4,0.0,0.4
,2526,Augsburg,Aiman Dardari,LUX,MF,20,2005,3,0,34,0.4,0,0,0,0,0,0,1,0,0.0,0.0,0.0,0.0,0.0
,2526,Augsburg,Alexis Claude-Maurice,FRA,"MF,FW",27,1998,29,25,2097,23.3,5,4,9,4,1,2,3,0,0.21,0.17,0.39,0.17,0.34
,2526,Augsburg,Anton Kade,GER,"MF,FW",21,2004,28,18,1743,19.4,6,0,6,6,0,0,3,0,0.31,0.0,0.31,0.31,0.31
,2526,Augsburg,Arne Maier,GER,MF,26,1999,1,0,4,0.0,0,0,0,0,0,0,0,0,0.0,0.0,0.0,0.0,0.0
,2526,Augsburg,Arthur Chaves,BRA,DF,24,2001,11,9,829,9.2,2,0,2,2,0,0,1,0,0.22,0.0,0.22,0.22,0.22
,2526,Augsburg,Cedric Zesiger,SUI,DF,27,1998,27,20,1816,20.2,0,0,0,0,0,0,7,0,0.0,0.0,0.0,0.0,0.0
,2526,Augsburg,Chrislain Matsima,FRA,DF,23,2002,18,17,1489,16.5,1,1,2,1,0,0,5,0,0.06,0.06,0.12,0.06,0.12
,2526,Augsburg,Dimitris Giannoulis,GRE,MF,29,1995,27,25,1888,21.0,2,5,7,2,0,0,8,0,0.1,0.24,0.33,0.1,0.33
,2526,Augsburg,Elias Saad,TUN,"MF,FW",25,1999,10,7,497,5.5,0,0,0,0,0,0,1,0,0.0,0.0,0.0,0.0,0.0
,2526,Augsburg,Elvis Rexhbeçaj,KVX,MF,27,1997,26,10,1118,12.4,2,0,2,2,0,0,4,0,0.16,0.0,0.16,0.16,0.16
,2526,Augsburg,Fabian Rieder,SUI,MF,23,2002,32,28,2343,26.0,6,3,9,4,2,2,4,0,0.23,0.12,0.35,0.15,0.27
,2526,Augsburg,Finn Dahmen,GER,GK,27,1998,34,34,3060,34.0,0,0,0,0,0,0,1,0,0.0,0.0,0.0,0.0,0.0
,2526,Augsburg,Han-Noah Massengo,FRA,MF,24,2001,33,29,2427,27.0,2,1,3,2,0,0,5,0,0.07,0.04,0.11,0.07,0.11
,2526,Augsburg,Ismaël Gharbi,TUN,MF,21,2004,6,0,94,1.0,0,0,0,0,0,0,0,0,0.0,0.0,0.0,0.0,0.0
,2526,Augsburg,Jeffrey Gouweleeuw,NED,DF,34,1991,11,10,848,9.4,0,1,1,0,0,0,3,0,0.0,0.11,0.11,0.0,0.11
,2526,Augsburg,Keven Schlotterbeck,GER,DF,28,1997,24,22,2031,22.6,0,1,1,0,0,1,7,1,0.0,0.04,0.04,0.0,0.04
,2526,Augsburg,Kristijan Jakić,CRO,"MF,DF",28,1997,26,18,1653,18.4,2,1,3,2,0,0,5,0,0.11,0.05,0.16,0.11,0.16
,2526,Augsburg,Mads Pedersen,DEN,MF,28,1996,7,1,210,2.3,0,0,0,0,0,0,0,0,0.0,0.0,0.0,0.0,0.0
,2526,Augsburg,Marius Wolf,GER,MF,30,1995,29,12,1019,11.3,1,1,2,1,0,0,4,0,0.09,0.09,0.18,0.09,0.18
,2526,Augsburg,Mert Kömür,GER,"MF,FW",20,2005,28,17,1464,16.3,2,4,6,2,0,0,1,0,0.12,0.25,0.37,0.12,0.37
,2526,Augsburg,Michael Gregoritsch,AUT,FW,31,1994,17,11,913,10.1,6,2,8,5,1,1,2,0,0.59,0.2,0.79,0.49,0.69
,2526,Augsburg,Noahkai Banks,USA,DF,18,2006,23,20,1725,19.2,1,1,2,1,0,0,8,0,0.05,0.05,0.1,0.05,0.1
,2526,Augsburg,Phillip Tietz,GER,FW,28,1997,10,0,198,2.2,1,0,1,1,0,0,2,0,0.45,0.0,0.45,0.45,0.45
,2526,Augsburg,Robin Fellhauer,GER,MF,27,1998,34,31,2799,31.1,3,2,5,3,0,0,2,0,0.1,0.06,0.16,0.1,0.16
,2526,Augsburg,Rodrigo Ribeiro,POR,FW,20,2005,14,6,636,7.1,2,0,2,2,0,0,1,0,0.28,0.0,0.28,0.28,0.28
,2526,Augsburg,Samuel Essende,COD,"MF,FW",27,1998,14,2,414,4.6,1,0,1,1,0,0,2,0,0.22,0.0,0.22,0.22,0.22
,2526,Augsburg,Tim Schnitzer,GER,MF,17,2008,1,0,6,0.1,0,0,0,0,0,0,0,0,0.0,0.0,0.0,0.0,0.0
,2526,Augsburg,Uchenna Ogundu,NGA,FW,19,2006,5,0,47,0.5,0,0,0,0,0,0,0,0,0.0,0.0,0.0,0.0,0.0
,2526,Augsburg,Yannik Keitel,GER,"MF,DF",25,2000,6,2,248,2.8,0,0,0,0,0,0,2,0,0.0,0.0,0.0,0.0,0.0
,2526,Bayern Munich,Aleksandar Pavlovic,GER,MF,21,2004,24,16,1462,16.2,3,1,4,3,0,0,2,0,0.18,0.06,0.25,0.18,0.25
,2526,Bayern Munich,Alphonso Davies,CAN,DF,24,2000,13,6,525,5.8,1,3,4,1,0,0,1,0,0.17,0.51,0.69,0.17,0.69
,2526,Bayern Munich,Bara Sapoko Ndiaye,SEN,MF,17,2007,4,2,143,1.6,0,0,0,0,0,0,0,0,0.0,0.0,0.0,0.0,0.0
,2526,Bayern Munich,Cassiano Kiala,GER,DF,16,2009,1,0,1,0.0,0,0,0,0,0,0,0,0,0.0,0.0,0.0,0.0,0.0
,2526,Bayern Munich,David Daiber,POR,FW,18,2007,2,0,29,0.3,0,0,0,0,0,0,0,0,0.0,0.0,0.0,0.0,0.0
,2526,Bayern Munich,Dayot Upamecano,FRA,DF,26,1998,24,21,1794,19.9,1,1,2,1,0,0,4,0,0.05,0.05,0.1,0.05,0.1
,2526,Bayern Munich,Deniz Ofli,TUR,DF,18,2007,1,0,6,0.1,0,0,0,0,0,0,0,0,0.0,0.0,0.0,0.0,0.0
,2526,Bayern Munich,Erblin Osmani,GER,MF,16,2009,1,0,4,0.0,0,0,0,0,0,0,0,0,0.0,0.0,0.0,0.0,0.0
,2526,Bayern Munich,Felipe Chávez,PER,MF,18,2007,2,0,14,0.2,0,0,0,0,0,0,0,0,0.0,0.0,0.0,0.0,0.0
,2526,Bayern Munich,Harry Kane,ENG,"FW,MF",32,1993,31,25,2377,26.4,36,5,41,26,10,11,1,0,1.36,0.19,1.55,0.98,1.17
,2526,Bayern Munich,Hiroki Ito,JPN,DF,26,1999,16,10,920,10.2,1,2,3,1,0,0,0,0,0.1,0.2,0.29,0.1,0.29
,2526,Bayern Munich,Jamal Musiala,GER,"MF,FW",22,2003,15,7,683,7.6,3,4,7,2,1,1,1,0,0.4,0.53,0.92,0.26,0.79
,2526,Bayern Munich,Jonah Kusi-Asare,SWE,FW,18,2007,1,0,5,0.1,0,0,0,0,0,0,0,0,0.0,0.0,0.0,0.0,0.0
,2526,Bayern Munich,Jonas Urbig,GER,GK,21,2003,14,11,1111,12.3,0,0,0,0,0,0,0,0,0.0,0.0,0.0,0.0,0.0
,2526,Bayern Munich,Jonathan Tah,GER,DF,29,1996,28,23,2018,22.4,2,1,3,2,0,0,7,0,0.09,0.04,0.13,0.09,0.13
,2526,Bayern Munich,Joshua Kimmich,GER,MF,30,1995,29,24,2280,25.3,2,8,10,2,0,0,4,0,0.08,0.32,0.39,0.08,0.39
,2526,Bayern Munich,Josip Stanišić,CRO,DF,25,2000,26,19,1857,20.6,2,3,5,2,0,0,1,0,0.1,0.15,0.24,0.1,0.24
,2526,Bayern Munich,Kim Min-jae,KOR,DF,28,1996,25,19,1602,17.8,1,1,2,1,0,0,1,0,0.06,0.06,0.11,0.06,0.11
,2526,Bayern Munich,Konrad Laimer,AUT,DF,28,1997,29,22,1994,22.2,3,9,12,3,0,0,9,0,0.14,0.41,0.54,0.14,0.54
,2526,Bayern Munich,Lennart Karl,GER,MF,17,2008,26,16,1281,14.2,5,5,10,5,0,0,1,0,0.35,0.35,0.7,0.35,0.7
,2526,Bayern Munich,Leon Goretzka,GER,MF,30,1995,31,25,1947,21.6,5,3,8,5,0,0,4,0,0.23,0.14,0.37,0.23,0.37
,2526,Bayern Munich,Luis Díaz,COL,MF,28,1997,32,27,2447,27.2,15,14,29,15,0,0,7,1,0.55,0.51,1.07,0.55,1.07
,2526,Bayern Munich,Manuel Neuer,GER,GK,39,1986,22,22,1859,20.7,0,0,0,0,0,0,0,0,0.0,0.0,0.0,0.0,0.0
,2526,Bayern Munich,Maycon Cardozo,BRA,MF,16,2008,2,0,34,0.4,0,0,0,0,0,0,0,0,0.0,0.0,0.0,0.0,0.0
,2526,Bayern Munich,Michael Olise,FRA,MF,23,2001,32,23,2316,25.7,15,19,34,15,0,0,8,0,0.58,0.74,1.32,0.58,1.32
,2526,Bayern Munich,Nicolas Jackson,SEN,FW,24,2001,23,12,1007,11.2,8,1,9,8,0,0,2,1,0.71,0.09,0.8,0.71,0.8
,2526,Bayern Munich,Raphaël Guerreiro,POR,MF,31,1993,18,8,784,8.7,5,2,7,5,0,0,0,0,0.57,0.23,0.8,0.57,0.8
,2526,Bayern Munich,Sacha Boey,FRA,DF,24,2000,9,5,463,5.1,0,0,0,0,0,0,1,0,0.0,0.0,0.0,0.0,0.0
,2526,Bayern Munich,Serge Gnabry,GER,MF,30,1995,21,16,1219,13.5,8,6,14,8,0,0,1,0,0.59,0.44,1.03,0.59,1.03
,2526,Bayern Munich,Sven Ulreich,GER,GK,36,1988,1,1,90,1.0,0,0,0,0,0,0,1,0,0.0,0.0,0.0,0.0,0.0
,2526,Bayern Munich,Tom Bischof,GER,"DF,MF",20,2005,26,14,1302,14.5,3,3,6,3,0,0,2,0,0.21,0.21,0.41,0.21,0.41
,2526,Bayern Munich,Wisdom Mike,GER,FW,16,2008,4,0,30,0.3,0,0,0,0,0,0,0,0,0.0,0.0,0.0,0.0,0.0
,2526,Dortmund,Aaron Anselmino,ARG,DF,20,2005,6,4,368,4.1,1,0,1,1,0,0,0,0,0.24,0.0,0.24,0.24,0.24
,2526,Dortmund,Almugera Kabar,GER,DF,19,2006,1,0,16,0.2,0,0,0,0,0,0,0,0,0.0,0.0,0.0,0.0,0.0
,2526,Dortmund,Carney Chukwuemeka,AUT,"MF,FW",21,2003,28,8,919,10.2,2,0,2,2,0,0,2,0,0.2,0.0,0.2,0.2,0.2
,2526,Dortmund,Cole Campbell,USA,FW,19,2006,1,0,17,0.2,0,0,0,0,0,0,0,0,0.0,0.0,0.0,0.0,0.0
,2526,Dortmund,Daniel Svensson,SWE,MF,23,2002,33,27,2454,27.3,2,2,4,2,0,0,0,0,0.07,0.07,0.15,0.07,0.15
,2526,Dortmund,Emre Can,GER,DF,31,1994,9,7,621,6.9,3,0,3,0,3,3,3,0,0.43,0.0,0.43,0.0,0.0
,2526,Dortmund,Felix Nmecha,GER,MF,24,2000,29,25,2176,24.2,2,3,5,2,0,1,0,0,0.08,0.12,0.21,0.08,0.21
,2526,Dortmund,Filippo Mane,ITA,DF,20,2005,4,2,131,1.5,0,0,0,0,0,0,0,1,0.0,0.0,0.0,0.0,0.0
,2526,Dortmund,Fábio Silva,POR,"FW,MF",23,2002,28,7,817,9.1,2,6,8,2,0,0,3,0,0.22,0.66,0.88,0.22,0.88
,2526,Dortmund,Gregor Kobel,SUI,GK,27,1997,34,34,3060,34.0,0,0,0,0,0,0,3,0,0.0,0.0,0.0,0.0,0.0
,2526,Dortmund,Jobe Bellingham,ENG,MF,19,2005,32,20,1786,19.8,0,1,1,0,0,0,2,1,0.0,0.05,0.05,0.0,0.05
,2526,Dortmund,Julian Brandt,GER,"MF,FW",29,1996,29,17,1606,17.8,7,4,11,7,0,0,0,0,0.39,0.22,0.62,0.39,0.62
,2526,Dortmund,Julian Ryerson,NOR,MF,27,1997,31,26,2266,25.2,0,15,15,0,0,0,8,0,0.0,0.6,0.6,0.0,0.6
,2526,Dortmund,Karim Adeyemi,GER,"MF,FW",23,2002,28,15,1195,13.3,7,4,11,7,0,0,5,0,0.53,0.3,0.83,0.53,0.83
,2526,Dortmund,Luca Reggiani,ITA,DF,17,2008,8,6,511,5.7,1,0,1,1,0,0,2,0,0.18,0.0,0.18,0.18,0.18
,2526,Dortmund,Marcel Sabitzer,AUT,MF,31,1994,26,21,1817,20.2,1,2,3,1,0,0,3,0,0.05,0.1,0.15,0.05,0.15
,2526,Dortmund,Mathis Albert,USA,FW,16,2009,1,0,2,0.0,0,0,0,0,0,0,0,0,0.0,0.0,0.0,0.0,0.0
,2526,Dortmund,Maximilian Beier,GER,"MF,FW",22,2002,32,24,2026,22.5,9,6,15,9,0,0,3,0,0.4,0.27,0.67,0.4,0.67
,2526,Dortmund,Nico Schlotterbeck,GER,DF,25,1999,28,28,2520,28.0,5,1,6,5,0,0,8,0,0.18,0.04,0.21,0.18,0.21
,2526,Dortmund,Niklas Süle,GER,DF,29,1995,11,7,486,5.4,0,1,1,0,0,0,3,0,0.0,0.19,0.19,0.0,0.19
,2526,Dortmund,Pascal Groß,GER,MF,34,1991,11,7,613,6.8,0,1,1,0,0,0,0,0,0.0,0.15,0.15,0.0,0.15
,2526,Dortmund,Ramy Bensebaini,ALG,DF,30,1995,21,15,1530,17.0,5,2,7,3,2,2,6,0,0.29,0.12,0.41,0.18,0.29
,2526,Dortmund,Salih Özcan,TUR,MF,27,1998,11,0,81,0.9,0,0,0,0,0,0,0,0,0.0,0.0,0.0,0.0,0.0
,2526,Dortmund,Samuele Inácio,ITA,MF,17,2008,7,4,384,4.3,1,0,1,1,0,0,2,0,0.23,0.0,0.23,0.23,0.23
,2526,Dortmund,Serhou Guirassy,GUI,FW,29,1996,33,27,2337,26.0,17,1,18,16,1,3,3,0,0.65,0.04,0.69,0.62,0.65
,2526,Dortmund,Waldemar Anton,GER,DF,29,1996,32,32,2880,32.0,2,0,2,2,0,0,3,0,0.06,0.0,0.06,0.06,0.06
,2526,Dortmund,Yan Couto,BRA,MF,23,2002,19,11,997,11.1,2,2,4,2,0,0,4,0,0.18,0.18,0.36,0.18,0.36
,2526,Frankfurt,Ansgar Knauff,GER,"MF,FW",23,2002,28,12,1326,14.7,4,1,5,4,0,0,3,0,0.27,0.07,0.34,0.27,0.34
,2526,Frankfurt,Arnaud Kalimuendo,FRA,"FW,MF",23,2002,19,17,1417,15.7,6,1,7,6,0,0,4,0,0.38,0.06,0.44,0.38,0.44
,2526,Frankfurt,Arthur Theate,BEL,DF,25,2000,24,24,2141,23.8,1,0,1,1,0,0,8,0,0.04,0.0,0.04,0.04,0.04
,2526,Frankfurt,Aurèle Amenda,SUI,DF,22,2003,24,18,1678,18.6,0,0,0,0,0,0,5,0,0.0,0.0,0.0,0.0,0.0
,2526,Frankfurt,Aurélio Buta,POR,DF,28,1997,4,1,144,1.6,0,0,0,0,0,0,1,0,0.0,0.0,0.0,0.0,0.0
,2526,Frankfurt,Ayoube Amaimouni,MAR,"MF,FW",20,2004,17,6,586,6.5,2,3,5,2,0,0,1,0,0.31,0.46,0.77,0.31,0.77
,2526,Frankfurt,Can Uzun,TUR,MF,19,2005,21,15,1156,12.8,8,4,12,7,1,1,3,0,0.62,0.31,0.93,0.54,0.86
,2526,Frankfurt,Elias Baum,GER,DF,19,2005,5,0,75,0.8,0,0,0,0,0,0,0,0,0.0,0.0,0.0,0.0,0.0
,2526,Frankfurt,Ellyes Skhiri,TUN,"MF,DF",30,1995,25,16,1444,16.0,0,0,0,0,0,0,3,1,0.0,0.0,0.0,0.0,0.0
,2526,Frankfurt,Elye Wahi,CIV,FW,22,2003,10,3,324,3.6,0,1,1,0,0,0,1,0,0.0,0.28,0.28,0.0,0.28
,2526,Frankfurt,Fares Chaïbi,ALG,MF,22,2002,28,21,1792,19.9,2,9,11,2,0,0,2,0,0.1,0.45,0.55,0.1,0.55
,2526,Frankfurt,Hugo Larsson,SWE,MF,21,2004,25,21,1812,20.1,2,2,4,2,0,0,0,0,0.1,0.1,0.2,0.1,0.2
,2526,Frankfurt,Jean Mattéo Bahoya,FRA,"MF,FW",20,2005,27,15,1331,14.8,3,4,7,3,0,0,2,0,0.2,0.27,0.47,0.2,0.47
,2526,Frankfurt,Jessic Ngankam,GER,FW,25,2000,3,0,62,0.7,0,0,0,0,0,0,0,0,0.0,0.0,0.0,0.0,0.0
,2526,Frankfurt,Jonathan Burkardt,GER,FW,25,2000,22,15,1336,14.8,13,1,14,9,4,4,1,0,0.88,0.07,0.94,0.61,0.67
,2526,Frankfurt,Kauã Santos,BRA,GK,22,2003,13,13,1084,12.0,0,0,0,0,0,0,0,0,0.0,0.0,0.0,0.0,0.0
,2526,Frankfurt,Love Arrhov,SWE,MF,17,2008,5,1,65,0.7,0,0,0,0,0,0,1,0,0.0,0.0,0.0,0.0,0.0
,2526,Frankfurt,Mahmoud Dahoud,GER,"MF,FW",29,1996,15,8,716,8.0,2,3,5,2,0,0,0,0,0.25,0.38,0.63,0.25,0.63
,2526,Frankfurt,Mario Götze,GER,MF,33,1992,21,8,886,9.8,0,0,0,0,0,0,1,0,0.0,0.0,0.0,0.0,0.0
,2526,Frankfurt,Michael Zetterer,GER,GK,30,1995,22,21,1976,22.0,0,0,0,0,0,0,1,0,0.0,0.0,0.0,0.0,0.0
,2526,Frankfurt,Michy Batshuayi,BEL,FW,31,1993,6,1,139,1.5,1,0,1,0,1,1,0,0,0.65,0.0,0.65,0.0,0.0
,2526,Frankfurt,Nathaniel Brown,GER,"MF,DF",22,2003,33,29,2656,29.5,4,4,8,4,0,0,3,0,0.14,0.14,0.27,0.14,0.27
,2526,Frankfurt,Nnamdi Collins,GER,DF,21,2004,23,16,1500,16.7,1,2,3,1,0,0,4,0,0.06,0.12,0.18,0.06,0.18
,2526,Frankfurt,Oscar Højlund,DEN,MF,20,2005,24,12,1089,12.1,1,1,2,1,0,0,4,1,0.08,0.08,0.17,0.08,0.17
,2526,Frankfurt,Rasmus Kristensen,DEN,"DF,MF",28,1997,22,19,1538,17.1,2,0,2,2,0,0,6,1,0.12,0.0,0.12,0.12,0.12
,2526,Frankfurt,Ritsu Doan,JPN,MF,27,1998,31,28,2364,26.3,5,5,10,5,0,0,5,0,0.19,0.19,0.38,0.19,0.38
,2526,Frankfurt,Robin Koch,GER,DF,29,1996,32,32,2833,31.5,3,1,4,3,0,0,3,1,0.1,0.03,0.13,0.1,0.13
,2526,Frankfurt,Timothy Chandler,USA,"DF,MF",35,1990,1,0,11,0.1,0,0,0,0,0,0,0,0,0.0,0.0,0.0,0.0,0.0
,2526,Frankfurt,Younes Ebnoutalib,GER,FW,21,2003,5,2,133,1.5,1,0,1,1,0,0,0,0,0.68,0.0,0.68,0.68,0.68
,2526,Freiburg,Anthony Jung,GER,DF,33,1991,12,4,526,5.8,0,0,0,0,0,0,2,0,0.0,0.0,0.0,0.0,0.0
,2526,Freiburg,Christian Günter,GER,DF,32,1993,24,18,1547,17.2,0,3,3,0,0,0,3,0,0.0,0.17,0.17,0.0,0.17
,2526,Freiburg,Cyriaque Irié,BFA,MF,20,2005,10,3,347,3.9,0,0,0,0,0,0,3,0,0.0,0.0,0.0,0.0,0.0
,2526,Freiburg,Derry Scherhant,GER,MF,22,2002,31,12,1301,14.5,5,1,6,5,0,0,2,0,0.35,0.07,0.42,0.35,0.42
,2526,Freiburg,Eren Dinkçi,GER,MF,23,2001,8,3,248,2.8,0,0,0,0,0,0,1,0,0.0,0.0,0.0,0.0,0.0
,2526,Freiburg,Ifechukwu Ogbus,SUI,DF,19,2005,18,14,1177,13.1,0,0,0,0,0,0,1,0,0.0,0.0,0.0,0.0,0.0
,2526,Freiburg,Igor Matanović,CRO,FW,22,2003,31,14,1571,17.5,11,2,13,10,1,2,0,0,0.63,0.11,0.74,0.57,0.69
,2526,Freiburg,Jan-Niklas Beste,GER,MF,26,1999,28,20,1704,18.9,2,2,4,2,0,0,5,0,0.11,0.11,0.21,0.11,0.21
,2526,Freiburg,Johan Manzambi,SUI,MF,19,2005,27,26,2077,23.1,5,4,9,5,0,0,4,2,0.22,0.17,0.39,0.22,0.39
,2526,Freiburg,Jordy Makengo,FRA,DF,23,2001,20,12,1178,13.1,0,1,1,0,0,0,1,0,0.0,0.08,0.08,0.0,0.08
,2526,Freiburg,Junior Adamu,AUT,FW,24,2001,9,7,446,5.0,1,1,2,1,0,0,1,0,0.2,0.2,0.4,0.2,0.4
,2526,Freiburg,Lucas Höler,GER,"FW,MF",31,1994,33,25,2037,22.6,3,1,4,3,0,0,4,0,0.13,0.04,0.18,0.13,0.18
,2526,Freiburg,Lukas Kübler,GER,DF,32,1992,23,19,1587,17.6,2,2,4,2,0,0,3,0,0.11,0.11,0.23,0.11,0.23
,2526,Freiburg,Matthias Ginter,GER,DF,31,1994,32,32,2833,31.5,3,3,6,3,0,0,3,0,0.1,0.1,0.19,0.1,0.19
,2526,Freiburg,Max Rosenfelder,GER,DF,22,2003,12,5,492,5.5,0,0,0,0,0,0,0,0,0.0,0.0,0.0,0.0,0.0
,2526,Freiburg,Maximilian Eggestein,GER,MF,28,1996,34,34,3060,34.0,3,1,4,3,0,0,4,0,0.09,0.03,0.12,0.09,0.12
,2526,Freiburg,Maximilian Philipp,GER,"FW,MF",31,1994,2,0,29,0.3,0,0,0,0,0,0,0,0,0.0,0.0,0.0,0.0,0.0
,2526,Freiburg,Merlin Röhl,GER,MF,23,2002,2,0,66,0.7,0,0,0,0,0,0,0,0,0.0,0.0,0.0,0.0,0.0
,2526,Freiburg,Nicolas Höfler,GER,MF,35,1990,13,2,291,3.2,0,0,0,0,0,0,0,0,0.0,0.0,0.0,0.0,0.0
,2526,Freiburg,Noah Atubolu,GER,GK,23,2002,34,34,3060,34.0,0,0,0,0,0,0,1,0,0.0,0.0,0.0,0.0,0.0
,2526,Freiburg,Patrick Osterhage,GER,MF,25,2000,20,13,1189,13.2,1,0,1,1,0,0,4,0,0.08,0.0,0.08,0.08,0.08
,2526,Freiburg,Philipp Lienhart,AUT,DF,29,1996,20,14,1302,14.5,1,0,1,1,0,0,4,1,0.07,0.0,0.07,0.07,0.07
,2526,Freiburg,Philipp Treu,GER,"DF,MF",24,2000,28,24,2186,24.3,1,2,3,1,0,0,2,0,0.04,0.08,0.12,0.04,0.12
,2526,Freiburg,Rouven Tarnutzer,SUI,FW,18,2007,1,0,7,0.1,0,0,0,0,0,0,0,0,0.0,0.0,0.0,0.0,0.0
,2526,Freiburg,Vincenzo Grifo,ITA,MF,32,1993,33,21,1710,19.0,7,4,11,3,4,4,0,0,0.37,0.21,0.58,0.16,0.37
,2526,Freiburg,Yuito Suzuki,JPN,MF,23,2001,25,18,1632,18.1,4,2,6,4,0,0,3,0,0.22,0.11,0.33,0.22,0.33
,2526,Gladbach,Alejo Sarco,ARG,FW,19,2006,3,0,53,0.6,0,0,0,0,0,0,0,0,0.0,0.0,0.0,0.0,0.0
,2526,Gladbach,Charles Herrmann,GER,FW,19,2006,1,0,5,0.1,0,1,1,0,0,0,0,0,0.0,18.0,18.0,0.0,18.0
,2526,Gladbach,Fabio Chiarodia,ITA,DF,20,2005,15,8,674,7.5,0,0,0,0,0,0,1,0,0.0,0.0,0.0,0.0,0.0
,2526,Gladbach,Florian Neuhaus,GER,"MF,FW",28,1997,17,11,930,10.3,0,1,1,0,0,0,0,0,0.0,0.1,0.1,0.0,0.1
,2526,Gladbach,Franck Honorat,FRA,"MF,FW",28,1996,28,24,1977,22.0,2,6,8,2,0,0,0,0,0.09,0.27,0.36,0.09,0.36
,2526,Gladbach,Gio Reyna,USA,MF,22,2002,19,4,520,5.8,1,0,1,1,0,0,1,0,0.17,0.0,0.17,0.17,0.17
,2526,Gladbach,Grant Ranos,ARM,FW,22,2003,8,0,119,1.3,1,0,1,1,0,0,1,0,0.76,0.0,0.76,0.76,0.76
,2526,Gladbach,Haris Tabaković,BIH,FW,31,1994,32,28,2382,26.5,13,3,16,13,0,2,5,0,0.49,0.11,0.6,0.49,0.6
,2526,Gladbach,Hugo Bolin,SWE,"MF,FW",22,2003,13,5,550,6.1,1,1,2,1,0,0,0,0,0.16,0.16,0.33,0.16,0.33
,2526,Gladbach,Jan Urbich,GER,DF,21,2004,3,0,39,0.4,0,0,0,0,0,0,0,0,0.0,0.0,0.0,0.0,0.0
,2526,Gladbach,Jens Castrop,KOR,MF,22,2003,26,20,1584,17.6,3,1,4,3,0,0,2,2,0.17,0.06,0.23,0.17,0.23
,2526,Gladbach,Joe Scally,USA,"DF,MF",22,2002,32,29,2608,29.0,2,3,5,2,0,0,8,0,0.07,0.1,0.17,0.07,0.17
,2526,Gladbach,Kevin Diks,IDN,DF,28,1996,30,28,2464,27.4,5,0,5,1,4,4,6,0,0.18,0.0,0.18,0.04,0.04
,2526,Gladbach,Kevin Stöger,AUT,MF,31,1993,29,15,1324,14.7,1,1,2,1,0,1,3,0,0.07,0.07,0.14,0.07,0.14
,2526,Gladbach,Kōta Takai,JPN,DF,20,2004,8,3,342,3.8,0,0,0,0,0,0,1,0,0.0,0.0,0.0,0.0,0.0
,2526,Gladbach,Luca Netz,GER,"MF,DF",22,2003,15,10,940,10.4,0,2,2,0,0,0,1,0,0.0,0.19,0.19,0.0,0.19
,2526,Gladbach,Lukas Ullrich,GER,"DF,MF",21,2004,23,14,1305,14.5,0,0,0,0,0,0,2,0,0.0,0.0,0.0,0.0,0.0
,2526,Gladbach,Marvin Friedrich,GER,DF,29,1995,6,1,152,1.7,0,0,0,0,0,0,0,0,0.0,0.0,0.0,0.0,0.0
,2526,Gladbach,Moritz Nicolas,GER,GK,27,1997,34,34,3060,34.0,0,0,0,0,0,0,1,0,0.0,0.0,0.0,0.0,0.0
,2526,Gladbach,Nico Elvedi,SUI,DF,28,1996,33,33,2966,33.0,0,2,2,0,0,0,5,0,0.0,0.06,0.06,0.0,0.06
,2526,Gladbach,Oscar Fraulo,DEN,MF,21,2003,4,0,43,0.5,1,0,1,1,0,0,0,0,2.09,0.0,2.09,2.09,2.09
,2526,Gladbach,Philipp Sander,GER,"DF,MF",27,1998,30,29,2445,27.2,2,0,2,2,0,0,4,0,0.07,0.0,0.07,0.07,0.07
,2526,Gladbach,Robin Hack,GER,MF,26,1998,8,3,320,3.6,1,0,1,1,0,0,1,0,0.28,0.0,0.28,0.28,0.28
,2526,Gladbach,Rocco Reitz,GER,MF,23,2002,31,31,2627,29.2,0,4,4,0,0,0,8,1,0.0,0.14,0.14,0.0,0.14
,2526,Gladbach,Shuto Machino,JPN,"FW,MF",25,1999,32,9,1076,12.0,3,1,4,3,0,0,2,0,0.25,0.08,0.33,0.25,0.33
,2526,Gladbach,Tim Kleindienst,GER,FW,29,1995,3,0,7,0.1,0,0,0,0,0,0,0,0,0.0,0.0,0.0,0.0,0.0
,2526,Gladbach,Wael Mohya,GER,"MF,FW",16,2008,15,6,552,6.1,2,1,3,2,0,0,1,0,0.33,0.16,0.49,0.33,0.49
,2526,Gladbach,Yannik Engelhardt,GER,MF,24,2001,31,29,2487,27.6,2,2,4,2,0,0,7,0,0.07,0.07,0.14,0.07,0.14
,2526,Hamburger SV,Aboubaka Soumahoro,FRA,"MF,DF",20,2005,4,2,136,1.5,0,0,0,0,0,0,1,0,0.0,0.0,0.0,0.0,0.0
,2526,Hamburger SV,Albert Grønbaek,DEN,MF,24,2001,7,6,492,5.5,1,2,3,1,0,0,0,0,0.18,0.37,0.55,0.18,0.55
,2526,Hamburger SV,Albert Sambi Lokonga,BEL,MF,25,1999,26,20,1710,19.0,5,0,5,5,0,0,3,0,0.26,0.0,0.26,0.26,0.26
,2526,Hamburger SV,Alexander Røssing-Lelesiit,NOR,"FW,MF",18,2007,11,5,321,3.6,0,1,1,0,0,0,3,1,0.0,0.28,0.28,0.0,0.28
,2526,Hamburger SV,Bakery Jatta,GAM,MF,27,1998,15,12,911,10.1,1,1,2,1,0,0,1,0,0.1,0.1,0.2,0.1,0.2
,2526,Hamburger SV,Damion Downs,USA,FW,21,2004,12,6,536,6.0,0,0,0,0,0,0,0,0,0.0,0.0,0.0,0.0,0.0
,2526,Hamburger SV,Daniel Elfadli,LBY,DF,28,1997,21,15,1253,13.9,0,0,0,0,0,0,6,1,0.0,0.0,0.0,0.0,0.0
,2526,Hamburger SV,Daniel Heuer Fernandes,POR,GK,32,1992,33,33,2970,33.0,0,0,0,0,0,0,3,0,0.0,0.0,0.0,0.0,0.0
,2526,Hamburger SV,Emir Sahiti,KVX,FW,26,1998,2,2,120,1.3,0,0,0,0,0,0,0,0,0.0,0.0,0.0,0.0,0.0
,2526,Hamburger SV,Fabio Baldé,POR,"FW,MF",20,2005,16,3,448,5.0,1,1,2,1,0,0,1,0,0.2,0.2,0.4,0.2,0.4
,2526,Hamburger SV,Fabio Vieira,POR,"MF,FW",25,2000,29,25,2206,24.5,7,5,12,6,1,1,4,2,0.29,0.2,0.49,0.24,0.45
,2526,Hamburger SV,Giorgi Gocholeishvili,GEO,MF,24,2001,24,9,940,10.4,0,2,2,0,0,0,3,1,0.0,0.19,0.19,0.0,0.19
,2526,Hamburger SV,Guilherme Ramos,POR,DF,27,1997,8,0,48,0.5,0,0,0,0,0,0,0,0,0.0,0.0,0.0,0.0,0.0
,2526,Hamburger SV,Immanuel Pherai,SUR,"FW,MF",24,2001,6,0,35,0.4,0,0,0,0,0,0,2,1,0.0,0.0,0.0,0.0,0.0
,2526,Hamburger SV,Jean-Luc Dompé,FRA,"FW,MF",29,1995,20,12,1138,12.6,3,0,3,2,1,1,0,0,0.24,0.0,0.24,0.16,0.16
,2526,Hamburger SV,Jonas Meffert,GER,MF,30,1994,4,1,145,1.6,0,0,0,0,0,0,0,0,0.0,0.0,0.0,0.0,0.0
,2526,Hamburger SV,Jordan Torunarigha,GER,DF,27,1997,24,21,1962,21.8,0,0,0,0,0,0,3,0,0.0,0.0,0.0,0.0,0.0
,2526,Hamburger SV,Louis Lemke,GER,DF,15,2009,1,0,1,0.0,0,0,0,0,0,0,0,0,0.0,0.0,0.0,0.0,0.0
,2526,Hamburger SV,Luka Vušković,CRO,DF,18,2007,28,27,2442,27.1,6,0,6,5,1,1,6,0,0.22,0.0,0.22,0.18,0.18
,2526,Hamburger SV,Miro Muheim,SUI,"MF,DF",27,1998,29,27,2435,27.1,0,4,4,0,0,0,7,1,0.0,0.15,0.15,0.0,0.15
,2526,Hamburger SV,Nicolai Remberg,GER,MF,25,2000,32,32,2880,32.0,0,2,2,0,0,0,11,0,0.0,0.06,0.06,0.0,0.06
,2526,Hamburger SV,Nicolás Capaldo,ARG,"DF,MF",26,1998,26,24,2001,22.2,1,3,4,1,0,0,10,0,0.04,0.13,0.18,0.04,0.18
,2526,Hamburger SV,Otto Stange,GER,FW,18,2007,10,2,293,3.3,0,0,0,0,0,0,0,0,0.0,0.0,0.0,0.0,0.0
,2526,Hamburger SV,Philip Otele,NGA,"MF,FW",26,1999,9,7,471,5.2,1,1,2,1,0,0,3,1,0.19,0.19,0.38,0.19,0.38
,2526,Hamburger SV,Ransford Königsdörffer,GHA,"FW,MF",23,2001,33,29,2329,25.9,5,1,6,5,0,1,2,0,0.19,0.04,0.23,0.19,0.23
,2526,Hamburger SV,Rayan Philippe,FRA,"FW,MF",24,2000,28,13,1285,14.3,5,0,5,5,0,1,2,0,0.35,0.0,0.35,0.35,0.35
,2526,Hamburger SV,Robert Glatzel,GER,FW,31,1994,19,7,612,6.8,3,2,5,2,1,1,0,0,0.44,0.29,0.74,0.29,0.59
,2526,Hamburger SV,Sander Tangvik,NOR,GK,22,2002,1,1,90,1.0,0,0,0,0,0,0,0,0,0.0,0.0,0.0,0.0,0.0
,2526,Hamburger SV,Shafiq Nandja,GER,DF,18,2007,2,0,15,0.2,0,0,0,0,0,0,0,0,0.0,0.0,0.0,0.0,0.0
,2526,Hamburger SV,Warmed Omari,COM,DF,25,2000,20,17,1605,17.8,0,1,1,0,0,0,0,0,0.0,0.06,0.06,0.0,0.06
,2526,Hamburger SV,William Mikelbrencis,FRA,"MF,DF",21,2004,26,15,1372,15.2,0,4,4,0,0,0,3,0,0.0,0.26,0.26,0.0,0.26
,2526,Hamburger SV,Yussuf Poulsen,DEN,FW,31,1994,15,1,334,3.7,1,0,1,1,0,0,4,0,0.27,0.0,0.27,0.27,0.27
,2526,Heidenheim,Adam Kölle,GER,DF,19,2006,6,0,93,1.0,1,0,1,1,0,0,1,0,0.97,0.0,0.97,0.97,0.97
,2526,Heidenheim,Adrian Beck,GER,MF,28,1997,24,9,868,9.6,1,1,2,1,0,0,1,0,0.1,0.1,0.21,0.1,0.21
,2526,Heidenheim,Arijon Ibrahimović,GER,"MF,FW",19,2005,32,25,2169,24.1,2,4,6,1,1,1,2,0,0.08,0.17,0.25,0.04,0.21
,2526,Heidenheim,Benedikt Gimber,GER,DF,28,1997,21,18,1436,16.0,0,0,0,0,0,0,6,0,0.0,0.0,0.0,0.0,0.0
,2526,Heidenheim,Budu Zivzivadze,GEO,FW,31,1994,20,14,1142,12.7,6,0,6,6,0,0,2,1,0.47,0.0,0.47,0.47,0.47
,2526,Heidenheim,Christian Conteh,GER,"MF,FW",25,1999,9,4,404,4.5,0,0,0,0,0,0,0,0,0.0,0.0,0.0,0.0,0.0
,2526,Heidenheim,Diant Ramaj,GER,GK,23,2001,31,31,2790,31.0,0,1,1,0,0,0,2,0,0.0,0.03,0.03,0.0,0.03
,2526,Heidenheim,Eren Dinkçi,GER,"MF,FW",23,2001,14,13,1131,12.6,3,1,4,3,0,0,3,0,0.24,0.08,0.32,0.24,0.32
,2526,Heidenheim,Frank Feller,GER,GK,21,2004,3,3,270,3.0,0,0,0,0,0,0,0,0,0.0,0.0,0.0,0.0,0.0
,2526,Heidenheim,Hannes Behrens,GER,"DF,MF",20,2005,16,15,1318,14.6,1,2,3,1,0,0,0,0,0.07,0.14,0.2,0.07,0.2
,2526,Heidenheim,Jan Schöppner,GER,MF,26,1999,31,29,2252,25.0,3,3,6,3,0,0,5,0,0.12,0.12,0.24,0.12,0.24
,2526,Heidenheim,Jonas Föhrenbach,GER,"DF,MF",29,1996,27,25,2325,25.8,1,1,2,1,0,0,3,0,0.04,0.04,0.08,0.04,0.08
,2526,Heidenheim,Julian Niehues,GER,MF,24,2001,24,17,1383,15.4,3,0,3,3,0,0,1,0,0.2,0.0,0.2,0.2,0.2
,2526,Heidenheim,Leart Paqarada,KVX,DF,30,1994,1,1,6,0.1,0,0,0,0,0,0,0,0,0.0,0.0,0.0,0.0,0.0
,2526,Heidenheim,Leonidas Stergiou,SUI,DF,23,2002,5,1,206,2.3,0,0,0,0,0,0,0,0,0.0,0.0,0.0,0.0,0.0
,2526,Heidenheim,Luca Kerber,GER,MF,23,2002,18,8,682,7.6,2,0,2,2,0,0,3,0,0.26,0.0,0.26,0.26,0.26
,2526,Heidenheim,Léo Scienza,BRA,MF,26,1998,2,2,180,2.0,1,0,1,1,0,0,0,0,0.5,0.0,0.5,0.5,0.5
,2526,Heidenheim,Marnon Busch,GER,"DF,MF",30,1994,29,20,1915,21.3,1,5,6,1,0,0,4,0,0.05,0.23,0.28,0.05,0.28
,2526,Heidenheim,Marvin Pieringer,GER,"FW,MF",25,1999,27,20,1650,18.3,4,1,5,3,1,1,2,0,0.22,0.05,0.27,0.16,0.22
,2526,Heidenheim,Mathias Honsak,AUT,"MF,FW",28,1996,27,15,1249,13.9,2,1,3,2,0,0,1,0,0.14,0.07,0.22,0.14,0.22
,2526,Heidenheim,Mikkel Kaufmann,DEN,FW,24,2001,16,6,537,6.0,1,1,2,1,0,0,2,0,0.17,0.17,0.34,0.17,0.34
,2526,Heidenheim,Niklas Dorsch,GER,MF,27,1998,32,27,2258,25.1,0,1,1,0,0,0,2,0,0.0,0.04,0.04,0.0,0.04
,2526,Heidenheim,Omar Traoré,GER,"DF,MF",27,1998,26,16,1501,16.7,0,2,2,0,0,0,2,0,0.0,0.12,0.12,0.0,0.12
,2526,Heidenheim,Patrick Mainka,GER,DF,30,1994,34,34,3060,34.0,2,2,4,2,0,0,1,0,0.06,0.06,0.12,0.06,0.12
,2526,Heidenheim,Sirlord Conteh,GER,"MF,FW",29,1996,15,3,625,6.9,2,1,3,2,0,0,1,0,0.29,0.14,0.43,0.29,0.43
,2526,Heidenheim,Stefan Schimmer,GER,FW,31,1994,27,3,820,9.1,5,1,6,5,0,0,1,0,0.55,0.11,0.66,0.55,0.66
,2526,Heidenheim,Thomas Keller,GER,DF,25,1999,4,3,188,2.1,0,0,0,0,0,0,1,0,0.0,0.0,0.0,0.0,0.0
,2526,Heidenheim,Tim Siersleben,GER,DF,25,2000,15,12,1081,12.0,0,0,0,0,0,0,2,0,0.0,0.0,0.0,0.0,0.0
,2526,Heidenheim,Tobias Weigel,GER,FW,18,2007,1,0,2,0.0,0,0,0,0,0,0,0,0,0.0,0.0,0.0,0.0,0.0
,2526,Heidenheim,Yannik Wagner,GER,FW,18,2007,4,0,49,0.5,0,0,0,0,0,0,0,0,0.0,0.0,0.0,0.0,0.0
,2526,Hoffenheim,Adam Hložek,CZE,"FW,MF",23,2002,5,0,41,0.5,0,0,0,0,0,0,0,0,0.0,0.0,0.0,0.0,0.0
,2526,Hoffenheim,Albian Hajdari,KVX,DF,22,2003,30,28,2434,27.0,1,2,3,1,0,0,10,0,0.04,0.07,0.11,0.04,0.11
,2526,Hoffenheim,Alexander Prass,AUT,MF,24,2001,32,12,1308,14.5,3,2,5,3,0,0,4,0,0.21,0.14,0.34,0.21,0.34
,2526,Hoffenheim,Andrej Kramarić,CRO,"MF,FW",34,1991,34,26,2207,24.5,14,6,20,9,5,5,2,0,0.57,0.24,0.82,0.37,0.61
,2526,Hoffenheim,Arthur Chaves,BRA,DF,24,2001,4,2,240,2.7,0,0,0,0,0,0,1,0,0.0,0.0,0.0,0.0,0.0
,2526,Hoffenheim,Bazoumana Touré,CIV,"MF,FW",19,2006,30,29,2308,25.6,5,9,14,5,0,0,2,0,0.19,0.35,0.55,0.19,0.55
,2526,Hoffenheim,Bernardo,BRA,DF,30,1995,29,26,2312,25.7,0,0,0,0,0,0,9,0,0.0,0.0,0.0,0.0,0.0
,2526,Hoffenheim,Cole Campbell,USA,FW,19,2006,5,0,79,0.9,0,0,0,0,0,0,0,0,0.0,0.0,0.0,0.0,0.0
,2526,Hoffenheim,Fisnik Asllani,KVX,"FW,MF",22,2002,33,31,2335,25.9,10,7,17,10,0,0,2,0,0.39,0.27,0.66,0.39,0.66
,2526,Hoffenheim,Grischa Prömel,GER,MF,30,1995,33,16,1758,19.5,7,2,9,7,0,0,5,0,0.36,0.1,0.46,0.36,0.46
,2526,Hoffenheim,Ihlas Bebou,TOG,"FW,MF",31,1994,16,0,190,2.1,0,0,0,0,0,0,1,0,0.0,0.0,0.0,0.0,0.0
,2526,Hoffenheim,Kevin Akpoguma,NGA,DF,30,1995,8,1,61,0.7,0,0,0,0,0,0,0,1,0.0,0.0,0.0,0.0,0.0
,2526,Hoffenheim,Koki Machida,JPN,DF,27,1997,1,1,44,0.5,0,0,0,0,0,0,1,0,0.0,0.0,0.0,0.0,0.0
,2526,Hoffenheim,Leon Avdullahu,KVX,MF,21,2004,33,32,2834,31.5,0,1,1,0,0,0,5,0,0.0,0.03,0.03,0.0,0.03
,2526,Hoffenheim,Luka Đurić,SRB,MF,22,2003,1,0,10,0.1,0,0,0,0,0,0,0,0,0.0,0.0,0.0,0.0,0.0
,2526,Hoffenheim,Max Moerstedt,GER,FW,19,2006,22,1,420,4.7,2,0,2,2,0,0,2,0,0.43,0.0,0.43,0.43,0.43
,2526,Hoffenheim,Muhammed Damar,GER,"MF,FW",21,2004,15,2,277,3.1,0,0,0,0,0,0,0,0,0.0,0.0,0.0,0.0,0.0
,2526,Hoffenheim,Oliver Baumann,GER,GK,35,1990,34,34,3060,34.0,0,0,0,0,0,0,3,0,0.0,0.0,0.0,0.0,0.0
,2526,Hoffenheim,Ozan Kabak,TUR,DF,25,2000,25,18,1751,19.5,4,0,4,4,0,0,5,0,0.21,0.0,0.21,0.21,0.21
,2526,Hoffenheim,Robin Hranáč,CZE,DF,25,2000,29,26,2251,25.0,1,0,1,1,0,0,5,0,0.04,0.0,0.04,0.04,0.04
,2526,Hoffenheim,Tim Lemperle,GER,FW,23,2002,29,24,1944,21.6,8,2,10,7,1,1,3,1,0.37,0.09,0.46,0.32,0.42
,2526,Hoffenheim,Umut Tohumcu,GER,MF,20,2004,5,1,136,1.5,0,0,0,0,0,0,2,0,0.0,0.0,0.0,0.0,0.0
,2526,Hoffenheim,Valentin Gendrey,FRA,DF,25,2000,8,0,59,0.7,1,1,2,1,0,0,0,0,1.53,1.53,3.05,1.53,3.05
,2526,Hoffenheim,Vladimír Coufal,CZE,"DF,MF",32,1992,34,34,3012,33.5,1,8,9,1,0,0,4,0,0.03,0.24,0.27,0.03,0.27
,2526,Hoffenheim,Wouter Burger,NED,MF,24,2001,30,30,2430,27.0,4,5,9,4,0,0,7,1,0.15,0.19,0.33,0.15,0.33
,2526,Hoffenheim,Yannick Eduardo,CZE,FW,19,2006,1,0,1,0.0,0,0,0,0,0,0,0,0,0.0,0.0,0.0,0.0,0.0
,2526,Köln,Alessio Castro-Montes,BEL,"MF,DF",28,1997,14,7,672,7.5,1,3,4,1,0,0,2,0,0.13,0.4,0.54,0.13,0.54
,2526,Köln,Cenk Özkacar,TUR,DF,24,2000,25,20,1791,19.9,0,0,0,0,0,0,2,0,0.0,0.0,0.0,0.0,0.0
,2526,Köln,Cenny Neumann,GER,DF,18,2007,2,1,74,0.8,0,0,0,0,0,0,0,0,0.0,0.0,0.0,0.0,0.0
,2526,Köln,Denis Huseinbasic,BIH,MF,24,2001,15,9,726,8.1,0,0,0,0,0,0,1,0,0.0,0.0,0.0,0.0,0.0
,2526,Köln,Dominique Heintz,GER,DF,31,1993,9,5,382,4.2,0,0,0,0,0,0,0,0,0.0,0.0,0.0,0.0,0.0
,2526,Köln,Eric Martel,GER,"MF,DF",23,2002,31,30,2559,28.4,2,2,4,2,0,0,12,1,0.07,0.07,0.14,0.07,0.14
,2526,Köln,Felipe Chávez,PER,MF,18,2007,7,0,102,1.1,0,0,0,0,0,0,0,0,0.0,0.0,0.0,0.0,0.0
,2526,Köln,Florian Kainz,AUT,MF,32,1992,15,2,279,3.1,1,1,2,1,0,0,1,0,0.32,0.32,0.65,0.32,0.65
,2526,Köln,Fynn Schenten,GER,FW,17,2007,7,1,100,1.1,0,0,0,0,0,0,0,0,0.0,0.0,0.0,0.0,0.0
,2526,Köln,Jahmai Simpson-Pusey,ENG,DF,19,2005,11,10,863,9.6,0,0,0,0,0,0,2,1,0.0,0.0,0.0,0.0,0.0
,2526,Köln,Jakub Kamiński,POL,"MF,FW",23,2002,34,34,3016,33.5,7,3,10,7,0,0,4,0,0.21,0.09,0.3,0.21,0.3
,2526,Köln,Jan Thielmann,GER,"MF,FW",23,2002,26,20,1540,17.1,3,1,4,3,0,0,4,0,0.18,0.06,0.23,0.18,0.23
,2526,Köln,Joël Schmied,SUI,DF,26,1998,16,13,1078,12.0,0,0,0,0,0,0,5,0,0.0,0.0,0.0,0.0,0.0
,2526,Köln,Jusuf Gazibegović,BIH,DF,25,2000,1,0,23,0.3,0,0,0,0,0,0,0,0,0.0,0.0,0.0,0.0,0.0
,2526,Köln,Kristoffer Lund,USA,"DF,MF",23,2002,33,26,2276,25.3,0,2,2,0,0,0,2,0,0.0,0.08,0.08,0.0,0.08
,2526,Köln,Linton Maina,GER,"MF,FW",26,1999,24,9,1023,11.4,2,0,2,2,0,0,0,0,0.18,0.0,0.18,0.18,0.18
,2526,Köln,Luca Waldschmidt,GER,"FW,MF",29,1996,24,7,677,7.5,5,4,9,3,2,2,1,0,0.66,0.53,1.2,0.4,0.93
,2526,Köln,Marius Bülter,GER,"FW,MF",32,1993,32,18,1597,17.7,5,4,9,5,0,0,3,0,0.28,0.23,0.51,0.28,0.51
,2526,Köln,Marvin Schwäbe,GER,GK,30,1995,34,34,3060,34.0,0,0,0,0,0,0,2,0,0.0,0.0,0.0,0.0,0.0
,2526,Köln,Ragnar Ache,GER,FW,27,1998,29,18,1718,19.1,7,4,11,7,0,0,3,0,0.37,0.21,0.58,0.37,0.58
,2526,Köln,Rav van den Berg,NED,DF,21,2004,14,12,1131,12.6,0,1,1,0,0,0,0,1,0.0,0.08,0.08,0.0,0.08
,2526,Köln,Said El Mala,GER,"FW,MF",18,2006,34,20,1956,21.7,13,4,17,12,1,1,4,0,0.6,0.18,0.78,0.55,0.74
,2526,Köln,Sebastian Sebulonsen,NOR,"DF,MF",25,2000,31,28,2498,27.8,0,0,0,0,0,0,5,0,0.0,0.0,0.0,0.0,0.0
,2526,Köln,Timo Hübers,GER,DF,29,1996,8,8,675,7.5,0,0,0,0,0,0,0,0,0.0,0.0,0.0,0.0,0.0
,2526,Köln,Tom Krauß,GER,"MF,DF",24,2001,26,19,1780,19.8,0,2,2,0,0,0,4,0,0.0,0.1,0.1,0.0,0.1
,2526,Köln,Youssoupha Niang,GER,MF,19,2006,10,2,194,2.2,0,0,0,0,0,0,0,0,0.0,0.0,0.0,0.0,0.0
,2526,Köln,Ísak Jóhannesson,ISL,MF,22,2003,31,21,1809,20.1,1,2,3,1,0,0,6,0,0.05,0.1,0.15,0.05,0.15
,2526,Leverkusen,Aleix García,ESP,MF,28,1997,33,31,2667,29.6,3,8,11,3,0,0,6,0,0.1,0.27,0.37,0.1,0.37
,2526,Leverkusen,Alejo Sarco,ARG,FW,19,2006,3,0,74,0.8,0,0,0,0,0,0,0,0,0.0,0.0,0.0,0.0,0.0
,2526,Leverkusen,Arthur,BRA,MF,22,2003,20,13,1136,12.6,1,3,4,1,0,0,3,0,0.08,0.24,0.32,0.08,0.32
,2526,Leverkusen,Axel Tapé,FRA,"MF,DF",17,2007,6,2,222,2.5,0,0,0,0,0,0,1,0,0.0,0.0,0.0,0.0,0.0
,2526,Leverkusen,Christian Kofane,CMR,FW,19,2006,29,12,1239,13.8,5,4,9,5,0,0,3,0,0.36,0.29,0.65,0.36,0.65
,2526,Leverkusen,Claudio Echeverri,ARG,MF,19,2006,6,1,134,1.5,0,0,0,0,0,0,0,0,0.0,0.0,0.0,0.0,0.0
,2526,Leverkusen,Edmond Tapsoba,BFA,DF,26,1999,29,29,2575,28.6,5,3,8,5,0,0,7,0,0.17,0.1,0.28,0.17,0.28
,2526,Leverkusen,Eliesse Ben Seghir,MAR,MF,20,2005,10,2,252,2.8,0,0,0,0,0,0,2,0,0.0,0.0,0.0,0.0,0.0
,2526,Leverkusen,Ernest Poku,NED,MF,21,2004,29,16,1482,16.5,5,5,10,5,0,0,0,0,0.3,0.3,0.61,0.3,0.61
,2526,Leverkusen,Exequiel Palacios,ARG,MF,26,1998,18,12,1099,12.2,0,1,1,0,0,0,3,0,0.0,0.08,0.08,0.0,0.08
,2526,Leverkusen,Ezequiél Fernández,ARG,MF,23,2002,20,12,984,10.9,0,1,1,0,0,0,4,1,0.0,0.09,0.09,0.0,0.09
,2526,Leverkusen,Ibrahim Maza,ALG,MF,19,2005,28,20,1849,20.5,3,4,7,3,0,0,2,0,0.15,0.19,0.34,0.15,0.34
,2526,Leverkusen,Janis Blaswich,GER,GK,34,1991,11,10,931,10.3,0,0,0,0,0,0,1,0,0.0,0.0,0.0,0.0,0.0
,2526,Leverkusen,Jarell Quansah,ENG,DF,22,2003,28,25,2299,25.5,4,0,4,4,0,0,9,0,0.16,0.0,0.16,0.16,0.16
,2526,Leverkusen,Jeanuël Belocian,FRA,DF,20,2005,8,3,292,3.2,0,0,0,0,0,0,0,0,0.0,0.0,0.0,0.0,0.0
,2526,Leverkusen,Jonas Hofmann,GER,MF,33,1992,23,11,1013,11.3,2,2,4,2,0,0,3,0,0.18,0.18,0.36,0.18,0.36
,2526,Leverkusen,Loïc Bade,FRA,DF,25,2000,23,19,1653,18.4,0,0,0,0,0,0,4,0,0.0,0.0,0.0,0.0,0.0
,2526,Leverkusen,Lucas Vázquez,ESP,MF,34,1991,12,6,481,5.3,1,2,3,1,0,0,2,0,0.19,0.37,0.56,0.19,0.56
,2526,Leverkusen,Malik Tillman,USA,MF,23,2002,29,18,1674,18.6,6,1,7,6,0,0,2,0,0.32,0.05,0.38,0.32,0.38
,2526,Leverkusen,Mark Flekken,NED,GK,32,1993,24,24,2129,23.7,0,0,0,0,0,0,2,0,0.0,0.0,0.0,0.0,0.0
,2526,Leverkusen,Martin Terrier,FRA,"MF,FW",28,1997,18,7,675,7.5,4,1,5,4,0,0,1,0,0.53,0.13,0.67,0.53,0.67
,2526,Leverkusen,Montrell Culbreath,GER,"MF,DF",17,2007,12,9,736,8.2,1,0,1,1,0,0,0,0,0.12,0.0,0.12,0.12,0.12
,2526,Leverkusen,Nathan Tella,NGA,MF,26,1999,17,10,868,9.6,1,4,5,1,0,0,2,0,0.1,0.41,0.52,0.1,0.52
,2526,Leverkusen,Patrik Schick,CZE,FW,29,1996,28,23,1988,22.1,16,3,19,12,4,5,2,0,0.72,0.14,0.86,0.54,0.68
,2526,Leverkusen,Piero Hincapié,ECU,DF,23,2002,1,1,90,1.0,0,0,0,0,0,0,0,0,0.0,0.0,0.0,0.0,0.0
,2526,Leverkusen,Robert Andrich,GER,"DF,MF",30,1994,32,29,2546,28.3,2,0,2,2,0,0,6,1,0.07,0.0,0.07,0.07,0.07
,2526,Leverkusen,Tim Oermann,GER,DF,21,2003,2,0,18,0.2,0,0,0,0,0,0,0,0,0.0,0.0,0.0,0.0,0.0
,2526,Leverkusen,Álex Grimaldo,ESP,MF,29,1995,29,29,2521,28.0,8,7,15,5,3,3,5,0,0.29,0.25,0.54,0.18,0.43
,2526,Mainz 05,Andreas Hanche-Olsen,NOR,DF,28,1997,13,8,851,9.5,0,1,1,0,0,0,3,0,0.0,0.11,0.11,0.0,0.11
,2526,Mainz 05,Anthony Caci,FRA,MF,28,1997,10,6,519,5.8,0,0,0,0,0,0,3,0,0.0,0.0,0.0,0.0,0.0
,2526,Mainz 05,Armindo Sieb,GER,FW,22,2003,22,3,548,6.1,2,0,2,2,0,0,1,0,0.33,0.0,0.33,0.33,0.33
,2526,Mainz 05,Arnaud Nordin,FRA,"MF,FW",27,1998,13,5,469,5.2,0,0,0,0,0,0,0,0,0.0,0.0,0.0,0.0,0.0
,2526,Mainz 05,Ben Bobzien,GER,"FW,MF",22,2003,1,0,9,0.1,0,0,0,0,0,0,0,0,0.0,0.0,0.0,0.0,0.0
,2526,Mainz 05,Benedict Hollerbach,GER,"FW,MF",24,2001,14,13,872,9.7,1,3,4,1,0,0,0,0,0.1,0.31,0.41,0.1,0.41
,2526,Mainz 05,Daniel Batz,GER,GK,34,1991,21,21,1890,21.0,0,0,0,0,0,0,2,0,0.0,0.0,0.0,0.0,0.0
,2526,Mainz 05,Danny da Costa,GER,"DF,MF",32,1993,34,30,2695,29.9,2,3,5,2,0,0,3,0,0.07,0.1,0.17,0.07,0.17
,2526,Mainz 05,Dominik Kohr,GER,DF,31,1994,29,28,2338,26.0,2,0,2,2,0,0,11,2,0.08,0.0,0.08,0.08,0.08
,2526,Mainz 05,Fabio Moreno Fell,GER,FW,25,2000,2,1,77,0.9,0,0,0,0,0,0,0,0,0.0,0.0,0.0,0.0,0.0
,2526,Mainz 05,Kacper Potulski,POL,DF,17,2007,15,9,1065,11.8,1,0,1,1,0,0,3,0,0.08,0.0,0.08,0.08,0.08
,2526,Mainz 05,Kaishū Sano,JPN,MF,24,2000,34,34,3059,34.0,1,2,3,1,0,0,1,0,0.03,0.06,0.09,0.03,0.09
,2526,Mainz 05,Lasse Rieß,GER,GK,24,2001,4,3,292,3.2,0,0,0,0,0,0,0,0,0.0,0.0,0.0,0.0,0.0
,2526,Mainz 05,Lee Jae-sung,KOR,"MF,FW",32,1992,28,26,2185,24.3,4,2,6,4,0,0,4,0,0.16,0.08,0.25,0.16,0.25
,2526,Mainz 05,Lennard Maloney,USA,"DF,MF",25,1999,21,4,485,5.4,0,0,0,0,0,0,1,0,0.0,0.0,0.0,0.0,0.0
,2526,Mainz 05,Maxim Leitsch,GER,DF,27,1998,3,2,162,1.8,0,0,0,0,0,0,0,0,0.0,0.0,0.0,0.0,0.0
,2526,Mainz 05,Nadiem Amiri,GER,MF,28,1996,26,24,2083,23.1,12,2,14,4,8,8,6,0,0.52,0.09,0.6,0.17,0.26
,2526,Mainz 05,Nelson Weiper,GER,FW,20,2005,24,3,558,6.2,0,0,0,0,0,0,1,0,0.0,0.0,0.0,0.0,0.0
,2526,Mainz 05,Nikolas Veratschnig,AUT,"MF,DF",22,2003,21,6,660,7.3,0,1,1,0,0,0,3,0,0.0,0.14,0.14,0.0,0.14
,2526,Mainz 05,Paul Nebel,GER,MF,22,2002,30,24,2073,23.0,5,2,7,5,0,0,2,2,0.22,0.09,0.3,0.22,0.3
,2526,Mainz 05,Phillip Tietz,GER,FW,28,1997,19,19,1610,17.9,5,2,7,5,0,1,2,0,0.28,0.11,0.39,0.28,0.39
,2526,Mainz 05,Phillipp Mwene,AUT,MF,31,1994,29,24,2069,23.0,1,2,3,1,0,0,4,0,0.04,0.09,0.13,0.04,0.13
,2526,Mainz 05,Robin Zentner,GER,GK,30,1994,10,10,876,9.7,0,0,0,0,0,0,2,1,0.0,0.0,0.0,0.0,0.0
,2526,Mainz 05,Sheraldo Becker,SUR,FW,30,1995,14,11,946,10.5,3,3,6,3,0,0,2,0,0.29,0.29,0.57,0.29,0.57
,2526,Mainz 05,Silas Katompa,COD,FW,26,1998,8,4,334,3.7,1,0,1,1,0,0,1,0,0.27,0.0,0.27,0.27,0.27
,2526,Mainz 05,Silvan Widmer,SUI,MF,32,1993,27,22,1810,20.1,2,1,3,2,0,0,5,0,0.1,0.05,0.15,0.1,0.15
,2526,Mainz 05,Sota Kawasaki,JPN,"MF,DF",24,2001,10,3,309,3.4,0,0,0,0,0,0,1,0,0.0,0.0,0.0,0.0,0.0
,2526,Mainz 05,Stefan Bell,GER,DF,33,1991,18,13,1039,11.5,2,1,3,2,0,0,4,0,0.17,0.09,0.26,0.17,0.26
,2526,Mainz 05,Stefan Posch,AUT,DF,28,1997,16,16,1395,15.5,0,0,0,0,0,0,4,0,0.0,0.0,0.0,0.0,0.0
,2526,Mainz 05,William Bøving,DEN,MF,22,2003,9,2,223,2.5,0,1,1,0,0,0,1,0,0.0,0.4,0.4,0.0,0.4
,2526,RB Leipzig,Andrija Maksimović,SRB,FW,18,2007,8,0,93,1.0,0,0,0,0,0,0,0,0,0.0,0.0,0.0,0.0,0.0
,2526,RB Leipzig,Antonio Nusa,NOR,"FW,MF",20,2005,31,24,2027,22.5,4,3,7,4,0,0,0,0,0.18,0.13,0.31,0.18,0.31
,2526,RB Leipzig,Assan Ouédraogo,GER,MF,19,2006,19,13,948,10.5,4,3,7,4,0,0,0,0,0.38,0.28,0.66,0.38,0.66
,2526,RB Leipzig,Benjamin Henrichs,GER,DF,28,1997,17,3,305,3.4,1,0,1,1,0,0,0,0,0.3,0.0,0.3,0.3,0.3
,2526,RB Leipzig,Brajan Gruda,GER,"MF,FW",21,2004,13,8,753,8.4,3,3,6,3,0,0,1,0,0.36,0.36,0.72,0.36,0.72
,2526,RB Leipzig,Castello Lukeba,FRA,DF,22,2002,26,24,2176,24.2,1,0,1,1,0,0,3,0,0.04,0.0,0.04,0.04,0.04
,2526,RB Leipzig,Christoph Baumgartner,AUT,MF,25,1999,33,32,2780,30.9,13,8,21,13,0,1,10,0,0.42,0.26,0.68,0.42,0.68
,2526,RB Leipzig,Conrad Harder,DEN,FW,20,2005,29,8,932,10.4,3,3,6,3,0,0,3,0,0.29,0.29,0.58,0.29,0.58
,2526,RB Leipzig,David Raum,GER,DF,27,1998,30,29,2553,28.4,3,7,10,2,1,1,6,0,0.11,0.25,0.35,0.07,0.32
,2526,RB Leipzig,El Chadaille Bitshiabu,FRA,DF,20,2005,11,8,655,7.3,0,0,0,0,0,0,0,0,0.0,0.0,0.0,0.0,0.0
,2526,RB Leipzig,Ezechiel Banzuzi,NED,MF,20,2005,24,2,597,6.6,0,1,1,0,0,0,3,0,0.0,0.15,0.15,0.0,0.15
,2526,RB Leipzig,Johan Bakayoko,BEL,"FW,MF",22,2003,20,8,777,8.6,2,0,2,2,0,0,1,0,0.23,0.0,0.23,0.23,0.23
,2526,RB Leipzig,Kevin Kampl,SVN,MF,34,1990,3,0,3,0.0,0,0,0,0,0,0,0,0,0.0,0.0,0.0,0.0,0.0
,2526,RB Leipzig,Kosta Nedeljković,SRB,DF,19,2005,5,3,251,2.8,0,0,0,0,0,0,0,0,0.0,0.0,0.0,0.0,0.0
,2526,RB Leipzig,Loïs Openda,BEL,FW,25,2000,2,1,51,0.6,0,0,0,0,0,0,0,0,0.0,0.0,0.0,0.0,0.0
,2526,RB Leipzig,Lukas Klostermann,GER,DF,29,1996,5,1,95,1.1,0,1,1,0,0,0,0,0,0.0,0.95,0.95,0.0,0.95
,2526,RB Leipzig,Maarten Vandevoordt,BEL,GK,23,2002,12,11,1052,11.7,0,0,0,0,0,0,0,0,0.0,0.0,0.0,0.0,0.0
,2526,RB Leipzig,Max Finkgräfe,GER,DF,21,2004,13,5,504,5.6,1,1,2,1,0,0,2,0,0.18,0.18,0.36,0.18,0.36
,2526,RB Leipzig,Nicolas Seiwald,AUT,MF,24,2001,33,31,2694,29.9,0,2,2,0,0,0,2,0,0.0,0.07,0.07,0.0,0.07
,2526,RB Leipzig,Péter Gulácsi,HUN,GK,35,1990,23,23,2008,22.3,0,0,0,0,0,0,1,0,0.0,0.0,0.0,0.0,0.0
,2526,RB Leipzig,Ridle Baku,GER,DF,27,1998,32,28,2504,27.8,2,3,5,2,0,0,4,0,0.07,0.11,0.18,0.07,0.18
,2526,RB Leipzig,Rômulo,BRA,FW,23,2002,30,27,2188,24.3,9,4,13,9,0,1,3,0,0.37,0.16,0.53,0.37,0.53
,2526,RB Leipzig,Samba Konaté,FRA,FW,16,2009,1,0,4,0.0,0,0,0,0,0,0,0,0,0.0,0.0,0.0,0.0,0.0
,2526,RB Leipzig,Tidiam Gomis,FRA,FW,18,2006,18,2,348,3.9,1,0,1,1,0,0,1,0,0.26,0.0,0.26,0.26,0.26
,2526,RB Leipzig,Timo Werner,GER,"FW,MF",29,1996,3,0,14,0.2,0,0,0,0,0,0,0,0,0.0,0.0,0.0,0.0,0.0
,2526,RB Leipzig,Willi Orban,HUN,DF,32,1992,33,33,2949,32.8,2,0,2,2,0,0,4,0,0.06,0.0,0.06,0.06,0.06
,2526,RB Leipzig,Xaver Schlager,AUT,MF,27,1997,26,21,1837,20.4,3,1,4,3,0,0,6,0,0.15,0.05,0.2,0.15,0.2
,2526,RB Leipzig,Xavi Simons,NED,MF,22,2003,1,1,90,1.0,0,0,0,0,0,0,0,0,0.0,0.0,0.0,0.0,0.0
,2526,RB Leipzig,Yan Diomandé,CIV,"FW,MF",18,2006,33,28,2472,27.5,12,8,20,12,0,0,2,0,0.44,0.29,0.73,0.44,0.73
,2526,St Pauli,Abdoulie Ceesay,GAM,FW,21,2004,20,0,336,3.7,3,0,3,3,0,0,4,0,0.8,0.0,0.8,0.8,0.8
,2526,St Pauli,Adam Dźwigała,POL,DF,29,1995,19,14,1288,14.3,1,1,2,1,0,0,5,0,0.07,0.07,0.14,0.07,0.14
,2526,St Pauli,Andreas Hountondji,BEN,FW,23,2002,21,15,1067,11.9,4,0,4,4,0,1,2,0,0.34,0.0,0.34,0.34,0.34
,2526,St Pauli,Arkadiusz Pyrka,POL,MF,22,2002,31,30,2576,28.6,0,1,1,0,0,0,3,0,0.0,0.03,0.03,0.0,0.03
,2526,St Pauli,Connor Metcalfe,AUS,"MF,FW",25,1999,25,3,592,6.6,0,2,2,0,0,0,2,0,0.0,0.3,0.3,0.0,0.3
,2526,St Pauli,Danel Sinani,LUX,"MF,FW",28,1997,30,23,2069,23.0,5,3,8,2,3,3,4,0,0.22,0.13,0.35,0.09,0.22
,2526,St Pauli,Dapo Afolayan,ENG,MF,27,1997,7,1,150,1.7,0,0,0,0,0,0,1,0,0.0,0.0,0.0,0.0,0.0
,2526,St Pauli,Eric Smith,SWE,"DF,MF",28,1997,27,26,2311,25.7,2,2,4,2,0,0,4,1,0.08,0.08,0.16,0.08,0.16
,2526,St Pauli,Finley Stevens,WAL,DF,22,2003,1,0,27,0.3,0,0,0,0,0,0,0,0,0.0,0.0,0.0,0.0,0.0
,2526,St Pauli,Hauke Wahl,GER,DF,31,1994,30,29,2592,28.8,2,1,3,2,0,0,1,0,0.07,0.03,0.1,0.07,0.1
,2526,St Pauli,Jackson Irvine,AUS,MF,32,1993,24,18,1624,18.0,0,1,1,0,0,0,2,1,0.0,0.06,0.06,0.0,0.06
,2526,St Pauli,James Sands,USA,MF,25,2000,24,23,1934,21.5,1,0,1,1,0,0,4,0,0.05,0.0,0.05,0.05,0.05
,2526,St Pauli,Joel Fujita,JPN,MF,23,2002,32,31,2665,29.6,1,3,4,1,0,0,6,0,0.03,0.1,0.14,0.03,0.14
,2526,St Pauli,Karol Mets,EST,DF,32,1993,23,22,1932,21.5,1,0,1,1,0,0,3,0,0.05,0.0,0.05,0.05,0.05
,2526,St Pauli,Lars Ritzka,GER,"MF,DF",27,1998,21,12,966,10.7,0,0,0,0,0,0,1,0,0.0,0.0,0.0,0.0,0.0
,2526,St Pauli,Louis Oppie,GER,MF,23,2002,23,17,1620,18.0,1,0,1,1,0,0,0,0,0.06,0.0,0.06,0.06,0.06
,2526,St Pauli,Manolis Saliakas,GRE,MF,28,1996,17,12,1106,12.3,1,3,4,1,0,0,3,0,0.08,0.24,0.33,0.08,0.33
,2526,St Pauli,Martijn Kaars,NED,FW,26,1999,29,14,1348,15.0,3,1,4,2,1,1,2,0,0.2,0.07,0.27,0.13,0.2
,2526,St Pauli,Mathias Pereira Lage,POR,"MF,FW",28,1996,28,25,2018,22.4,2,2,4,2,0,0,3,0,0.09,0.09,0.18,0.09,0.18
,2526,St Pauli,Mathias Rasmussen,NOR,MF,27,1997,13,8,694,7.7,0,0,0,0,0,0,0,0,0.0,0.0,0.0,0.0,0.0
,2526,St Pauli,Nikola Vasilj,BIH,GK,29,1995,34,34,3060,34.0,0,0,0,0,0,0,0,0,0.0,0.0,0.0,0.0,0.0
,2526,St Pauli,Ricky-Jade Jones,ENG,FW,24,2001,9,3,351,3.9,2,0,2,2,0,0,1,0,0.51,0.0,0.51,0.51,0.51
,2526,St Pauli,Taichi Hara,JPN,FW,26,1999,4,0,27,0.3,0,0,0,0,0,0,0,0,0.0,0.0,0.0,0.0,0.0
,2526,St Pauli,Tomoya Ando,JPN,DF,26,1999,15,14,1260,14.0,0,1,1,0,0,0,3,0,0.0,0.07,0.07,0.0,0.07
,2526,Stuttgart,Alexander Nübel,GER,GK,28,1996,34,34,3060,34.0,0,1,1,0,0,0,0,0,0.0,0.03,0.03,0.0,0.03
,2526,Stuttgart,Ameen Al-Dakhil,BEL,DF,23,2002,8,3,380,4.2,0,0,0,0,0,0,1,0,0.0,0.0,0.0,0.0,0.0
,2526,Stuttgart,Angelo Stiller,GER,MF,24,2001,34,30,2743,30.5,2,5,7,2,0,1,1,0,0.07,0.16,0.23,0.07,0.23
,2526,Stuttgart,Atakan Karazor,TUR,MF,28,1996,28,22,1884,20.9,0,1,1,0,0,0,5,1,0.0,0.05,0.05,0.0,0.05
,2526,Stuttgart,Badredine Bouanani,ALG,MF,20,2004,14,5,463,5.1,0,0,0,0,0,0,1,0,0.0,0.0,0.0,0.0,0.0
,2526,Stuttgart,Bilal El Khannouss,MAR,"MF,FW",21,2004,25,19,1630,18.1,4,5,9,4,0,0,6,0,0.22,0.28,0.5,0.22,0.5
,2526,Stuttgart,Chema,ESP,MF,20,2005,25,14,1310,14.6,3,0,3,3,0,0,5,0,0.21,0.0,0.21,0.21,0.21
,2526,Stuttgart,Chris Führich,GER,MF,27,1998,33,20,1698,18.9,7,7,14,7,0,0,2,0,0.37,0.37,0.74,0.37,0.74
,2526,Stuttgart,Dan-Axel Zagadou,FRA,DF,26,1999,3,3,209,2.3,0,0,0,0,0,0,0,0,0.0,0.0,0.0,0.0,0.0
,2526,Stuttgart,Deniz Undav,GER,"FW,MF",29,1996,29,25,2241,24.9,19,7,26,19,0,1,5,0,0.76,0.28,1.04,0.76,1.04
,2526,Stuttgart,Ermedin Demirović,BIH,FW,27,1998,25,17,1497,16.6,12,3,15,11,1,1,5,0,0.72,0.18,0.9,0.66,0.84
,2526,Stuttgart,Finn Jeltsch,GER,DF,19,2006,23,17,1511,16.8,0,1,1,0,0,0,3,0,0.0,0.06,0.06,0.0,0.06
,2526,Stuttgart,Jamie Leweling,GER,MF,24,2001,32,26,2367,26.3,7,9,16,7,0,0,4,0,0.27,0.34,0.61,0.27,0.61
,2526,Stuttgart,Jeremy Arévalo,ECU,FW,20,2005,7,0,38,0.4,0,0,0,0,0,0,0,0,0.0,0.0,0.0,0.0,0.0
,2526,Stuttgart,Josha Vagnoman,GER,"DF,MF",24,2000,27,18,1587,17.6,1,3,4,1,0,0,3,0,0.06,0.17,0.23,0.06,0.23
,2526,Stuttgart,Julian Chabot,GER,DF,27,1998,27,26,2294,25.5,0,0,0,0,0,0,3,0,0.0,0.0,0.0,0.0,0.0
,2526,Stuttgart,Lazar Jovanović,SRB,FW,18,2006,3,0,40,0.4,0,0,0,0,0,0,0,0,0.0,0.0,0.0,0.0,0.0
,2526,Stuttgart,Leonidas Stergiou,SUI,DF,23,2002,1,0,1,0.0,0,0,0,0,0,0,0,0,0.0,0.0,0.0,0.0,0.0
,2526,Stuttgart,Lorenz Assignon,TOG,"DF,MF",25,2000,24,12,1094,12.2,0,0,0,0,0,0,3,1,0.0,0.0,0.0,0.0,0.0
,2526,Stuttgart,Luca Jaquez,SUI,DF,22,2003,14,10,898,10.0,0,1,1,0,0,0,1,0,0.0,0.1,0.1,0.0,0.1
,2526,Stuttgart,Maximilian Mittelstädt,GER,"DF,MF",28,1997,32,24,2186,24.3,6,4,10,2,4,4,4,0,0.25,0.16,0.41,0.08,0.25
,2526,Stuttgart,Nick Woltemade,GER,MF,23,2002,1,1,90,1.0,0,0,0,0,0,0,0,0,0.0,0.0,0.0,0.0,0.0
,2526,Stuttgart,Nikolas Nartey,DEN,MF,25,2000,28,14,1256,14.0,4,3,7,4,0,0,2,0,0.29,0.21,0.5,0.29,0.5
,2526,Stuttgart,Pascal Stenzel,GER,MF,29,1996,2,2,106,1.2,0,0,0,0,0,0,2,0,0.0,0.0,0.0,0.0,0.0
,2526,Stuttgart,Ramon Hendriks,NED,DF,24,2001,31,22,2025,22.5,0,3,3,0,0,0,3,0,0.0,0.13,0.13,0.0,0.13
,2526,Stuttgart,Tiago Tomás,POR,"MF,FW",23,2002,27,10,1020,11.3,5,3,8,5,0,0,4,0,0.44,0.26,0.71,0.44,0.71
,2526,Union Berlin,Alex Král,CZE,MF,27,1998,20,2,459,5.1,0,0,0,0,0,0,1,0,0.0,0.0,0.0,0.0,0.0
,2526,Union Berlin,Aljoscha Kemlein,GER,MF,20,2004,30,23,1959,21.8,0,2,2,0,0,0,4,0,0.0,0.09,0.09,0.0,0.09
,2526,Union Berlin,Andrej Ilic,SRB,FW,25,2000,32,24,2257,25.1,5,10,15,5,0,1,5,0,0.2,0.4,0.6,0.2,0.6
,2526,Union Berlin,András Schäfer,HUN,MF,26,1999,28,16,1421,15.8,2,1,3,2,0,0,2,1,0.13,0.06,0.19,0.13,0.19
,2526,Union Berlin,Carl Klaus,GER,GK,31,1994,4,3,330,3.7,0,0,0,0,0,0,0,0,0.0,0.0,0.0,0.0,0.0
,2526,Union Berlin,Christopher Trimmel,AUT,"MF,DF",38,1987,29,22,1861,20.7,0,3,3,0,0,0,8,0,0.0,0.15,0.15,0.0,0.15
,2526,Union Berlin,Danilho Doekhi,NED,DF,27,1998,34,34,3060,34.0,5,0,5,5,0,0,4,0,0.15,0.0,0.15,0.15,0.15
,2526,Union Berlin,Derrick Köhn,GHA,"MF,DF",26,1999,29,21,1899,21.1,1,2,3,0,1,1,5,1,0.05,0.09,0.14,0.0,0.09
,2526,Union Berlin,Diogo Leite,POR,DF,26,1999,23,23,1963,21.8,0,0,0,0,0,0,4,0,0.0,0.0,0.0,0.0,0.0
,2526,Union Berlin,Dmytro Bohdanov,UKR,MF,18,2007,2,0,6,0.1,0,0,0,0,0,0,0,0,0.0,0.0,0.0,0.0,0.0
,2526,Union Berlin,Frederik Rønnow,DEN,GK,32,1992,30,30,2640,29.3,0,0,0,0,0,0,2,0,0.0,0.0,0.0,0.0,0.0
,2526,Union Berlin,Ilyas Ansah,GER,"MF,FW",20,2004,33,23,1892,21.0,5,1,6,5,0,0,1,0,0.24,0.05,0.29,0.24,0.29
,2526,Union Berlin,Janik Haberer,GER,MF,31,1994,28,20,1646,18.3,0,1,1,0,0,0,8,0,0.0,0.05,0.05,0.0,0.05
,2526,Union Berlin,Jeong Woo-yeong,KOR,"MF,FW",25,1999,28,13,1197,13.3,4,1,5,4,0,0,0,0,0.3,0.08,0.38,0.3,0.38
,2526,Union Berlin,Josip Juranović,CRO,MF,29,1995,11,3,330,3.7,1,1,2,1,0,0,1,0,0.27,0.27,0.55,0.27,0.55
,2526,Union Berlin,Leopold Querfeld,AUT,DF,21,2003,31,30,2705,30.1,3,0,3,1,2,3,7,0,0.1,0.0,0.1,0.03,0.03
,2526,Union Berlin,Linus Güther,GER,MF,15,2010,1,0,7,0.1,0,0,0,0,0,0,1,0,0.0,0.0,0.0,0.0,0.0
,2526,Union Berlin,Livan Burcu,TUR,"MF,FW",20,2004,18,6,651,7.2,1,1,2,1,0,0,4,0,0.14,0.14,0.28,0.14,0.28
,2526,Union Berlin,Marin Ljubicic,CRO,FW,23,2002,2,0,22,0.2,2,0,2,2,0,0,0,0,8.18,0.0,8.18,8.18,8.18
,2526,Union Berlin,Matheo Raab,GER,GK,26,1998,1,1,90,1.0,0,0,0,0,0,0,0,0,0.0,0.0,0.0,0.0,0.0
,2526,Union Berlin,Oliver Burke,SCO,"FW,MF",28,1997,29,21,1664,18.5,6,2,8,6,0,0,4,0,0.32,0.11,0.43,0.32,0.43
,2526,Union Berlin,Rani Khedira,TUN,MF,31,1994,32,32,2830,31.4,5,1,6,5,0,0,7,0,0.16,0.03,0.19,0.16,0.19
,2526,Union Berlin,Robert Skov,DEN,"DF,MF",29,1996,3,3,220,2.4,0,0,0,0,0,0,0,0,0.0,0.0,0.0,0.0,0.0
,2526,Union Berlin,Stanley N'Soki,FRA,"DF,MF",26,1999,13,10,816,9.1,1,2,3,1,0,0,2,0,0.11,0.22,0.33,0.11,0.33
,2526,Union Berlin,Tim Skarke,GER,"MF,FW",28,1996,22,4,623,6.9,1,1,2,1,0,0,0,0,0.14,0.14,0.29,0.14,0.29
,2526,Union Berlin,Tom Rothe,GER,"MF,DF",20,2004,21,10,1029,11.4,2,0,2,2,0,0,1,1,0.17,0.0,0.17,0.17,0.17
,2526,Werder Bremen,Abdoul Coulibaly,GER,DF,18,2007,27,24,2120,23.6,1,0,1,1,0,0,5,1,0.04,0.0,0.04,0.04,0.04
,2526,Werder Bremen,Amos Pieper,GER,DF,27,1998,19,19,1502,16.7,0,0,0,0,0,0,4,0,0.0,0.0,0.0,0.0,0.0
,2526,Werder Bremen,Cameron Puertas,SUI,MF,26,1998,28,22,1846,20.5,1,2,3,1,0,0,6,0,0.05,0.1,0.15,0.05,0.15
,2526,Werder Bremen,Felix Agu,NGA,"DF,MF",25,1999,11,9,744,8.3,0,0,0,0,0,0,1,0,0.0,0.0,0.0,0.0,0.0
,2526,Werder Bremen,Isaac Schmidt,SUI,"MF,DF",25,1999,19,6,682,7.6,1,0,1,1,0,0,2,0,0.13,0.0,0.13,0.13,0.13
,2526,Werder Bremen,Isak Hansen-Aarøen,NOR,MF,20,2004,1,0,2,0.0,0,0,0,0,0,0,0,0,0.0,0.0,0.0,0.0,0.0
,2526,Werder Bremen,Jens Stage,DEN,MF,28,1996,29,29,2460,27.3,10,2,12,10,0,0,5,0,0.37,0.07,0.44,0.37,0.44
,2526,Werder Bremen,Jovan Milošević,SRB,FW,20,2005,13,5,488,5.4,3,1,4,3,0,0,2,0,0.55,0.18,0.74,0.55,0.74
,2526,Werder Bremen,Julián Malatini,ARG,DF,24,2001,11,5,516,5.7,0,0,0,0,0,0,3,0,0.0,0.0,0.0,0.0,0.0
,2526,Werder Bremen,Justin Njinmah,GER,"FW,MF",24,2000,33,22,1947,21.6,5,0,5,5,0,0,2,0,0.23,0.0,0.23,0.23,0.23
,2526,Werder Bremen,Karl Jakob Hein,EST,GK,23,2002,2,2,180,2.0,0,0,0,0,0,0,0,0,0.0,0.0,0.0,0.0,0.0
,2526,Werder Bremen,Keke Topp,GER,FW,21,2004,20,7,638,7.1,1,1,2,1,0,0,4,0,0.14,0.14,0.28,0.14,0.28
,2526,Werder Bremen,Leonardo Bittencourt,GER,MF,31,1993,17,5,615,6.8,0,1,1,0,0,0,5,0,0.0,0.15,0.15,0.0,0.15
,2526,Werder Bremen,Marco Friedl,AUT,DF,27,1998,30,29,2546,28.3,1,0,1,1,0,0,9,1,0.04,0.0,0.04,0.04,0.04
,2526,Werder Bremen,Marco Grüll,AUT,"MF,FW",27,1998,33,23,2006,22.3,3,1,4,3,0,0,5,0,0.13,0.04,0.18,0.13,0.18
,2526,Werder Bremen,Maximilian Wöber,AUT,DF,27,1998,2,0,37,0.4,0,0,0,0,0,0,0,0,0.0,0.0,0.0,0.0,0.0
,2526,Werder Bremen,Mick Schmetgens,GER,MF,17,2007,2,0,37,0.4,0,0,0,0,0,0,0,0,0.0,0.0,0.0,0.0,0.0
,2526,Werder Bremen,Mio Backhaus,GER,GK,21,2004,32,32,2880,32.0,0,0,0,0,0,0,1,0,0.0,0.0,0.0,0.0,0.0
,2526,Werder Bremen,Niklas Stark,GER,DF,30,1995,14,9,697,7.7,0,0,0,0,0,0,8,2,0.0,0.0,0.0,0.0,0.0
,2526,Werder Bremen,Olivier Deman,BEL,"DF,MF",25,2000,16,14,1254,13.9,1,2,3,1,0,0,3,0,0.07,0.14,0.22,0.07,0.22
,2526,Werder Bremen,Patrice Čović,CRO,MF,18,2007,15,2,351,3.9,1,0,1,1,0,0,1,0,0.26,0.0,0.26,0.26,0.26
,2526,Werder Bremen,Romano Schmid,AUT,"MF,FW",25,2000,34,34,2982,33.1,4,8,12,1,3,4,4,0,0.12,0.24,0.36,0.03,0.27
,2526,Werder Bremen,Salim Musah,GER,FW,19,2006,8,2,198,2.2,1,0,1,1,0,0,0,0,0.45,0.0,0.45,0.45,0.45
,2526,Werder Bremen,Samuel Mbangula,BEL,"MF,FW",21,2004,26,12,1171,13.0,3,2,5,3,0,0,0,0,0.23,0.15,0.38,0.23,0.38
,2526,Werder Bremen,Senne Lynen,BEL,MF,26,1999,31,31,2752,30.6,0,0,0,0,0,0,4,0,0.0,0.0,0.0,0.0,0.0
,2526,Werder Bremen,Skelly Alvero,FRA,MF,23,2002,2,0,34,0.4,0,0,0,0,0,0,0,0,0.0,0.0,0.0,0.0,0.0
,2526,Werder Bremen,Victor Boniface,NGA,FW,24,2000,11,2,333,3.7,0,2,2,0,0,0,1,0,0.0,0.54,0.54,0.0,0.54
,2526,Werder Bremen,Yukinari Sugawara,JPN,"DF,MF",25,2000,31,29,2428,27.0,0,6,6,0,0,0,2,1,0.0,0.22,0.22,0.0,0.22
,2526,Wolfsburg,Aaron Zehnter,GER,"DF,MF",20,2004,20,17,1456,16.2,2,0,2,2,0,0,0,0,0.12,0.0,0.12,0.12,0.12
,2526,Wolfsburg,Adam Daghim,DEN,"MF,FW",19,2005,27,12,1364,15.2,2,3,5,2,0,0,3,0,0.13,0.2,0.33,0.13,0.33
,2526,Wolfsburg,Andreas Skov Olsen,DEN,MF,25,1999,8,4,362,4.0,1,0,1,1,0,0,1,0,0.25,0.0,0.25,0.25,0.25
,2526,Wolfsburg,Bence Dárdai,HUN,MF,19,2006,1,0,35,0.4,0,0,0,0,0,0,0,0,0.0,0.0,0.0,0.0,0.0
,2526,Wolfsburg,Christian Eriksen,DEN,MF,33,1992,31,27,2410,26.8,3,9,12,0,3,4,4,0,0.11,0.34,0.45,0.0,0.34
,2526,Wolfsburg,Denis Vavro,SVK,DF,29,1996,17,13,1176,13.1,1,0,1,1,0,0,2,0,0.08,0.0,0.08,0.08,0.08
,2526,Wolfsburg,Dženan Pejčinović,GER,FW,20,2005,30,16,1460,16.2,8,0,8,8,0,0,1,0,0.49,0.0,0.49,0.49,0.49
,2526,Wolfsburg,Jan Bürger,GER,"MF,DF",18,2007,7,2,247,2.7,0,0,0,0,0,0,0,0,0.0,0.0,0.0,0.0,0.0
,2526,Wolfsburg,Jeanuël Belocian,FRA,DF,20,2005,14,14,1254,13.9,0,1,1,0,0,0,3,0,0.0,0.07,0.07,0.0,0.07
,2526,Wolfsburg,Jenson Seelt,NED,DF,22,2003,9,8,681,7.6,0,0,0,0,0,0,0,0,0.0,0.0,0.0,0.0,0.0
,2526,Wolfsburg,Jesper Lindstrøm,DEN,MF,25,2000,13,4,379,4.2,0,0,0,0,0,0,2,0,0.0,0.0,0.0,0.0,0.0
,2526,Wolfsburg,Joakim Mæhle,DEN,"MF,DF",28,1997,16,14,1222,13.6,1,2,3,1,0,0,1,0,0.07,0.15,0.22,0.07,0.22
,2526,Wolfsburg,Jonas Adjetey,GHA,DF,21,2003,4,1,137,1.5,0,0,0,0,0,0,1,0,0.0,0.0,0.0,0.0,0.0
,2526,Wolfsburg,Jonas Wind,DEN,FW,26,1999,11,5,481,5.3,1,0,1,1,0,0,1,0,0.19,0.0,0.19,0.19,0.19
,2526,Wolfsburg,Kamil Grabara,POL,GK,26,1999,34,34,3060,34.0,0,0,0,0,0,0,1,0,0.0,0.0,0.0,0.0,0.0
,2526,Wolfsburg,Kento Shiogai,JPN,MF,20,2005,12,2,318,3.5,1,0,1,1,0,0,3,0,0.28,0.0,0.28,0.28,0.28
,2526,Wolfsburg,Kevin Paredes,USA,MF,22,2003,6,1,164,1.8,0,0,0,0,0,0,1,0,0.0,0.0,0.0,0.0,0.0
,2526,Wolfsburg,Kilian Fischer,GER,DF,24,2000,11,10,800,8.9,0,0,0,0,0,0,0,0,0.0,0.0,0.0,0.0,0.0
,2526,Wolfsburg,Konstantinos Koulierakis,GRE,DF,21,2003,29,27,2482,27.6,4,1,5,4,0,0,5,0,0.15,0.04,0.18,0.15,0.18
,2526,Wolfsburg,Lovro Majer,CRO,MF,27,1998,28,16,1371,15.2,2,3,5,2,0,0,5,0,0.13,0.2,0.33,0.13,0.33
,2526,Wolfsburg,Mattias Svanberg,SWE,MF,26,1999,24,8,861,9.6,3,1,4,3,0,0,6,1,0.31,0.1,0.42,0.31,0.42
,2526,Wolfsburg,Maximilian Arnold,GER,MF,31,1994,25,20,1859,20.7,1,4,5,1,0,0,5,0,0.05,0.19,0.24,0.05,0.24
,2526,Wolfsburg,Mohamed Amoura,ALG,"FW,MF",25,2000,30,23,1919,21.3,8,3,11,7,1,1,2,0,0.38,0.14,0.52,0.33,0.47
,2526,Wolfsburg,Moritz Jenz,GER,DF,26,1999,22,20,1787,19.9,1,0,1,1,0,0,8,1,0.05,0.0,0.05,0.05,0.05
,2526,Wolfsburg,Patrick Wimmer,AUT,MF,24,2001,25,21,1621,18.0,4,3,7,4,0,0,4,0,0.22,0.17,0.39,0.22,0.39
,2526,Wolfsburg,Pharell Hensel,GER,MF,18,2007,5,1,69,0.8,0,0,0,0,0,0,0,0,0.0,0.0,0.0,0.0,0.0
,2526,Wolfsburg,Sael Kumbedi,FRA,"DF,MF",20,2005,24,20,1804,20.0,0,5,5,0,0,0,2,0,0.0,0.25,0.25,0.0,0.25
,2526,Wolfsburg,Vinicius Souza,BRA,MF,26,1999,24,22,1764,19.6,0,0,0,0,0,0,5,0,0.0,0.0,0.0,0.0,0.0
,2526,Wolfsburg,Václav Černý,CZE,"FW,MF",27,1997,2,0,47,0.5,0,0,0,0,0,0,0,0,0.0,0.0,0.0,0.0,0.0
,2526,Wolfsburg,Yannick Gerhardt,GER,MF,31,1994,19,12,1068,11.9,1,0,1,1,0,0,1,0,0.08,0.0,0.08,0.08,0.08
